Cycle_Number,SOH (%),Capacity_Remaining (Ah),Internal_Resistance (mΩ),SEI_Thickness (nm),Temperature (°C),Voltage (V),Heat_Dissipation (W),Stored_Thermal_Energy (J),Capacity_norm,Resistance_norm,Temp_norm,SEI_norm,Voltage_norm,Heat_norm,ThermalE_norm,CSI,Category
1,100.25,1.997,20.26,10.27,25.22,3.739,2.0383,0.341,0.9891035165923725,0.9535984848484846,0.8685751463890696,0.9856477889837083,0.9686528497409327,0.12847058823529456,0.8597304817502318,0.92,Reuse
2,99.85,1.991,19.79,9.97,24.42,3.672,1.9613,-0.873,0.9861317483902922,0.9981060606060607,0.9206245933636954,0.9972847168347556,0.9512953367875648,0.3096470588235296,0.9259643188389983,0.95,Reuse
3,100.16,2.011,20.36,10.26,25.28,3.659,2.0507,0.166,0.9960376423972264,0.9441287878787878,0.8646714378659726,0.9860356865787432,0.9479274611398963,0.09929411764705931,0.8692781930274429,0.92,Reuse
4,100.51,2.016,20.54,10.97,25.95,3.7,2.0725,1.363,0.9985141158989598,0.9270833333333334,0.8210800260247235,0.9584949573312646,0.9585492227979275,0.04800000000000093,0.8039718478913198,0.91,Reuse
5,99.55,1.991,20.29,10.51,25.24,3.691,1.9923,0.05,0.9861317483902922,0.9507575757575758,0.867273910214704,0.9763382467028705,0.9562176165803109,0.23670588235294165,0.8756069616454798,0.92,Reuse
6,99.46,1.99,20.76,10.52,25.26,3.677,2.0407,0.642,0.9856364536899455,0.9062499999999998,0.8659726740403382,0.9759503491078355,0.9525906735751296,0.12282352941176466,0.843308418353429,0.91,Reuse
7,100.29,2.019,20.0,9.9,24.18,3.735,2.04,-1.164,1.0,0.9782196969696969,0.9362394274560832,1.0,0.9676165803108808,0.12447058823529444,0.9418407987342463,0.94,Reuse
8,99.8,1.99,19.89,11.04,24.27,3.748,1.9747,-0.746,0.9856364536899455,0.9886363636363635,0.9303838646714379,0.9557796741660203,0.9709844559585493,0.278117647058824,0.9190354083692509,0.94,Reuse
9,99.1,1.987,19.77,11.07,23.2,3.704,1.936,-2.23,0.9841505695889053,1.0,1.0,0.9546159813809154,0.9595854922279794,0.36917647058823566,1.0,0.95,Reuse
10,99.52,1.988,20.78,11.91,27.96,3.774,2.063,3.67,0.984645864289252,0.9043560606060604,0.6903057905009758,0.922032583397983,0.9777202072538861,0.07035294117647062,0.6781057340826013,0.88,Reuse
11,98.93,1.976,20.56,10.76,23.5,3.643,2.0034,-1.908,0.9787023278850916,0.925189393939394,0.9804814573845152,0.9666408068269977,0.9437823834196891,0.21058823529411785,0.9824322112499319,0.93,Reuse
12,98.85,1.988,20.38,11.11,24.36,3.69,2.0153,-0.8,0.984645864289252,0.9422348484848485,0.9245283018867925,0.9530643910007759,0.955958549222798,0.18258823529411827,0.9219815592776475,0.92,Reuse
13,99.12,1.991,20.52,11.21,24.36,3.664,2.0486,-0.765,0.9861317483902922,0.9289772727272727,0.9245283018867925,0.9491854150504266,0.9492227979274612,0.10423529411764754,0.9200720170222052,0.92,Reuse
14,97.96,1.967,20.13,11.96,26.81,3.607,1.9565,1.97,0.9742446755819713,0.9659090909090909,0.7651268705270007,0.9200930954228084,0.9344559585492229,0.32094117647058873,0.7708549293469366,0.9,Reuse
15,97.97,1.972,21.23,11.2,25.06,3.696,2.0625,0.217,0.9767211490837048,0.8617424242424241,0.8789850357839948,0.9495733126454616,0.9575129533678757,0.07152941176470629,0.8664957171695128,0.9,Reuse
16,98.46,1.97,20.57,11.47,27.4,3.694,1.986,2.783,0.9757305596830114,0.9242424242424242,0.7267404033832141,0.939100077579519,0.9569948186528497,0.2515294117647062,0.7264989906705221,0.89,Reuse
17,98.16,1.97,20.6,11.72,24.56,3.776,1.977,-0.578,0.9757305596830114,0.9214015151515149,0.9115159401431361,0.9294026377036462,0.9782383419689119,0.27270588235294124,0.9098696055431283,0.92,Reuse
18,98.74,1.972,20.82,11.59,26.02,3.732,2.0159,1.023,0.9767211490837048,0.9005681818181818,0.8165256994144438,0.9344453064391001,0.9668393782383421,0.18117647058823616,0.8225216869441868,0.9,Reuse
19,98.04,1.964,20.78,11.36,24.38,3.649,2.0017,-1.256,0.972758791480931,0.9043560606060604,0.9232270657124269,0.9433669511249031,0.9453367875647669,0.21458823529411786,0.9468601669485515,0.91,Reuse
20,97.71,1.953,20.73,11.76,28.88,3.793,1.9668,4.623,0.9673105497771174,0.909090909090909,0.6304489264801563,0.9278510473235067,0.9826424870466322,0.29670588235294126,0.6261116263844182,0.87,Reuse
21,99.06,1.982,20.46,12.29,23.92,3.761,2.0087,-0.815,0.9816740960871718,0.9346590909090908,0.9531554977228366,0.9072924747866564,0.9743523316062177,0.1981176470588235,0.9227999345299798,0.92,Reuse
22,98.13,1.969,20.87,11.32,26.2,3.729,2.0232,1.595,0.9752352649826647,0.8958333333333331,0.8048145738451529,0.9449185415050427,0.9660621761658031,0.16400000000000015,0.7913143106552458,0.89,Reuse
23,98.19,1.956,21.33,11.98,26.72,3.689,2.0374,2.057,0.9687964338781574,0.8522727272727274,0.7709824333116461,0.9193173002327386,0.955699481865285,0.13058823529411834,0.7661083528834088,0.88,Reuse
24,97.36,1.968,21.2,11.65,26.42,3.652,2.047,1.652,0.974739970282318,0.8645833333333334,0.7905009759271306,0.9321179208688906,0.9461139896373058,0.1080000000000001,0.7882044846963828,0.88,Reuse
25,97.72,1.944,21.31,12.68,25.56,3.681,2.0159,0.671,0.9628528974739969,0.8541666666666667,0.8464541314248537,0.8921644685802949,0.9536269430051814,0.18117647058823616,0.8417262261989198,0.89,Reuse
26,97.97,1.947,20.71,11.41,25.67,3.754,1.9677,0.916,0.9643387815750372,0.9109848484848484,0.8392973324658424,0.9414274631497285,0.972538860103627,0.29458823529411793,0.8283594304108244,0.91,Reuse
27,97.25,1.957,20.6,11.97,25.97,3.794,1.9609,0.923,0.9692917285785042,0.9214015151515149,0.8197787898503579,0.9197051978277735,0.9829015544041452,0.3105882352941177,0.827977521959736,0.9,Reuse
28,97.93,1.967,20.9,12.52,25.71,3.777,2.0343,1.078,0.9742446755819713,0.8929924242424243,0.8366948601171111,0.8983708301008534,0.9784974093264249,0.1378823529411769,0.8195209776856348,0.89,Reuse
29,97.36,1.953,20.98,13.2,27.41,3.676,2.0007,3.038,0.9673105497771174,0.8854166666666665,0.7260897852960312,0.8719937936384795,0.9523316062176167,0.2169411764705882,0.7125866113808719,0.87,Reuse
30,97.43,1.955,21.33,12.47,29.32,3.644,2.0378,5.323,0.9683011391778108,0.8522727272727274,0.6018217306441118,0.9003103180760279,0.9440414507772021,0.12964705882353023,0.5879207812755742,0.85,Reuse
31,97.19,1.944,20.53,12.31,25.2,3.707,1.9457,0.324,0.9628528974739969,0.9280303030303029,0.8698763825634352,0.9065166795965864,0.9603626943005181,0.34635294117647086,0.8606579737028752,0.91,Reuse
32,98.33,1.958,21.53,13.61,24.01,3.612,2.0648,-1.182,0.9697870232788508,0.8333333333333331,0.9472999349381911,0.8560899922420482,0.9357512953367876,0.06611764705882406,0.9428228490370452,0.89,Reuse
33,97.32,1.947,21.05,12.03,25.97,3.716,2.0049,1.296,0.9643387815750372,0.8787878787878787,0.8197787898503579,0.917377812257564,0.9626943005181348,0.20705882352941185,0.8076272573517377,0.89,Reuse
34,96.71,1.927,21.01,11.73,30.0,3.693,1.9538,6.122,0.954432887568103,0.8825757575757573,0.5575797007156799,0.9290147401086113,0.9567357512953368,0.3272941176470592,0.5443286595013367,0.85,Reuse
35,97.57,1.961,20.86,13.14,24.96,3.677,1.9999,-0.117,0.971272907379891,0.896780303030303,0.885491216655823,0.8743211792086889,0.9525906735751296,0.21882352941176497,0.8847182061214469,0.9,Reuse
36,96.46,1.928,20.7,12.75,28.66,3.62,1.9272,4.276,0.9549281822684497,0.9119318181818182,0.6447625243981783,0.8894491854150505,0.9378238341968913,0.3898823529411767,0.6450433738883736,0.87,Reuse
37,97.09,1.934,21.48,12.57,28.75,3.726,1.9964,4.52,0.9578999504705299,0.8380681818181817,0.6389069616135328,0.8964313421256789,0.9652849740932643,0.2270588235294122,0.6317311364504338,0.85,Reuse
38,95.93,1.915,21.29,13.52,25.44,3.673,1.9535,0.833,0.9484893511639425,0.8560606060606061,0.8542615484710474,0.8595810705973623,0.9515544041450777,0.3280000000000003,0.8328877734737301,0.88,Reuse
39,96.16,1.927,20.91,13.37,27.15,3.642,1.9417,2.336,0.954432887568103,0.8920454545454545,0.7430058555627848,0.865399534522886,0.9435233160621762,0.3557647058823532,0.7508865731900267,0.88,Reuse
40,96.84,1.931,20.94,13.05,28.78,3.556,1.9506,4.238,0.9564140663694898,0.8892045454545453,0.6369551073519844,0.877812257564003,0.9212435233160622,0.3348235294117652,0.6471165911942822,0.86,Reuse
41,97.02,1.932,21.27,12.78,25.8,3.699,1.9837,0.991,0.9569093610698365,0.8579545454545454,0.8308392973324658,0.8882854926299457,0.9582901554404145,0.25694117647058856,0.8242675541491625,0.88,Reuse
42,96.66,1.936,21.9,13.94,26.09,3.789,2.0325,1.324,0.9588905398712233,0.7982954545454546,0.811971372804164,0.8432893716058961,0.9816062176165804,0.14211764705882346,0.806099623547384,0.86,Reuse
43,96.43,1.931,21.36,13.91,25.56,3.783,1.9854,0.708,0.9564140663694898,0.8494318181818181,0.8464541314248537,0.8444530643910008,0.9800518134715026,0.25294117647058845,0.8397075672431666,0.88,Reuse
44,96.25,1.92,21.02,13.62,24.94,3.677,1.9378,-0.018,0.950965824665676,0.8816287878787878,0.8867924528301886,0.8557020946470133,0.9525906735751296,0.36494117647058855,0.8793169294560532,0.89,Reuse
45,95.58,1.907,21.43,14.67,25.53,3.67,1.9494,0.587,0.9445269935611689,0.8428030303030303,0.8484059856864019,0.8149728471683476,0.9507772020725389,0.33764705882352963,0.846309127611981,0.87,Reuse
46,95.88,1.92,21.45,13.3,24.7,3.723,1.9664,-0.065,0.950965824665676,0.8409090909090909,0.9024072869225764,0.8681148176881304,0.9645077720207254,0.29764705882352993,0.8818811719133614,0.89,Reuse
47,95.92,1.904,20.76,13.15,26.62,3.65,1.8939,1.621,0.9430411094601286,0.9062499999999998,0.7774886141834743,0.873933281613654,0.9455958549222798,0.4682352941176474,0.789895793551203,0.89,Reuse
48,96.6,1.918,21.58,13.65,25.45,3.715,1.9761,0.368,0.9499752352649826,0.828598484848485,0.8536109303838647,0.8545384018619084,0.9624352331606217,0.27482352941176513,0.8582574062960336,0.88,Reuse
49,96.16,1.916,21.56,14.06,26.98,3.738,1.9887,2.36,0.9489846458642891,0.8304924242424243,0.7540663630448926,0.8386346004654771,0.9683937823834197,0.24517647058823577,0.749577172786295,0.86,Reuse
50,95.02,1.898,21.88,14.29,24.33,3.761,1.975,-1.129,0.9400693412580484,0.800189393939394,0.926480156148341,0.8297129557796742,0.9743523316062177,0.27741176470588247,0.939931256478804,0.88,Reuse
51,95.98,1.923,22.25,14.13,27.2,3.695,2.0504,2.6,0.9524517087667161,0.7651515151515151,0.7397527651268705,0.8359193173002327,0.9572538860103627,0.10000000000000098,0.736483168748977,0.84,Reuse
52,95.54,1.926,22.07,14.51,27.98,3.69,2.0638,3.913,0.9539375928677563,0.7821969696969696,0.6890045543266102,0.8211792086889061,0.955958549222798,0.0684705882352944,0.664848054994817,0.83,Reuse
53,95.31,1.915,21.69,13.79,23.78,3.656,1.9759,-1.465,0.9484893511639425,0.818181818181818,0.9622641509433961,0.8491078355314198,0.9471502590673576,0.27529411764705913,0.9582628621310492,0.89,Reuse
54,95.87,1.916,21.47,15.22,27.36,3.659,1.9792,2.879,0.9489846458642891,0.8390151515151516,0.7293428757319453,0.7936384794414275,0.9479274611398963,0.267529411764706,0.721261389055595,0.85,Reuse
55,96.0,1.92,22.61,14.54,28.67,3.689,2.0929,4.158,0.950965824665676,0.731060606060606,0.6441119063109952,0.8200155159038014,0.955699481865285,0.0,0.6514812592067216,0.81,Reuse
56,95.87,1.907,21.88,15.23,25.05,3.718,1.9836,-0.061,0.9445269935611689,0.800189393939394,0.8796356538711776,0.7932505818463925,0.9632124352331607,0.25717647058823556,0.8816629385127394,0.87,Reuse
57,94.9,1.898,21.9,14.92,29.41,3.746,1.9862,5.216,0.9400693412580484,0.7982954545454546,0.5959661678594665,0.8052754072924748,0.9704663212435234,0.2510588235294122,0.5937585247422118,0.82,Reuse
58,95.08,1.899,21.93,15.06,27.56,3.66,1.9736,3.011,0.9405646359583952,0.7954545454545454,0.716330513988289,0.799844840961986,0.9481865284974094,0.28070588235294147,0.7140596868350702,0.84,Reuse
59,95.32,1.91,22.03,15.2,25.91,3.775,2.0108,1.347,0.9460128776622089,0.7859848484848483,0.8236824983734548,0.7944142746314973,0.977979274611399,0.19317647058823528,0.8048447814938077,0.85,Reuse
60,95.55,1.903,21.96,15.22,26.92,3.686,1.9901,2.411,0.942545814759782,0.7926136363636362,0.7579700715679895,0.7936384794414275,0.9549222797927461,0.24188235294117688,0.746794696928365,0.85,Reuse
61,94.74,1.9,21.86,15.4,27.87,3.699,1.9718,3.223,0.9410599306587418,0.8020833333333333,0.6961613532856212,0.7866563227307991,0.9582901554404145,0.2849411764705886,0.702493316602106,0.84,Reuse
62,94.81,1.911,21.9,15.83,27.18,3.663,2.0087,2.666,0.9465081723625557,0.7982954545454546,0.7410540013012361,0.7699767261442979,0.9489637305699482,0.1981176470588235,0.7328823176387147,0.84,Reuse
63,94.26,1.884,22.09,15.35,27.91,3.579,1.9685,3.589,0.9331352154531946,0.7803030303030303,0.69355888093689,0.7885958107059736,0.9272020725388602,0.2927058823529417,0.6825249604451962,0.83,Reuse
64,94.13,1.887,21.97,15.69,25.75,3.744,1.9377,1.131,0.9346210995542347,0.7916666666666667,0.8340923877683799,0.7754072924747867,0.9699481865284975,0.36517647058823555,0.8166293851273938,0.86,Reuse
65,95.06,1.908,21.95,15.37,27.42,3.737,2.011,3.221,0.9450222882615155,0.7935606060606061,0.7254391672088483,0.7878200155159039,0.9681347150259068,0.19270588235294128,0.7026024333024169,0.84,Reuse
66,95.24,1.901,22.23,16.22,25.08,3.686,1.9916,-0.108,0.9415552253590886,0.7670454545454545,0.8776837996096292,0.7548487199379365,0.9549222797927461,0.23835294117647088,0.8842271809700475,0.86,Reuse
67,94.45,1.891,22.16,15.25,27.07,3.703,1.9914,2.318,0.9366022783556216,0.7736742424242423,0.7482108002602472,0.7924747866563228,0.9593264248704663,0.23882352941176488,0.7518686234928256,0.84,Reuse
68,94.9,1.898,22.72,16.57,25.91,3.726,2.0575,0.841,0.9400693412580484,0.7206439393939394,0.8236824983734548,0.7412723041117145,0.9652849740932643,0.08329411764705896,0.8324513066724862,0.83,Reuse
69,94.5,1.891,21.5,15.73,26.2,3.622,1.9113,1.389,0.9366022783556216,0.8361742424242424,0.8048145738451529,0.773855702094647,0.9383419689119171,0.42729411764705905,0.802553330787277,0.86,Reuse
70,93.91,1.87,22.66,15.12,29.19,3.674,1.9779,5.118,0.9262010896483408,0.7263257575757576,0.6102797657774885,0.7975174553917767,0.9518134715025907,0.270588235294118,0.5991052430574499,0.81,Reuse
71,94.33,1.887,22.74,15.98,29.0,3.74,2.0129,5.002,0.9346210995542347,0.71875,0.6226415094339622,0.7641582622187743,0.9689119170984457,0.18823529411764706,0.605434011675487,0.81,Reuse
72,94.83,1.902,21.78,15.66,28.31,3.637,1.9667,3.961,0.9420505200594352,0.8096590909090907,0.6675341574495772,0.7765709852598914,0.9422279792746114,0.2969411764705888,0.6622292541873533,0.83,Reuse
73,93.96,1.894,22.33,16.5,25.79,3.715,1.999,0.89,0.9380881624566616,0.7575757575757577,0.8314899154196487,0.7439875872769589,0.9624352331606217,0.2209411764705883,0.8297779475148671,0.84,Reuse
74,94.68,1.903,22.36,15.84,26.99,3.632,2.0321,2.421,0.942545814759782,0.7547348484848485,0.7534157449577099,0.769588828549263,0.9409326424870467,0.14305882352941268,0.74624911342681,0.83,Reuse
75,92.5,1.872,22.08,16.03,29.32,3.723,1.9465,5.017,0.9271916790490342,0.7812500000000001,0.6018217306441118,0.7622187742435996,0.9645077720207254,0.34447058823529464,0.6046156364231545,0.81,Reuse
76,94.14,1.875,22.3,15.39,27.75,3.698,1.9742,3.713,0.9286775631500742,0.7604166666666665,0.7039687703318152,0.787044220325834,0.9580310880829016,0.27929411764705925,0.6757597250259153,0.83,Reuse
77,93.69,1.883,22.23,16.19,31.05,3.619,1.9642,6.933,0.9326399207528479,0.7670454545454545,0.48926480156148333,0.7560124127230411,0.9375647668393783,0.30282352941176516,0.5000818375252332,0.79,Repurpose
78,93.41,1.87,23.13,15.29,28.19,3.758,2.0198,3.865,0.9262010896483408,0.6818181818181819,0.6753415744957709,0.7909231962761831,0.9735751295336788,0.17200000000000026,0.6674668558022805,0.81,Reuse
79,93.52,1.892,22.91,15.79,27.92,3.663,2.0346,3.91,0.9370975730559682,0.7026515151515151,0.6929082628497071,0.7715283165244375,0.9489637305699482,0.13717647058823523,0.6650117300452834,0.81,Reuse
80,92.4,1.84,23.05,17.05,27.2,3.659,1.9426,2.645,0.9113422486379396,0.6893939393939392,0.7397527651268705,0.7226532195500388,0.9479274611398963,0.3536470588235294,0.7340280429919799,0.81,Reuse
81,93.2,1.856,22.92,17.14,27.9,3.71,1.9824,3.442,0.9192669638434868,0.7017045454545452,0.6942094990240729,0.7191621411947247,0.961139896373057,0.26000000000000045,0.6905450379180533,0.81,Reuse
82,93.41,1.862,22.39,17.05,27.5,3.757,1.9575,2.934,0.9222387320455671,0.7518939393939392,0.7202342225113858,0.7226532195500388,0.9733160621761658,0.31858823529411784,0.718260679797043,0.82,Reuse
83,93.88,1.856,22.61,16.43,28.83,3.649,1.9356,4.559,0.9192669638434868,0.731060606060606,0.6337020169160703,0.7467028704422033,0.9453367875647669,0.3701176470588238,0.6296033607943696,0.81,Reuse
84,92.8,1.851,22.95,16.98,29.24,3.703,1.9591,5.357,0.9167904903417533,0.6988636363636364,0.6070266753415745,0.7253685027152832,0.9593264248704663,0.31482352941176484,0.5860657973702876,0.79,Repurpose
85,92.57,1.844,22.47,17.08,26.65,3.721,1.9093,1.543,0.9133234274393264,0.7443181818181819,0.7755367599219258,0.7214895267649342,0.9639896373056995,0.4320000000000003,0.7941513448633314,0.83,Reuse
86,92.64,1.854,23.08,16.59,25.87,3.735,1.9869,1.35,0.9182763744427934,0.6865530303030304,0.826284970722186,0.7404965089216446,0.9676165803108808,0.24941176470588244,0.8046811064433411,0.82,Reuse
87,93.27,1.869,22.83,18.0,25.15,3.709,1.9849,-0.11,0.925705794947994,0.7102272727272728,0.8731294729993494,0.6858029480217223,0.9608808290155441,0.25411764705882356,0.8843362976703585,0.83,Reuse
88,92.89,1.877,22.82,17.77,28.7,3.682,2.0133,4.381,0.9296681525507676,0.7111742424242423,0.642160052049447,0.6947245927075252,0.9538860103626943,0.18729411764705894,0.6393147471220471,0.8,Reuse
89,92.38,1.857,23.18,17.31,26.31,3.659,1.9937,1.488,0.9197622585438335,0.6770833333333333,0.7976577748861419,0.7125678820791312,0.9479274611398963,0.23341176470588265,0.7971520541218834,0.81,Reuse
90,92.82,1.851,23.13,17.51,24.77,3.704,1.9803,-0.157,0.9167904903417533,0.6818181818181819,0.8978529603122967,0.7048099301784329,0.9595854922279794,0.2649411764705887,0.8869005401276665,0.83,Reuse
91,92.52,1.841,22.93,17.69,28.62,3.646,1.949,4.02,0.9118375433382863,0.7007575757575757,0.6473649967469095,0.6978277734678044,0.944559585492228,0.33858823529411775,0.6590103115281793,0.8,Reuse
92,92.88,1.862,23.41,16.65,31.81,3.554,2.0305,8.26,0.9222387320455671,0.6553030303030303,0.4398178269355889,0.7381691233514354,0.9207253886010363,0.14682352941176513,0.4276829068688963,0.75,Repurpose
93,91.96,1.826,22.78,17.63,28.09,3.722,1.894,4.114,0.9044081228330857,0.7149621212121211,0.6818477553675992,0.700155159038014,0.9642487046632124,0.4680000000000004,0.6538818266135633,0.81,Reuse
94,92.06,1.86,23.32,17.49,29.39,3.745,2.0146,4.997,0.9212481426448736,0.6638257575757575,0.5972674040338322,0.7055857253685027,0.9702072538860104,0.18423529411764705,0.6057068034262644,0.78,Repurpose
95,91.94,1.851,23.34,17.42,28.29,3.582,1.998,3.985,0.9167904903417533,0.6619318181818181,0.6688353936239428,0.7083010085337471,0.927979274611399,0.2232941176470592,0.6609198537836216,0.79,Repurpose
96,91.33,1.822,23.11,17.86,28.05,3.65,1.9136,3.53,0.9024269440316989,0.6837121212121211,0.6844502277163305,0.691233514352211,0.9455958549222798,0.4218823529411767,0.6857439031043702,0.8,Reuse
97,92.12,1.825,23.33,18.98,29.61,3.731,1.9407,5.62,0.9039128281327389,0.662878787878788,0.58295380611581,0.6477889837083011,0.966580310880829,0.35811764705882354,0.5717169512793934,0.78,Repurpose
98,92.02,1.854,22.89,18.49,27.83,3.803,1.983,3.401,0.9182763744427934,0.7045454545454544,0.6987638256343527,0.6667959658650118,0.9852331606217617,0.2585882352941178,0.6927819302744285,0.8,Reuse
99,91.81,1.835,23.58,17.96,28.7,3.701,1.9904,4.313,0.9088657751362059,0.6392045454545455,0.642160052049447,0.6873545384018619,0.9588082901554404,0.24117647058823577,0.6430247149326205,0.78,Repurpose
100,91.61,1.844,23.28,18.62,28.82,3.664,1.9769,4.677,0.9133234274393264,0.6676136363636362,0.6343526350032531,0.6617532971295578,0.9492227979274612,0.27294117647058835,0.6231654754760216,0.78,Repurpose
101,90.93,1.803,23.21,19.12,27.36,3.691,1.8926,3.198,0.8930163447251114,0.6742424242424241,0.7293428757319453,0.6423584173778123,0.9562176165803109,0.47129411764705886,0.7038572753559933,0.8,Reuse
102,91.34,1.821,23.71,18.96,29.89,3.769,1.9624,5.827,0.9019316493313521,0.6268939393939392,0.5647364996746909,0.6485647788983708,0.9764248704663213,0.3070588235294123,0.5604233727972066,0.77,Repurpose
103,91.3,1.826,23.22,18.61,28.17,3.668,1.9476,3.949,0.9044081228330857,0.6732954545454546,0.6766428106701365,0.6621411947245928,0.950259067357513,0.34188235294117675,0.6628839543892193,0.79,Repurpose
104,90.99,1.82,23.04,18.34,27.33,3.66,1.9124,2.541,0.9014363546310055,0.6903409090909092,0.7312947299934939,0.6726144297905353,0.9481865284974094,0.42470588235294116,0.739702111408151,0.8,Reuse
105,91.22,1.82,23.03,19.1,29.3,3.676,1.9062,4.974,0.9014363546310055,0.6912878787878787,0.6031229668184774,0.6431342125678821,0.9523316062176167,0.4392941176470593,0.6069616454798407,0.78,Repurpose
106,91.42,1.835,23.72,19.03,27.19,3.652,2.0001,2.717,0.9088657751362059,0.6259469696969697,0.7404033832140533,0.6458494957331264,0.9461139896373058,0.21835294117647042,0.7300998417807846,0.78,Repurpose
107,92.08,1.831,23.18,19.36,28.61,3.706,1.9272,4.628,0.9068845963348191,0.6770833333333333,0.6480156148340924,0.6330488750969745,0.9601036269430052,0.3898823529411767,0.6258388346336407,0.79,Repurpose
108,91.14,1.821,24.13,19.32,28.59,3.781,1.9897,4.375,0.9019316493313521,0.5871212121212122,0.649316851008458,0.634600465477114,0.9795336787564768,0.242823529411765,0.6396420972229799,0.77,Repurpose
109,91.1,1.823,23.01,19.61,30.26,3.716,1.9001,6.252,0.9029222387320455,0.6931818181818179,0.5406636304489263,0.6233514352211017,0.9626943005181348,0.45364705882352985,0.5372360739811228,0.77,Repurpose
110,90.85,1.822,24.18,18.9,29.38,3.687,2.0081,5.254,0.9024269440316989,0.5823863636363635,0.597918022121015,0.6508921644685803,0.955181347150259,0.19952941176470573,0.5916853074363031,0.75,Repurpose
111,89.84,1.804,23.76,19.91,28.66,3.685,1.9507,4.145,0.8935116394254581,0.6221590909090906,0.6447625243981783,0.6117145073700543,0.9546632124352332,0.33458823529411763,0.652190517758743,0.77,Repurpose
112,90.71,1.803,23.7,19.43,29.96,3.622,1.9485,6.073,0.8930163447251114,0.6278409090909091,0.5601821730644111,0.6303335919317301,0.9383419689119171,0.3397647058823534,0.5470020186589557,0.76,Repurpose
113,90.67,1.798,23.6,20.45,30.85,3.744,1.9139,7.199,0.8905398712233779,0.6373106060606059,0.5022771633051397,0.5907680372381692,0.9699481865284975,0.4211764705882357,0.4855693163838726,0.75,Repurpose
114,91.78,1.848,23.92,19.16,29.64,3.696,2.0482,5.474,0.9153046062407132,0.6070075757575755,0.5810019518542615,0.6408068269976727,0.9575129533678757,0.10517647058823565,0.5796824704020951,0.76,Repurpose
115,90.37,1.811,23.82,20.45,28.85,3.691,1.9347,4.525,0.896978702327885,0.6164772727272726,0.6324007807417045,0.5907680372381692,0.9562176165803109,0.3722352941176471,0.6314583446996562,0.77,Repurpose
116,90.54,1.803,24.2,19.77,26.9,3.86,1.9616,2.332,0.8930163447251114,0.5804924242424242,0.7592713077423553,0.6171450737005431,1.0,0.3089411764705885,0.7511048065906487,0.78,Repurpose
117,90.28,1.821,23.93,19.42,27.3,3.715,1.9767,2.675,0.9019316493313521,0.606060606060606,0.7332465842550422,0.6307214895267649,0.9624352331606217,0.2734117647058829,0.7323912924873153,0.78,Repurpose
118,89.63,1.794,23.98,19.59,28.48,3.662,1.9227,4.157,0.888558692421991,0.6013257575757575,0.656473649967469,0.6241272304111715,0.9487046632124353,0.40047058823529413,0.6515358175568771,0.77,Repurpose
119,90.71,1.826,23.86,19.76,28.05,3.679,1.9868,4.083,0.9044081228330857,0.6126893939393939,0.6844502277163305,0.6175329712955779,0.9531088082901554,0.24964705882353,0.6555731354683834,0.77,Repurpose
120,90.43,1.809,23.98,20.21,28.72,3.757,1.9578,4.414,0.8959881129271916,0.6013257575757575,0.6408588158750814,0.600077579519007,0.9733160621761658,0.31788235294117684,0.6375143215669159,0.76,Repurpose
121,90.36,1.828,24.13,20.34,29.12,3.706,1.9953,4.87,0.9053987122337791,0.5871212121212122,0.6148340923877683,0.5950349107835532,0.9601036269430052,0.22964705882352954,0.6126357138960118,0.75,Repurpose
122,89.43,1.806,23.55,19.88,29.86,3.628,1.9283,5.704,0.8945022288261515,0.6420454545454544,0.5666883539362395,0.6128782001551591,0.9398963730569949,0.38729411764705934,0.5671340498663321,0.76,Repurpose
123,90.5,1.808,23.7,20.24,28.99,3.746,1.9247,4.942,0.8954928182268449,0.6278409090909091,0.6232921275211452,0.5989138867339023,0.9704663212435234,0.395764705882353,0.6087075126848164,0.77,Repurpose
124,89.01,1.79,24.36,21.4,29.86,3.667,1.9534,5.799,0.8865775136206042,0.5653409090909091,0.5666883539362395,0.5539177657098526,0.95,0.3282352941176473,0.5619510066015604,0.74,Repurpose
125,89.93,1.805,24.22,21.28,29.26,3.794,1.9932,4.986,0.8940069341258048,0.5785984848484849,0.6057254391672087,0.5585725368502715,0.9829015544041452,0.23458823529411776,0.6063069452779748,0.75,Repurpose
126,90.64,1.827,24.14,20.72,26.24,3.754,2.0047,1.748,0.9049034175334323,0.5861742424242422,0.8022121014964216,0.5802948021722266,0.972538860103627,0.20752941176470585,0.7829668830814557,0.78,Repurpose
127,88.97,1.77,24.24,20.6,27.82,3.678,1.8726,3.673,0.8766716196136701,0.5767045454545455,0.6994144437215355,0.5849495733126455,0.9528497409326425,0.5183529411764707,0.6779420590321348,0.77,Repurpose
128,89.1,1.789,24.37,20.73,29.05,3.764,1.9467,4.741,0.8860822189202575,0.5643939393939392,0.6193884189980481,0.5799069045771916,0.9751295336787564,0.3440000000000001,0.6196737410660702,0.75,Repurpose
129,89.35,1.798,24.14,21.06,27.49,3.703,1.9608,2.609,0.8905398712233779,0.5861742424242422,0.7208848405985687,0.5671062839410397,0.9593264248704663,0.3108235294117647,0.7359921435975776,0.77,Repurpose
130,88.96,1.762,24.1,20.32,30.23,3.743,1.8894,6.481,0.8727092620108964,0.589962121212121,0.5426154847104749,0.5958107059736231,0.9696891191709844,0.478823529411765,0.5247422117955153,0.75,Repurpose
131,88.36,1.755,24.43,20.79,31.66,3.724,1.8691,7.858,0.8692421991084694,0.5587121212121211,0.44957709824333114,0.5775795190069822,0.9647668393782384,0.5265882352941178,0.44961536363140386,0.73,Repurpose
132,89.08,1.761,24.11,20.17,31.23,3.658,1.8744,7.632,0.8722139673105497,0.5890151515151515,0.47755367599219256,0.6016291698991466,0.9476683937823834,0.5141176470588236,0.46194555076654487,0.74,Repurpose
133,88.43,1.766,24.56,21.28,29.11,3.668,1.9098,4.542,0.8746904408122833,0.5464015151515151,0.6154847104749512,0.5585725368502715,0.950259067357513,0.43082352941176505,0.6305308527470129,0.74,Repurpose
134,89.12,1.79,23.96,21.49,31.7,3.751,1.9168,8.222,0.8865775136206042,0.6032196969696968,0.4469746258945999,0.5504266873545385,0.971761658031088,0.4143529411764707,0.429756124174805,0.73,Repurpose
135,88.34,1.782,24.81,21.01,29.72,3.683,1.9954,5.425,0.8826151560178306,0.5227272727272727,0.575797007156799,0.5690457719162141,0.9541450777202073,0.22941176470588254,0.5823558295597142,0.73,Repurpose
136,89.49,1.79,24.68,22.12,29.03,3.68,1.9626,4.979,0.8865775136206042,0.5350378787878787,0.6206896551724137,0.525989138867339,0.9533678756476685,0.30658823529411816,0.6066888537290633,0.74,Repurpose
137,88.24,1.781,24.64,20.8,28.65,3.652,1.9568,4.379,0.8821198613174838,0.5388257575757573,0.6454131424853611,0.5771916214119472,0.9461139896373058,0.32023529411764706,0.639423863822358,0.74,Repurpose
138,88.38,1.754,24.89,20.77,29.15,3.721,1.9191,4.785,0.8687469044081227,0.5151515151515149,0.61288223812622,0.5783553141970521,0.9639896373056995,0.40894117647058836,0.6172731736592285,0.74,Repurpose
139,88.87,1.76,25.13,21.7,29.05,3.803,1.9579,4.78,0.871718672610203,0.49242424242424243,0.6193884189980481,0.5422808378588053,0.9852331606217617,0.3176470588235297,0.617545965410006,0.73,Repurpose
140,87.76,1.755,24.97,22.19,29.92,3.647,1.9231,6.044,0.8692421991084694,0.5075757575757576,0.5627846454131424,0.5232738557020946,0.9448186528497409,0.399529411764706,0.5485842108134651,0.72,Repurpose
141,88.41,1.772,24.15,22.59,29.94,3.701,1.8987,5.95,0.8776622090143635,0.5852272727272727,0.5614834092387767,0.5077579519006983,0.9588082901554404,0.4569411764705883,0.5537126957280812,0.74,Repurpose
142,88.86,1.777,24.35,21.6,29.74,3.771,1.9182,5.802,0.880138682516097,0.5662878787878786,0.5744957709824334,0.5461598138091543,0.9769430051813471,0.41105882352941225,0.561787331551094,0.74,Repurpose
143,87.32,1.726,24.58,22.46,30.42,3.696,1.8328,6.902,0.854878652798415,0.5445075757575758,0.5302537410540011,0.5128006206361521,0.9575129533678757,0.6120000000000001,0.5017731463800534,0.73,Repurpose
144,88.14,1.762,24.81,21.98,31.59,3.723,1.9217,7.59,0.8727092620108964,0.5227272727272727,0.4541314248536109,0.5314197051978278,0.9645077720207254,0.402823529411765,0.46423700147307545,0.71,Repurpose
145,88.09,1.749,24.99,22.0,31.26,3.647,1.9167,7.833,0.8662704309063893,0.5056818181818182,0.475601821730644,0.530643910007758,0.9448186528497409,0.4145882352941177,0.45097932238529104,0.71,Repurpose
146,88.27,1.772,24.65,22.61,27.64,3.721,1.9313,3.188,0.8776622090143635,0.5378787878787878,0.7111255692908263,0.5069821567106285,0.9639896373056995,0.3802352941176472,0.7044028588575482,0.75,Repurpose
147,87.17,1.747,24.96,22.58,26.07,3.691,1.9082,1.103,0.8652798415056959,0.5085227272727271,0.8132726089785296,0.5081458494957332,0.9562176165803109,0.43458823529411805,0.8181570189317475,0.76,Repurpose
148,87.05,1.732,24.71,21.55,31.33,3.749,1.8517,7.336,0.8578504210004952,0.5321969696969695,0.4710474951203645,0.548099301784329,0.9712435233160622,0.5675294117647063,0.4780948224125702,0.72,Repurpose
149,87.89,1.753,24.78,23.15,27.92,3.759,1.9143,3.462,0.868251609707776,0.5255681818181817,0.6929082628497071,0.4860356865787433,0.9738341968911917,0.4202352941176475,0.6894538709149436,0.74,Repurpose
150,87.69,1.743,24.58,23.19,29.66,3.829,1.8667,5.78,0.8632986627043091,0.5445075757575758,0.5797007156798959,0.48448409619860355,0.9919689119170986,0.5322352941176471,0.5629876152545148,0.73,Repurpose
151,87.58,1.751,24.76,22.27,28.28,3.729,1.8799,3.908,0.8672610203070826,0.527462121212121,0.6694860117111254,0.5201706749418153,0.9660621761658031,0.5011764705882357,0.6651208467455945,0.75,Repurpose
152,87.55,1.761,24.66,22.86,27.36,3.716,1.9235,3.139,0.8722139673105497,0.5369318181818181,0.7293428757319453,0.4972847168347557,0.9626943005181348,0.3985882352941179,0.7070762180151673,0.75,Repurpose
153,86.95,1.729,24.81,23.0,30.91,3.71,1.8453,6.804,0.8563645368994551,0.5227272727272727,0.49837345478204287,0.49185415050426695,0.961139896373057,0.5825882352941179,0.5071198646952916,0.72,Repurpose
154,87.32,1.752,25.45,22.96,31.27,3.682,1.9453,7.524,0.8677563150074293,0.46212121212121204,0.47495120364346133,0.4934057408844065,0.9538860103626943,0.347294117647059,0.4678378525833379,0.69,Repurpose
155,87.27,1.74,24.88,22.64,29.3,3.717,1.8776,4.912,0.8618127786032689,0.5160984848484849,0.6031229668184774,0.5058184639255237,0.9629533678756477,0.506588235294118,0.6103442631894812,0.73,Repurpose
156,86.68,1.726,25.99,22.66,26.31,3.685,1.9488,1.649,0.854878652798415,0.4109848484848485,0.7976577748861419,0.5050426687354539,0.9546632124352332,0.33905882352941186,0.7883681597468493,0.73,Repurpose
157,87.89,1.757,25.38,23.07,29.41,3.708,1.9368,5.474,0.8702327885091629,0.46875,0.5959661678594665,0.48913886733902256,0.9606217616580311,0.3672941176470589,0.5796824704020951,0.72,Repurpose
158,87.11,1.732,25.32,23.75,30.85,3.766,1.9301,6.941,0.8578504210004952,0.474431818181818,0.5022771633051397,0.46276183087664857,0.9756476683937824,0.38305882352941223,0.4996453707239894,0.7,Repurpose
159,86.19,1.718,25.04,23.52,28.08,3.65,1.8591,3.177,0.8509162951956414,0.5009469696969697,0.6824983734547821,0.4716834755624516,0.9455958549222798,0.5501176470588237,0.7050030007092586,0.73,Repurpose
160,87.03,1.729,25.54,23.15,30.61,3.757,1.9106,6.77,0.8563645368994551,0.45359848484848486,0.5178919973975277,0.4860356865787433,0.9733160621761658,0.42894117647058827,0.5089748486005783,0.7,Repurpose
161,86.13,1.742,25.19,23.8,30.34,3.766,1.9115,6.5,0.8628033680039623,0.486742424242424,0.5354586857514638,0.46082234290147406,0.9756476683937824,0.42682352941176493,0.523705603142561,0.71,Repurpose
162,86.93,1.739,25.44,22.08,31.27,3.694,1.9259,7.604,0.8613174839029223,0.46306818181818155,0.47495120364346133,0.5275407292474787,0.9569948186528497,0.39294117647058857,0.4634731845708986,0.7,Repurpose
163,87.03,1.734,26.2,24.16,30.61,3.594,1.974,6.982,0.8588410104011887,0.39109848484848475,0.5178919973975277,0.44685802948021724,0.9310880829015544,0.27976470588235325,0.49740847836761415,0.68,Repurpose
164,85.96,1.721,25.44,22.8,29.01,3.67,1.8908,4.594,0.8524021792966815,0.46306818181818155,0.6219908913467793,0.4996121024049651,0.9507772020725389,0.475529411764706,0.6276938185389274,0.72,Repurpose
165,86.77,1.734,25.84,23.57,32.29,3.765,1.9489,8.89,0.8588410104011887,0.4251893939393938,0.40858815875081334,0.469743987587277,0.9753886010362695,0.33882352941176475,0.3933111462709368,0.67,Repurpose
166,86.41,1.726,25.32,23.27,30.3,3.699,1.8868,6.593,0.854878652798415,0.474431818181818,0.5380611581001951,0.4813809154383243,0.9582901554404145,0.4849411764705883,0.5186316765781003,0.71,Repurpose
167,86.53,1.737,25.56,23.27,30.53,3.65,1.9252,6.275,0.8603268945022288,0.4517045454545454,0.5230969420949901,0.4813809154383243,0.9455958549222798,0.3945882352941178,0.5359812319275465,0.7,Repurpose
168,86.99,1.747,26.13,24.58,29.2,3.675,1.9929,5.104,0.8652798415056959,0.3977272727272727,0.6096291476903057,0.43056633048875104,0.9520725388601036,0.23529411764705943,0.5998690599596268,0.69,Repurpose
169,85.83,1.711,25.45,23.85,29.97,3.742,1.861,5.861,0.8474492322932144,0.46212121212121204,0.5595315549772284,0.45888285492629943,0.9694300518134715,0.5456470588235296,0.55856838889192,0.71,Repurpose
170,85.49,1.704,26.21,24.34,29.34,3.727,1.9142,5.191,0.8439821693907874,0.3901515151515149,0.6005204944697462,0.43987587276958884,0.9655440414507772,0.4204705882352946,0.5951224834960991,0.69,Repurpose
171,85.34,1.704,25.91,24.23,30.44,3.688,1.8871,6.598,0.8439821693907874,0.41856060606060597,0.5289525048796355,0.44414274631497286,0.9554404145077721,0.4842352941176472,0.5183588848273228,0.69,Repurpose
172,85.29,1.683,25.56,24.57,33.3,3.682,1.7806,9.864,0.8335809806835066,0.4517045454545454,0.34287573194534826,0.4309542280837859,0.9538860103626943,0.7348235294117649,0.34017131321948824,0.67,Repurpose
173,85.58,1.696,25.96,24.46,28.71,3.68,1.8741,4.315,0.8400198117880138,0.41382575757575735,0.641509433962264,0.43522110162916994,0.9533678756476685,0.5148235294117647,0.6429155982323095,0.7,Repurpose
174,85.71,1.728,26.09,23.86,28.38,3.654,1.9492,4.062,0.8558692421991084,0.4015151515151514,0.6629798308392973,0.45849495733126455,0.9466321243523316,0.33811764705882374,0.6567188608216488,0.7,Repurpose
175,85.59,1.728,26.02,25.08,33.04,3.781,1.9427,9.431,0.8558692421991084,0.40814393939393934,0.3597918022121015,0.41117145073700556,0.9795336787564768,0.3534117647058824,0.36379507883681605,0.66,Repurpose
176,85.78,1.713,25.4,24.42,30.55,3.684,1.8594,6.446,0.8484398216939079,0.46685606060606066,0.5217957059206245,0.43677269200930946,0.9544041450777203,0.5494117647058827,0.5266517540509574,0.7,Repurpose
177,85.29,1.712,25.68,23.97,29.9,3.761,1.8921,6.012,0.847944526993561,0.44034090909090906,0.5640858815875083,0.45422808378588064,0.9743523316062177,0.47247058823529453,0.5503300780184408,0.7,Repurpose
178,85.93,1.722,25.86,24.62,32.49,3.776,1.9257,8.762,0.8528974739970282,0.4232954545454545,0.3955757970071566,0.4290147401086113,0.9782383419689119,0.3934117647058827,0.40029461509083963,0.67,Repurpose
179,84.98,1.73,25.94,25.67,30.06,3.75,1.9346,6.203,0.8568598315998018,0.4157196969696967,0.553675992192583,0.3882854926299457,0.9715025906735751,0.3724705882352941,0.539909433138742,0.68,Repurpose
180,86.39,1.739,26.19,25.43,33.74,3.678,1.984,10.579,0.8613174839029223,0.39204545454545436,0.3142485361093037,0.39759503491078363,0.9528497409326425,0.25623529411764745,0.30116209285831197,0.64,Repurpose
181,85.26,1.704,26.09,24.91,32.05,3.72,1.8839,8.115,0.8439821693907874,0.4015151515151514,0.4242029928432012,0.417765709852599,0.9637305699481866,0.4917647058823533,0.4355938676414425,0.67,Repurpose
182,84.44,1.679,25.67,24.99,30.33,3.699,1.7955,6.266,0.8315998018821198,0.44128787878787856,0.5361093038386469,0.4146625290923197,0.9582901554404145,0.6997647058823527,0.536472257078946,0.7,Repurpose
183,84.25,1.669,26.21,25.09,34.34,3.655,1.819,11.442,0.8266468548786527,0.3901515151515149,0.2752114508783342,0.41078355314197057,0.9468911917098446,0.6444705882352944,0.254078236674123,0.64,Repurpose
184,84.94,1.701,26.32,26.37,30.22,3.716,1.9119,6.073,0.8424962852897474,0.3797348484848484,0.5432661027976579,0.36113266097750196,0.9626943005181348,0.4258823529411768,0.5470020186589557,0.67,Repurpose
185,84.5,1.683,26.33,25.61,32.28,3.641,1.8733,8.643,0.8335809806835066,0.3787878787878788,0.40923877683799603,0.3906128782001552,0.9432642487046633,0.5167058823529413,0.40678705875934307,0.66,Repurpose
186,84.89,1.684,26.52,25.72,31.65,3.759,1.8846,8.071,0.8340762753838533,0.3607954545454545,0.45022771633051406,0.3863460046547712,0.9738341968911917,0.49011764705882355,0.43799443504828417,0.66,Repurpose
187,84.68,1.687,26.48,26.1,33.19,3.677,1.892,9.98,0.8355621594848935,0.36458333333333315,0.35003253090435926,0.3716058960434444,0.9525906735751296,0.47270588235294164,0.33384254460145124,0.64,Repurpose
188,84.33,1.676,26.4,25.79,33.61,3.71,1.8588,10.28,0.8301139177810797,0.37215909090909094,0.32270657124268054,0.3836307214895268,0.961139896373057,0.5508235294117648,0.31747503955480394,0.64,Repurpose
189,83.86,1.694,26.28,25.62,31.35,3.714,1.8789,7.498,0.8390292223873204,0.38352272727272707,0.46974625894599864,0.39022498060512023,0.9621761658031088,0.503529411764706,0.4692563696873807,0.67,Repurpose
190,83.44,1.678,25.84,25.74,30.2,3.687,1.8221,6.528,0.8311045071817731,0.4251893939393938,0.5445673389720235,0.38557020946470144,0.955181347150259,0.6371764705882352,0.5221779693382073,0.69,Repurpose
191,83.89,1.678,26.5,25.88,32.06,3.729,1.8725,8.816,0.8311045071817731,0.3626893939393938,0.42355237475601804,0.38013964313421267,0.9660621761658031,0.5185882352941177,0.3973484641824431,0.65,Repurpose
192,84.46,1.704,26.46,25.98,30.38,3.676,1.9284,6.656,0.8439821693907874,0.3664772727272725,0.5328562134027326,0.37626066718386353,0.9523316062176167,0.38705882352941223,0.5151945005183044,0.67,Repurpose
193,84.05,1.682,26.51,26.45,34.45,3.744,1.8869,11.361,0.8330856859831599,0.361742424242424,0.2680546519193232,0.3580294802172228,0.9699481865284975,0.4847058823529413,0.2584974630367177,0.63,Repurpose
194,83.24,1.656,26.08,26.19,31.67,3.633,1.7957,7.844,0.8202080237741455,0.4024621212121212,0.4489264801561482,0.36811481768813037,0.9411917098445596,0.6992941176470586,0.4503791805335807,0.67,Repurpose
195,83.87,1.693,26.18,26.62,30.95,3.706,1.8782,6.976,0.8385339276869738,0.3929924242424242,0.49577098243331164,0.3514352211016293,0.9601036269430052,0.5051764705882352,0.49773582846854714,0.67,Repurpose
196,83.89,1.683,26.85,26.29,31.81,3.797,1.9123,8.277,0.8335809806835066,0.32954545454545425,0.4398178269355889,0.36423584173778123,0.983678756476684,0.42494117647058816,0.426755414916253,0.65,Repurpose
197,83.17,1.653,26.55,26.46,29.55,3.65,1.8138,5.539,0.8187221396731055,0.3579545454545453,0.5868575146389069,0.3576415826221877,0.9455958549222798,0.656705882352941,0.5761361776419881,0.68,Repurpose
198,83.61,1.67,26.8,25.5,30.14,3.666,1.8605,6.451,0.8271421495789995,0.33428030303030287,0.5484710474951203,0.39487975174553924,0.949740932642487,0.5468235294117647,0.5263789623001801,0.67,Repurpose
199,83.47,1.661,26.64,27.04,33.43,3.726,1.8353,10.251,0.8226844972758791,0.349431818181818,0.3344176968119714,0.33514352211016296,0.9652849740932643,0.6061176470588239,0.3190572317093131,0.64,Repurpose
200,82.79,1.642,26.68,26.84,30.68,3.709,1.7905,6.517,0.8132738979692916,0.34564393939393934,0.5133376707872479,0.34290147401086124,0.9608808290155441,0.711529411764706,0.5227781111899177,0.66,Repurpose
201,83.46,1.678,26.98,27.25,30.13,3.718,1.8934,6.366,0.8311045071817731,0.3172348484848483,0.5491216655823032,0.3269976726144298,0.9632124352331607,0.46941176470588264,0.5310164220633968,0.66,Repurpose
202,83.47,1.689,26.58,25.39,32.54,3.724,1.8931,8.846,0.836552748885587,0.35511363636363635,0.3923227065712427,0.39914662529092326,0.9647668393782384,0.47011764705882375,0.39571171367777835,0.65,Repurpose
203,83.65,1.659,26.8,27.96,33.55,3.732,1.8359,10.177,0.8216939078751857,0.33428030303030287,0.3266102797657777,0.29945694336695106,0.9668393782383421,0.6047058823529411,0.3230945496208195,0.63,Repurpose
204,83.55,1.677,26.66,26.93,32.88,3.755,1.8708,9.504,0.8306092124814264,0.3475378787878787,0.37020169160702654,0.33941039565554687,0.9727979274611399,0.5225882352941178,0.3598123192754651,0.64,Repurpose
205,82.25,1.639,26.7,27.64,33.33,3.72,1.7735,10.392,0.8117880138682516,0.34375,0.3409238776837997,0.31186966640806824,0.9637305699481866,0.7515294117647058,0.3113645043373888,0.63,Repurpose
206,82.39,1.643,26.77,26.65,30.73,3.688,1.8089,7.5,0.8137691926696384,0.33712121212121204,0.5100845803513337,0.3502715283165244,0.9554404145077721,0.6682352941176473,0.4691472529870697,0.66,Repurpose
207,83.03,1.655,26.97,27.56,29.77,3.734,1.846,5.842,0.8197127290737989,0.3181818181818181,0.5725439167208848,0.3149728471683477,0.9673575129533679,0.5809411764705881,0.5596049975448742,0.66,Repurpose
208,82.95,1.65,26.79,26.81,34.19,3.795,1.816,10.986,0.8172362555720653,0.3352272727272727,0.2849707221860769,0.344065166795966,0.9831606217616581,0.6515294117647058,0.278956844345027,0.63,Repurpose
209,82.87,1.658,27.34,27.1,31.48,3.693,1.8853,7.886,0.8211986131748389,0.2831439393939392,0.4612882238126219,0.33281613653995334,0.9567357512953368,0.4884705882352943,0.44808772982705003,0.64,Repurpose
210,84.45,1.681,26.73,28.46,31.62,3.651,1.8972,8.126,0.8325903912828132,0.3409090909090907,0.4521795705920624,0.2800620636152056,0.9458549222797927,0.4604705882352943,0.43499372578973217,0.64,Repurpose
211,82.73,1.657,26.98,27.49,34.03,3.755,1.8362,10.767,0.8207033184744923,0.3172348484848483,0.29538061158100193,0.3176881303335921,0.9727979274611399,0.604,0.29090512302907967,0.62,Repurpose
212,82.93,1.658,26.93,27.78,32.9,3.694,1.8435,9.84,0.8211986131748389,0.3219696969696969,0.36890045543266115,0.30643910007757946,0.9569948186528497,0.586823529411765,0.3414807136232201,0.63,Repurpose
213,82.75,1.653,27.53,28.19,32.78,3.591,1.8723,9.387,0.8187221396731055,0.2651515151515149,0.37670787247885484,0.29053529868114825,0.9303108808290156,0.5190588235294118,0.3661956462436575,0.61,Repurpose
214,82.52,1.641,27.19,28.08,35.38,3.742,1.8218,12.557,0.812778603268945,0.29734848484848464,0.2075471698113206,0.29480217222653227,0.9694300518134715,0.6378823529411763,0.19324567625075018,0.6,Repurpose
215,81.95,1.633,27.48,27.99,31.2,3.673,1.8406,7.575,0.8088162456661713,0.2698863636363634,0.4795055302537411,0.2982932505818465,0.9515544041450777,0.5936470588235294,0.46505537672540787,0.63,Repurpose
216,82.4,1.656,26.75,28.18,33.59,3.695,1.8314,10.394,0.8202080237741455,0.3390151515151514,0.32400780741704593,0.2909231962761831,0.9572538860103627,0.6152941176470591,0.31125538763707783,0.62,Repurpose
217,81.55,1.636,27.31,29.29,32.32,3.717,1.8251,8.95,0.8103021297672114,0.2859848484848485,0.4066363044892648,0.24786656322730805,0.9629533678756477,0.6301176470588237,0.39003764526160734,0.62,Repurpose
218,81.74,1.625,27.53,28.14,32.67,3.71,1.7976,9.08,0.8048538880633976,0.2651515151515149,0.38386467143786585,0.29247478665632265,0.961139896373057,0.6948235294117646,0.38294505974139337,0.62,Repurpose
219,81.53,1.632,27.32,28.35,34.59,3.735,1.8249,11.4,0.8083209509658246,0.2850378787878787,0.25894599869876356,0.2843289371605895,0.9676165803108808,0.6305882352941179,0.2563696873806536,0.6,Repurpose
220,81.73,1.642,27.65,28.86,33.1,3.678,1.8518,9.494,0.8132738979692916,0.2537878787878788,0.3558880936890044,0.26454615981380913,0.9528497409326425,0.5672941176470592,0.36035790277702007,0.61,Repurpose
221,82.76,1.639,27.21,28.97,33.17,3.726,1.8271,9.897,0.8117880138682516,0.2954545454545453,0.35133376707872466,0.2602792862684251,0.9652849740932643,0.6254117647058826,0.33837088766435697,0.62,Repurpose
222,80.59,1.617,27.82,29.09,34.01,3.687,1.8219,10.966,0.800891530460624,0.2376893939393938,0.29668184775536777,0.2556245151280063,0.955181347150259,0.6376470588235293,0.28004801134813684,0.59,Repurpose
223,81.78,1.629,28.12,28.9,31.89,3.737,1.8793,8.355,0.8068350668647845,0.20928030303030276,0.4346128822381262,0.2629945694336695,0.9681347150259068,0.5025882352941179,0.4224998636041246,0.61,Repurpose
224,80.55,1.617,27.36,28.1,31.21,3.731,1.7745,7.784,0.800891530460624,0.2812499999999999,0.4788549121665582,0.2940263770364623,0.966580310880829,0.7491764705882353,0.45365268154291016,0.64,Repurpose
225,81.03,1.613,27.37,29.57,30.93,3.653,1.75,7.118,0.7989103516592372,0.28030303030303005,0.49707221860767725,0.2370054305663305,0.9463730569948187,0.8068235294117647,0.4899885427464673,0.64,Repurpose
226,81.73,1.617,27.97,28.26,29.58,3.754,1.8292,5.634,0.800891530460624,0.2234848484848485,0.5849056603773586,0.28782001551590386,0.972538860103627,0.6204705882352943,0.5709531343772164,0.64,Repurpose
227,81.14,1.606,28.04,29.07,35.65,3.673,1.8271,12.563,0.7954432887568103,0.21685606060606055,0.18998048145738466,0.256400310318076,0.9515544041450777,0.6254117647058826,0.1929183261498172,0.58,Repurpose
228,80.48,1.61,27.44,28.62,30.95,3.74,1.791,7.057,0.7974244675581971,0.2736742424242422,0.49577098243331164,0.27385570209464705,0.9689119170984457,0.7103529411764709,0.4933166021059523,0.64,Repurpose
229,80.58,1.614,27.51,29.05,32.3,3.718,1.7939,8.901,0.799405646359584,0.26704545454545425,0.40793754066363064,0.25717610550814596,0.9632124352331607,0.7035294117647057,0.39271100441922635,0.62,Repurpose
230,81.19,1.615,27.58,29.33,32.25,3.792,1.7932,8.872,0.7999009410599306,0.26041666666666674,0.41119063109954457,0.2463149728471684,0.9823834196891191,0.7051764705882355,0.3942931965737356,0.62,Repurpose
231,80.4,1.614,27.3,29.41,33.16,3.689,1.7868,9.735,0.799405646359584,0.286931818181818,0.3519843851659078,0.24321179208688914,0.955699481865285,0.7202352941176472,0.34720934038954665,0.61,Repurpose
232,80.79,1.599,27.46,29.54,33.96,3.683,1.7459,10.734,0.7919762258543833,0.27178030303030287,0.2999349381912817,0.23816912335143525,0.9541450777202073,0.8164705882352941,0.29270554858421083,0.61,Repurpose
233,80.62,1.612,27.47,30.22,34.06,3.699,1.7887,10.565,0.7984150569588906,0.27083333333333326,0.2934287573194533,0.21179208688906126,0.9582901554404145,0.7157647058823531,0.30192590976048883,0.6,Repurpose
234,80.19,1.592,27.57,29.73,31.93,3.685,1.7513,8.239,0.7885091629519564,0.26136363636363624,0.432010409889395,0.23079906904577197,0.9546632124352332,0.8037647058823527,0.4288286322221616,0.62,Repurpose
235,81.51,1.624,27.82,29.46,32.58,3.74,1.8442,9.277,0.804358593363051,0.2376893939393938,0.38972023422251145,0.2412723041117144,0.9689119170984457,0.5851764705882352,0.37219706476076164,0.61,Repurpose
236,80.67,1.614,27.94,30.15,33.29,3.619,1.8466,10.064,0.799405646359584,0.22632575757575735,0.34352635003253096,0.21450737005430565,0.9375647668393783,0.579529411764706,0.32925964318838996,0.59,Repurpose
237,79.25,1.576,28.37,30.34,32.53,3.647,1.7663,9.132,0.7805844477464091,0.18560606060606033,0.3929733246584254,0.20713731574864247,0.9448186528497409,0.7684705882352941,0.3801080255333079,0.59,Repurpose
238,80.28,1.602,27.63,29.22,35.34,3.647,1.7672,12.423,0.7934621099554234,0.2556818181818181,0.21014964216005183,0.25058184639255243,0.9448186528497409,0.7663529411764703,0.20055649517158602,0.59,Repurpose
239,79.77,1.605,28.26,30.22,33.7,3.748,1.8209,10.445,0.7949479940564635,0.19602272727272696,0.31685100845803493,0.21179208688906126,0.9709844559585493,0.6400000000000001,0.3084729117791478,0.59,Repurpose
240,80.44,1.603,27.94,30.35,34.1,3.786,1.7771,10.791,0.7939574046557701,0.22632575757575735,0.29082628497072205,0.20674941815360737,0.9808290155440414,0.743058823529412,0.28959572262534783,0.59,Repurpose
241,79.54,1.599,28.02,29.93,34.03,3.695,1.7842,10.973,0.7919762258543833,0.2187499999999999,0.29538061158100193,0.2230411171450737,0.9572538860103627,0.7263529411764706,0.2796661028970484,0.59,Repurpose
242,79.79,1.585,28.27,30.85,34.83,3.692,1.7703,11.876,0.7850421000495295,0.19507575757575746,0.24333116460637616,0.18735453840186178,0.9564766839378239,0.7590588235294118,0.23039991270663973,0.57,Repurpose
243,80.02,1.606,27.76,30.17,33.37,3.704,1.7842,10.144,0.7954432887568103,0.24337121212121182,0.3383214053350685,0.21373157486423577,0.9595854922279794,0.7263529411764706,0.3248949751759507,0.6,Repurpose
244,80.12,1.617,28.25,30.4,31.19,3.758,1.8474,7.32,0.800891530460624,0.1969696969696968,0.4801561483409238,0.20480993017843296,0.9735751295336788,0.5776470588235296,0.47896775601505803,0.61,Repurpose
245,79.0,1.555,28.22,30.33,33.77,3.654,1.698,10.089,0.7701832590391282,0.19981060606060608,0.31229668184775516,0.20752521334367735,0.9466321243523316,0.9291764705882353,0.3278956844345027,0.59,Repurpose
246,79.35,1.579,28.35,30.51,32.22,3.712,1.7781,8.887,0.7820703318474491,0.18749999999999978,0.4131424853610931,0.20054305663304894,0.961658031088083,0.7407058823529411,0.3934748213214032,0.6,Repurpose
247,79.19,1.59,28.32,30.04,32.44,3.749,1.7891,8.833,0.787518573551263,0.19034090909090895,0.3988288874430711,0.21877424359968967,0.9712435233160622,0.714823529411765,0.3964209722297998,0.6,Repurpose
248,79.02,1.578,29.0,29.95,34.15,3.725,1.8063,10.803,0.7815750371471025,0.1259469696969695,0.2875731945348081,0.22226532195500404,0.9650259067357514,0.6743529411764706,0.28894102242348185,0.57,Repurpose
249,80.15,1.607,28.11,31.55,35.16,3.709,1.8107,12.328,0.795938583457157,0.2102272727272726,0.22186076772934316,0.16020170674941825,0.9608808290155441,0.6640000000000001,0.20573953843635773,0.57,Repurpose
250,79.38,1.582,28.17,30.41,33.37,3.75,1.7635,9.96,0.7835562159484893,0.20454545454545425,0.3383214053350685,0.20442203258339808,0.9715025906735751,0.7750588235294116,0.334933711604561,0.59,Repurpose
251,78.47,1.57,28.18,30.42,33.83,3.565,1.7452,10.808,0.7776126795443289,0.20359848484848475,0.30839297332465854,0.20403413498836298,0.9235751295336788,0.8181176470588233,0.2886682306727044,0.58,Repurpose
252,79.47,1.588,28.23,29.92,35.95,3.734,1.771,13.267,0.7865279841505696,0.19886363636363613,0.17046193884189964,0.22342901474010857,0.9673575129533679,0.7574117647058826,0.15450924764035134,0.57,Repurpose
253,79.99,1.611,28.24,30.76,33.79,3.667,1.827,10.69,0.7979197622585438,0.19791666666666663,0.31099544567338977,0.19084561675717615,0.95,0.6256470588235297,0.2951061159910524,0.58,Repurpose
254,79.36,1.59,28.82,30.51,37.37,3.608,1.8182,14.57,0.787518573551263,0.1429924242424241,0.07807417046193899,0.20054305663304894,0.9347150259067358,0.6463529411764706,0.08341971738774623,0.54,Recycle
255,78.0,1.563,28.93,32.07,34.35,3.726,1.7542,11.46,0.7741456166419018,0.13257575757575746,0.2745608327911515,0.1400310318076028,0.9652849740932643,0.7969411764705883,0.25309618637132414,0.56,Repurpose
256,78.44,1.565,28.36,31.84,30.89,3.769,1.7276,7.123,0.7751362060425953,0.18655303030303017,0.4996746909564085,0.14895267649340582,0.9764248704663213,0.8595294117647058,0.48971575099568987,0.61,Repurpose
257,79.23,1.58,28.32,31.07,34.7,3.693,1.7618,11.562,0.7825656265477959,0.19034090909090895,0.25178919973975256,0.17882079131109385,0.9567357512953368,0.7790588235294117,0.247531234655464,0.57,Repurpose
258,78.16,1.559,28.74,32.63,34.17,3.748,1.7548,11.035,0.772164437840515,0.15056818181818177,0.2862719583604423,0.1183087664856477,0.9709844559585493,0.795529411764706,0.276283485187408,0.56,Repurpose
259,78.65,1.577,28.47,32.07,35.57,3.781,1.7724,12.326,0.7810797424467557,0.17613636363636365,0.19518542615484713,0.1400310318076028,0.9795336787564768,0.7541176470588236,0.2058486551366686,0.56,Repurpose
260,78.73,1.57,28.86,31.5,34.68,3.766,1.7811,11.693,0.7776126795443289,0.13920454545454541,0.2530904359141184,0.16214119472459265,0.9756476683937824,0.7336470588235297,0.2403840907850947,0.56,Repurpose
261,77.8,1.559,28.76,30.5,33.49,3.782,1.7557,9.985,0.772164437840515,0.1486742424242421,0.33051398828887435,0.2009309542280837,0.9797927461139897,0.7934117647058823,0.3335697528506738,0.58,Repurpose
262,78.15,1.584,28.28,32.98,31.9,3.737,1.7718,8.006,0.7845468053491828,0.19412878787878762,0.4339622641509435,0.10473235065942599,0.9681347150259068,0.7555294117647058,0.44154072780839104,0.59,Repurpose
263,76.47,1.538,29.23,31.22,33.45,3.704,1.7329,9.839,0.7617632491332342,0.10416666666666652,0.3331164606376056,0.1730023273855702,0.9595854922279794,0.8470588235294114,0.3415352719733755,0.57,Repurpose
264,77.5,1.547,29.34,31.18,32.52,3.62,1.7536,9.252,0.7662209014363546,0.09374999999999989,0.3936239427456081,0.17455391776570983,0.9378238341968913,0.7983529411764705,0.3735610235146489,0.57,Repurpose
265,77.8,1.568,28.65,32.59,32.96,3.688,1.7636,9.429,0.7766220901436355,0.15909090909090906,0.3649967469095641,0.11986035686578733,0.9554404145077721,0.7748235294117646,0.36390419553712694,0.57,Repurpose
266,77.22,1.54,28.75,33.39,34.75,3.658,1.6994,12.006,0.7627538385339276,0.14962121212121193,0.24853610930383863,0.08882854926299455,0.9476683937823834,0.9258823529411764,0.22330732718642587,0.55,Repurpose
267,78.58,1.551,28.99,32.94,36.4,3.809,1.7191,13.579,0.7682020802377414,0.12689393939393945,0.14118412491867283,0.10628394103956562,0.9867875647668395,0.8795294117647057,0.13748704239183807,0.54,Recycle
268,76.96,1.529,29.03,32.62,34.53,3.691,1.6958,11.089,0.7573055968301138,0.12310606060606033,0.26284970722186074,0.1186966640806828,0.9562176165803109,0.9343529411764705,0.2733373342790114,0.56,Repurpose
269,77.37,1.529,29.16,32.71,32.17,3.706,1.7182,8.384,0.7573055968301138,0.11079545454545436,0.41639557579700703,0.11520558572536843,0.9601036269430052,0.8816470588235295,0.42091767144961534,0.58,Repurpose
270,77.57,1.548,29.6,32.93,34.67,3.728,1.7826,11.847,0.7667161961367013,0.06912878787878762,0.2537410540013011,0.1066718386346005,0.9658031088082902,0.7301176470588236,0.231982104861149,0.54,Recycle
271,78.15,1.563,28.98,32.96,35.83,3.702,1.7798,12.963,0.7741456166419018,0.12784090909090895,0.17826935588809378,0.10550814584949564,0.9590673575129534,0.7367058823529411,0.17109498608762075,0.54,Recycle
272,76.62,1.549,28.83,32.81,33.15,3.785,1.7421,9.673,0.767211490837048,0.14204545454545459,0.3526350032530905,0.11132660977501929,0.9805699481865285,0.8254117647058824,0.3505919580991871,0.57,Repurpose
273,77.84,1.56,28.69,32.8,33.9,3.669,1.7463,10.711,0.7726597325408618,0.15530303030303005,0.30383864671437877,0.1117145073700544,0.950518134715026,0.815529411764706,0.2939603906377871,0.56,Repurpose
274,77.18,1.541,28.91,32.8,34.16,3.71,1.7194,11.087,0.7632491332342743,0.1344696969696968,0.2869225764476254,0.1117145073700544,0.961139896373057,0.8788235294117646,0.2734464509793224,0.56,Repurpose
275,76.6,1.54,29.16,32.54,32.99,3.663,1.7232,9.811,0.7627538385339276,0.11079545454545436,0.3630448926480154,0.12179984484096196,0.9489637305699482,0.8698823529411762,0.34306290577772924,0.56,Repurpose
276,77.24,1.523,29.74,32.86,35.17,3.634,1.7205,12.497,0.7543338286280336,0.055871212121212155,0.2212101496421599,0.10938712179984489,0.9414507772020726,0.8762352941176472,0.1965191772600796,0.53,Recycle
277,77.02,1.543,29.08,32.24,34.05,3.669,1.7365,10.79,0.7642397226349678,0.11837121212121215,0.29407937540663653,0.13343677269200926,0.950518134715026,0.8385882352941177,0.2896502809755034,0.56,Repurpose
278,76.54,1.538,29.33,33.12,34.9,3.698,1.7478,11.61,0.7617632491332342,0.09469696969696972,0.2387768379960964,0.09930178432893721,0.9580310880829016,0.8119999999999999,0.24491243384800043,0.54,Recycle
279,76.79,1.521,29.3,32.76,32.97,3.679,1.693,9.48,0.7533432392273401,0.09753787878787856,0.3643461288223814,0.11326609775019403,0.9531088082901554,0.940941176470588,0.36112171967919693,0.57,Repurpose
280,76.48,1.541,29.69,32.78,33.68,3.665,1.7582,10.465,0.7632491332342743,0.06060606060606033,0.31815224463240077,0.11249030256012404,0.9494818652849741,0.7875294117647059,0.30738174477603797,0.55,Repurpose
281,76.65,1.536,30.12,33.51,35.45,3.63,1.7775,12.348,0.7607726597325408,0.019886363636363424,0.20299284320104083,0.08417377812257565,0.9404145077720207,0.7421176470588233,0.20464837143324777,0.52,Recycle
282,76.84,1.533,29.24,34.2,33.84,3.696,1.723,10.417,0.7592867756315006,0.10321969696969702,0.3077423552374754,0.057408844065166664,0.9575129533678757,0.8703529411764703,0.31000054558350154,0.55,Repurpose
283,77.21,1.551,29.29,34.04,37.02,3.625,1.746,14.497,0.7682020802377414,0.0984848484848484,0.1008458035133375,0.06361520558572542,0.939119170984456,0.8162352941176471,0.08740247694909709,0.52,Recycle
284,75.72,1.537,29.78,32.88,33.87,3.738,1.736,10.631,0.7612679544328875,0.05208333333333304,0.3057905009759273,0.1086113266097749,0.9683937823834197,0.839764705882353,0.2983250586502264,0.54,Recycle
285,77.32,1.548,29.7,33.26,34.84,3.704,1.7746,11.811,0.7667161961367013,0.05965909090909083,0.24268054651919302,0.09387121799844844,0.9595854922279794,0.7489411764705883,0.23394620546674672,0.53,Recycle
286,75.19,1.506,30.09,34.3,35.93,3.627,1.6946,12.967,0.7459138187221396,0.022727272727272596,0.17176317501626548,0.05352986811481775,0.9396373056994818,0.9371764705882349,0.17087675268699876,0.51,Recycle
287,76.01,1.516,29.74,33.43,32.44,3.685,1.7029,8.881,0.7508667657256067,0.055871212121212155,0.3988288874430711,0.08727695888285492,0.9546632124352332,0.9176470588235291,0.3938021714223362,0.56,Repurpose
288,76.3,1.517,29.49,33.89,31.96,3.662,1.6963,8.166,0.7513620604259533,0.07954545454545459,0.43005855562784634,0.06943366951124896,0.9487046632124353,0.9331764705882354,0.43281139178351247,0.57,Repurpose
289,76.06,1.53,29.81,34.36,32.34,3.716,1.7389,8.992,0.7578008915304606,0.0492424242424242,0.40533506831489896,0.05120248254460824,0.9626943005181348,0.8329411764705885,0.38774619455507664,0.55,Repurpose
290,75.52,1.502,30.0,33.68,36.56,3.767,1.7063,14.08,0.7439326399207528,0.03124999999999989,0.13077423552374745,0.07757951900698212,0.9759067357512954,0.9096470588235295,0.11015330896393705,0.51,Recycle
291,75.65,1.514,29.95,34.3,33.87,3.606,1.7186,10.277,0.7498761763249133,0.0359848484848484,0.3057905009759273,0.05352986811481775,0.9341968911917098,0.8807058823529413,0.3176387146052704,0.53,Recycle
292,75.42,1.504,29.89,33.67,38.57,3.706,1.6923,16.099,0.7449232293214462,0.04166666666666641,0.0,0.077967416602017,0.9601036269430052,0.9425882352941177,0.0,0.49,Recycle
293,75.29,1.511,30.09,34.12,33.92,3.692,1.7226,10.405,0.7483902922238731,0.022727272727272596,0.30253741054001293,0.06051202482544615,0.9564766839378239,0.871294117647059,0.3106552457853675,0.53,Recycle
294,75.93,1.522,30.15,34.66,35.08,3.734,1.7344,11.962,0.753838533927687,0.017045454545454475,0.22706571242680562,0.039565554693561045,0.9673575129533679,0.843529411764706,0.22570789459326757,0.52,Recycle
295,75.6,1.522,30.25,33.79,37.15,3.711,1.7628,14.559,0.753838533927687,0.007575757575757458,0.0923877683799611,0.0733126454615981,0.96139896373057,0.7767058823529414,0.08401985923945676,0.5,Recycle
296,74.99,1.495,30.06,34.89,37.88,3.662,1.6782,15.161,0.7404655770183259,0.025568181818181768,0.044892648015614656,0.030643910007757902,0.9487046632124353,0.975764705882353,0.05117573244585094,0.49,Recycle
297,75.7,1.511,29.85,34.74,37.99,3.684,1.7112,15.406,0.7483902922238731,0.04545454545454519,0.037735849056603654,0.036462373933281556,0.9544041450777203,0.8981176470588234,0.03780893665775553,0.5,Recycle
298,75.32,1.497,29.98,35.11,36.75,3.66,1.6679,13.894,0.7414561664190193,0.033143939393939226,0.11841249186727387,0.022110162916989973,0.9481865284974094,1.0,0.12030116209285846,0.51,Recycle
299,75.49,1.505,30.33,35.03,36.5,3.754,1.7027,13.845,0.7454185240217929,0.0,0.13467794404684452,0.02521334367726913,0.972538860103627,0.9181176470588231,0.12297452125047748,0.5,Recycle
300,75.31,1.51,29.75,35.68,35.89,3.701,1.7044,13.08,0.7478949975235265,0.05492424242424232,0.1743656473649967,0.0,0.9588082901554404,0.9141176470588236,0.1647116591194282,0.51,Recycle
