charge_rate,discharge_rate,battery_age_months,ambient_temperature,current_voltage,chemistry_type_encoded,charging_behavior_encoded,cycle_count,depth_of_discharge,storage_time_months,SEI,IR,SOH
0.7860315809954999,2.246846476163321,59,23.55,3.7439926012503433,1,2,300,100.0,1.0,0.9571792816138688,108.35628917309474,97.1067082171533
0.5548245017721423,2.301403728022517,34,26.41,3.842553822108826,1,1,300,100.0,1.0,0.7394033542997023,86.29766965812433,82.39211853376366
1.208100417664999,1.3434418537469108,17,19.39,3.7655059426163136,0,2,213,95.67477957330232,3.0,0.9358431597819312,100.26663371910196,95.665078363644
1.3472616998939246,1.0536555944701032,43,34.98,3.75620312169945,1,0,300,78.25168442445774,0.0,0.9103598842312048,108.10345362137436,93.94323542102735
0.5985629591425286,1.6847006571867245,43,28.41,3.760690961120492,0,1,300,99.23710371836044,1.0,0.909779254172929,105.9321126681382,93.90400366033305
1.663291425042516,2.3247266912333817,53,30.75,3.75326595328381,0,2,300,100.0,0.0,0.946115795719978,105.10254889309785,96.359175386485
1.1799332521220414,0.9213243780113332,16,34.63,3.968263116693108,0,0,166,75.59135653227567,5.0,0.3079929470144857,77.3693232766353,53.242766690167954
1.28658540399137,1.7459331671269656,2,18.61,3.941863837895861,1,2,59,100.0,8.0,0.4301943015575765,75.29379335737275,61.49961497010652
1.1611441204073425,1.763120440185041,34,35.55,3.763810957942584,1,0,300,82.03315209864971,0.0,0.931602153511755,101.64425183973904,95.3785238859294
1.101144591312989,1.966226044830562,55,30.85,3.845112660946214,1,0,300,89.28546155335955,0.0,0.6217735791619607,99.72197213164787,74.44416075418654
1.3394604969623267,0.7631353702545196,8,34.82,3.9872641595360334,0,0,99,69.31948119541318,7.0,0.2874910453197695,70.43153956701163,51.85750306214658
0.7328603688960688,1.931649929364177,13,35.03,3.762160808369343,1,0,172,98.39478767246158,5.0,0.9134538988637608,104.73785845735873,94.15229046376764
0.7728921957429067,2.318065041331282,42,30.38,3.7577981844267296,0,1,300,100.0,1.0,0.895685185258355,109.14025962934096,92.95170170664562
1.792678431520276,0.8593662177404839,8,30.92,3.87372669048723,1,1,122,74.11480870180166,5.0,0.655038301876365,81.25686702183945,76.69177715380845
1.9191731932004488,0.9750866498477552,30,33.99,3.94519956277404,1,0,300,76.6308358103183,0.0,0.4180783927988236,75.14041951312748,60.680972486407
1.0599639744196294,2.442790188083279,32,21.55,3.749496659958677,1,2,300,100.0,0.0,1.0,100.2516700206614,100.0
0.9061170097153306,0.8619539054189795,36,33.47,3.85144811790424,0,0,300,70.17601529373864,1.0,0.6985809093048538,86.95332738477323,79.63384522330094
1.4659993148585235,2.2087701867391583,47,24.62,3.8942546573182857,1,1,300,100.0,0.0,0.5439682154361463,84.87664441133892,69.1870415835234
1.1131012566471443,1.4845557128960696,30,22.93,3.7370297967975095,1,2,300,100.0,0.0,1.0,106.48510160124536,100.0
0.5380795334905173,0.994462148806354,1,24.18,3.877783309650869,0,1,20,84.55254684410428,11.0,0.6491241235813,79.96782972690343,76.29217051225001
0.7342288960492855,2.2414998025450226,43,26.76,3.8922609869813503,0,1,300,100.0,1.0,0.5438789764393479,85.88463445440642,69.18101192157756
1.5739583432710962,1.390610510005331,39,19.01,3.734971786861741,0,2,300,100.0,0.0,0.9867278152367018,109.17312966454182,99.1032307592366
1.488385912865227,1.5296347078593804,17,36.1,3.8343596309896,0,0,200,89.43623212120482,3.0,0.7821688437533025,85.04907903603737,85.2816786319799
0.5406439887552252,1.2184667387995314,59,38.6,3.887174976495956,1,0,300,84.01668911970573,1.0,0.4998038761055056,93.93702723883403,66.20296460172335
0.8329582428994242,1.6859017028698549,20,32.4,3.790133916899618,1,0,220,92.77842184829132,3.0,0.9002017594287213,92.407821621601,93.25687563707577
0.846612194882107,0.8270477451700455,24,31.29,3.9047923491303487,1,0,288,72.1924554378418,1.0,0.5676108241640073,76.65247241432485,70.7845151462167
1.5078391153980926,1.2821630733035214,50,21.63,3.728617885039076,1,2,300,99.5718813193854,0.0,1.0,110.69105748046226,100.0
0.5295658066315463,2.438824644670575,22,22.05,3.980990887517019,1,2,233,100.0,3.0,0.2764033083183398,74.95414270169826,51.108331643131066
0.6561628729768607,1.016266865402255,29,22.66,3.915473408853325,1,2,300,99.46609898758882,1.0,0.4228897229634527,89.4020802029058,61.006062362395454
1.699874128059784,1.8134733290825844,22,26.66,3.855041435986792,1,1,228,100.0,2.0,0.6513057307963659,91.06606565705827,76.43957640515985
0.7678169930815004,1.1503801284493895,44,21.4,3.805774422600059,1,2,300,88.15568374339013,1.0,0.7699245979535833,100.87221395577274,84.45436472659347
1.479119161777812,2.046946251373201,9,35.74,3.928742330426319,1,0,122,92.67478643938793,6.0,0.4537465295861674,78.9105185885696,63.09098172879509
0.8572741715700898,0.7617473214366997,37,31.12,3.803013236396176,1,1,300,81.5310661137057,1.0,0.8367343091617299,93.90159315669584,88.96853440281959
0.6491620891390177,2.439642090157089,10,31.09,3.8925523231485135,0,0,134,87.337821393785,7.0,0.5501169372090404,84.95922127461287,69.60249575736759
0.8647582864991812,1.4075790827672785,36,34.26,3.821273758794995,1,0,300,75.15896799732526,1.0,0.7518447961079491,95.38252108900896,83.23275649378034
1.5834003977834887,0.972100926692928,37,22.64,3.788226283748235,1,2,300,88.92736077643848,0.0,0.8154342479669772,103.9575771300101,87.52934107884981
1.7835447021594286,0.6469934946600253,28,19.25,3.941856583375432,0,2,300,82.29189084285136,0.0,0.4016195452689031,78.8692651536714,59.5688881938448
1.7453297968504873,0.8395158101750815,28,38.46,3.8033830380522335,0,0,274,74.47968973563027,0.0,0.8375056774959327,93.62027128689176,89.02065388486031
1.0957752944276822,1.539547897112035,42,33.73,3.8319868984851615,0,0,300,76.40167114151984,0.0,0.684322850770312,98.46619441112996,78.67046288988594
1.5021277048559694,1.1740063528625726,43,27.88,3.802469194806364,0,1,300,85.69322596138957,0.0,0.8089067959441829,97.65205310379528,87.08829702325559
0.8074764431237315,2.1577667317652187,21,23.67,3.8815858543113,1,2,202,100.0,4.0,0.5536457036823741,90.00135988405347,69.84092592448474
0.93972159539152,1.361775047323612,24,26.23,3.763222908439506,0,1,264,90.45439045636812,2.0,0.8997788360208143,105.91619127764518,93.2282997311361
1.84450372778168,0.9974285451752598,42,22.46,3.8323046844864415,0,1,300,83.8267361007467,0.0,0.7015419787692333,96.15491041062528,79.83391748440766
0.5195028852661041,1.73428997320806,40,26.71,3.755206176592541,1,1,300,95.7632989538152,1.0,0.9084307654948592,108.84306601687246,93.81288956046346
0.6282627962817021,1.913554433770892,2,37.06,3.886147878087752,0,0,34,96.08921082130598,10.0,0.572703342758832,85.33814311127023,71.12860424046161
0.811829382719041,0.8340838158018997,55,26.99,3.937021753652282,0,1,300,83.31310980532845,1.0,0.4203381211305613,78.94685803253898,60.83365683314604
0.5397983058107296,0.8352384325766353,8,25.46,3.857668820528755,0,1,85,83.35807688898895,8.0,0.607418369083433,95.2382936001935,73.47421412725899
0.772153152634696,0.5733428538670859,48,36.85,3.9076826136260014,0,0,300,65.87332867601299,1.0,0.4668792608022475,87.79878558671786,63.97832843258429
1.3745623414545385,1.972804030131281,27,21.01,3.757295048917963,1,2,300,100.0,0.0,0.9313249083952192,104.93686199161613,95.35979110778509
1.132136825888747,1.8276090552436104,22,20.47,3.903678836314457,1,2,223,100.0,3.0,0.5321587026184986,81.64074401545918,68.38910152827694
1.8390075666154624,1.4492617514996278,37,28.45,3.851884691941809,1,1,300,100.0,0.0,0.632198444813219,95.032848427443,75.14854356846074
1.7261653426076613,2.188340897938394,27,36.54,3.906487480035588,1,0,300,93.45835660768464,0.0,0.5121458784095504,82.73802518101243,67.03688367632097
1.012726027546814,2.1113403059001064,57,29.15,3.946971055429549,1,2,300,100.0,0.0,0.3719352601041668,80.02256477220448,57.563193250281536
0.8891351501469387,1.6707087287935043,29,30.48,3.932134908380661,1,1,300,100.0,1.0,0.3866545293070463,85.60072964628895,58.55773846669232
1.0695386122509003,2.2365425610265173,3,31.48,3.8974436386897673,1,1,61,100.0,8.0,0.5679110440265956,80.289300151792,70.80480027206727
1.3854424137722117,0.9116824200735364,44,33.99,3.742260590872288,1,0,300,72.31420216732936,0.0,1.0,103.86970456385622,100.0
0.9020954612343144,0.7238392387954558,13,24.92,3.876605125751912,0,1,127,83.90141214719142,6.0,0.5581320609462561,91.93092950576208,70.14405817204434
1.436223361773701,1.0394992230339792,45,22.19,3.785550098839329,0,2,300,92.79363035057534,0.0,0.8082067470101798,106.19910720406334,87.04099641960674
1.1141174782868606,0.6141737121786297,10,35.21,3.760785672746165,1,0,112,69.08900703284704,7.0,0.945964762440548,101.36156832184928,96.34897043517216
1.3280707712779702,1.562339056002064,36,18.76,3.953707671015816,1,2,300,100.0,0.0,0.3403888504763634,80.59755818254699,55.43167908624077
1.154189793702975,2.373211384589923,9,21.47,3.767355215576596,1,2,117,100.0,6.0,0.932765675056219,99.7266828296748,95.4571402065013
0.9416986393128766,0.5786870813370193,54,23.2,3.775254761239757,1,2,300,86.21904589868932,1.0,0.913395662437206,98.19816157547096,94.14835557008148
1.922679960443235,0.7442198280200536,56,29.08,3.854109176955167,1,1,300,85.96509651202547,0.0,0.6604435467349428,90.38996818054872,77.05699640100966
1.6454086912396413,1.4043980565668706,55,29.51,3.811618932354132,0,1,300,87.65914949089006,0.0,0.7328220558542264,102.58777684115556,81.94743620636666
0.7101697636496789,2.36775003505581,27,22.87,3.964866327299897,0,2,263,100.0,2.0,0.2960097472678899,80.5656179415652,52.43309103161418
1.802701963846869,1.132312209953501,34,20.48,3.927865265758289,1,2,300,98.14962163185734,0.0,0.4111494517197446,84.67368565588772,60.21280079187464
1.2311467973742705,1.5144696173767849,51,33.97,3.751487090444078,1,0,300,78.76090349966826,0.0,0.9002574610883423,111.7242721419183,93.26063926272585
1.841828340341137,0.5831457181007842,1,32.6,3.784457030159343,1,0,56,66.47568224134339,7.0,0.9550671469967872,88.38809154573035,96.96399641870184
1.6997828839209728,0.7966864019241777,32,33.35,3.799482530650096,1,1,300,82.03068377414169,0.0,0.8339394408353086,96.01630457053872,88.77969194833166
1.1378202567038502,2.473260245917694,25,28.04,3.816424290573959,0,1,300,100.0,0.0,0.8040357865021667,91.28338140024968,86.7591747636599
0.533703962480176,2.430237392872092,29,34.55,3.7411093207338255,0,0,300,91.50336467015887,1.0,0.9739392511858506,107.70293323485603,98.23913859363856
0.9030160390774192,0.5098799618688192,7,19.21,3.8965650396198312,1,2,86,79.65020288556136,8.0,0.5535561813558713,82.52295752060064,69.83487711863995
1.3124513219913003,2.403623570846478,49,36.81,3.733064416719529,1,1,300,97.4167349857273,0.0,0.96297783119089,113.0955627413745,97.49850210749256
1.450217329739221,1.7782398756310007,3,18.78,3.892496039105333,1,2,71,100.0,7.0,0.6003860420724182,78.7037251882812,72.99905689678502
0.8868315281498034,2.235836589040044,20,34.14,3.9462759176175126,1,0,241,100.0,3.0,0.4206882875586374,74.27600524641409,60.85731672693496
0.7090341111092362,1.4094797112677182,20,29.25,3.878075573789853,0,1,239,86.0813181981399,3.0,0.6218987029942507,83.22487523079253,74.4526150671791
1.7523953551989486,1.5311920571585005,53,29.8,3.9060599892892856,1,1,300,86.43308552690098,0.0,0.4634187670367619,89.0426594757621,63.744511286267695
1.9766032710553283,1.4776931605138404,30,36.92,3.931325256212189,1,0,300,84.82003301711207,0.0,0.3963528075532936,84.79327094974391,59.213027537384704
1.2885352734540287,1.833728515092209,35,33.42,3.8022215663843872,0,1,300,93.41040928888894,0.0,0.8517790133277163,92.41684014184186,89.98506846808894
0.7575189287724553,0.7793025095126258,35,36.01,3.925062437072023,1,0,300,75.19609644104622,1.0,0.462617434978109,79.64160209172496,63.69036722825061
0.9084609897790534,0.5599471797453559,49,24.83,3.8009961460626114,1,1,300,77.3220594899014,1.0,0.7958991199744616,100.0145369718868,86.20939999827444
0.5275860148212002,1.1158598831823818,39,34.49,3.75351069540651,0,0,300,72.1563003377776,1.0,0.9925856576102572,99.1714450954629,99.49903091961198
1.8714482098407488,1.9093615254732927,27,28.92,3.875568210017688,1,1,298,98.01150527720498,0.0,0.561503952814405,92.02790088935534,70.371888703676
0.6766266243352117,0.9037069042458968,26,28.2,3.764622619540036,0,2,230,96.91705906157131,3.0,0.9063604545810762,104.39363340734744,93.67300368791057
1.3647747132713803,1.8468648666498344,14,17.81,3.8502283709980567,0,2,165,100.0,4.0,0.7091646623307466,86.24023170962849,80.3489636709964
0.911082831030809,2.4398240922145407,17,25.61,3.965408849992565,1,2,178,100.0,5.0,0.3721840743395184,70.77256571127788,57.58000502294043
1.3312670037736902,0.6878014315788368,18,28.54,3.843031046271044,0,1,224,83.04851217272318,3.0,0.6512390654956849,97.07959367751764,76.43507199295168
1.4771305825277965,1.8452042364502528,45,30.51,3.888968936585087,0,1,300,90.57734749514646,0.0,0.5532917581689174,86.35406193634181,69.81701068708901
1.7446127055608025,1.3875004386091423,52,21.69,3.791407116893175,0,2,300,100.0,0.0,0.8406144747792734,99.21963220600335,89.23070775535632
0.8096319076409049,2.236284508755011,29,19.47,3.780903713688827,0,2,300,100.0,1.0,0.8370891971737925,104.91199350886254,88.99251332255355
0.5164937429877208,0.8542995788947718,20,36.5,3.829972161549653,0,0,180,76.5967493654913,5.0,0.7078815245153287,96.52872866075788,80.26226516995465
0.7053284451032109,1.885251904452329,53,36.31,3.881675988126205,0,0,300,91.09999486686266,1.0,0.5092159198364393,95.51001595734306,66.83891350246212
1.8500279627721576,2.17623057929622,27,36.94,3.8448546039081055,0,0,300,94.98805976475069,0.0,0.6592962021365028,95.16067277888412,76.97947311733127
1.8108351163437728,2.3892284389480465,18,21.96,3.9557433573618863,0,2,226,100.0,2.0,0.3587554202887449,77.28389378296374,56.6726635330233
1.3961196532554625,1.866496056579292,4,20.2,3.9546295911755625,1,2,84,100.0,7.0,0.4012215492939101,72.53251075048003,59.54199657391284
1.40077529065048,1.4943495280168546,1,17.32,3.929633583928585,0,2,44,99.1491794333885,8.0,0.4070880343743693,84.29720373891155,59.938380700970896
1.4975550118193832,1.7356944804024277,50,36.64,3.7745256334537016,0,0,300,81.18391176490387,0.0,0.844648956216897,107.15606374603708,89.50330785249304
0.7630569179351744,2.2378099689574364,1,29.27,3.812508833841316,1,1,26,92.34442739567935,10.0,0.8398580235250991,88.76333013870463,89.17959618412831
1.87161791888744,1.6412194932776594,58,19.1,3.908736106162374,0,2,300,100.0,0.0,0.4308530491391352,91.77531577642104,61.54412494183346
1.1281557873381096,0.5607741193936737,26,26.38,3.9527871253029567,0,1,242,81.51306177944497,2.0,0.402867800911436,73.24796223459226,59.65322979131325
1.0747077923742463,2.361897391013956,45,26.6,3.856758980244403,0,1,300,91.90383182597049,0.0,0.6386490665074847,91.78937656436288,75.58439638564086
1.2783765579242563,1.8790535020631225,20,23.55,3.7619793906569776,0,1,240,100.0,2.0,1.0,94.01030467151128,100.0
0.5704489501625826,1.853026771554493,52,33.36,3.758985219674295,1,0,300,94.90705676713701,1.0,0.9306998442635258,104.16990962991188,95.31755704483282
0.7494250531341191,0.9313503047954343,23,24.6,3.869032354435381,1,1,246,86.50408982355894,3.0,0.6583941891766585,83.18454913522757,76.91852629572017
1.6070504246395556,1.8177709404653144,10,20.76,3.818782430150353,1,2,150,100.0,5.0,0.8128521294464186,89.00226874402108,87.3548736112445
0.6241980018876897,1.287728811308317,59,33.52,3.748477488778219,0,0,300,75.11658733877891,1.0,0.9804668952738712,103.20289370165658,98.68019562661291
1.4047281641995824,1.802465954082984,11,17.12,3.890045593142593,0,2,137,96.51903829916563,5.0,0.5407923911757032,87.37815453174095,68.9724588632232
0.8680236645219814,0.7131860606159814,41,28.07,3.873207607909325,0,2,300,98.54664187755571,1.0,0.5726841828508493,91.81067318898134,71.12730965208442
1.0839434210629648,1.815690609206072,41,37.51,3.881752278008424,0,0,300,90.79448709220149,0.0,0.5537066361546436,89.9105314764574,69.84504298342186
0.9330406051560498,2.498827451541333,5,19.66,3.94317737812122,1,2,66,100.0,8.0,0.385749781698175,80.19258822711814,58.49660687149831
1.0335090746974238,0.5964240777211121,58,22.82,3.873078495397045,1,2,300,98.4316477199089,0.0,0.5950215488689758,89.08305869285556,72.63659113979567
1.5785688577763684,2.4543483684426346,1,35.83,3.991689112348872,1,0,52,90.05203719742275,8.0,0.2917581002506911,67.6856812942279,52.14581758450616
0.9456825734347624,1.3138159214457412,17,25.57,3.805192317321272,0,2,224,96.73786640402383,3.0,0.7874788353321831,98.9689869228419,85.64046184676913
1.3496069604453458,2.2415069006745183,22,25.54,3.987051899069578,1,1,275,100.0,1.0,0.2657609030993546,73.25393757779179,50.38925020941585
1.2140756032986495,2.064770968116547,34,25.28,3.790014389646141,1,2,300,100.0,0.0,0.8065957366825651,104.16833809160916,86.93214437044358
1.4955067480439723,1.6340325219733356,56,26.36,3.922691530481479,0,1,300,97.51399206326693,0.0,0.4519353411113084,82.16231712034724,62.968604129142456
1.9052446089871369,1.976898418502653,45,17.99,3.898269694325256,1,2,300,100.0,0.0,0.4825357634940619,90.5481824006146,65.03620023608526
1.5988581458153754,2.257031122602696,41,36.45,3.8431087864420266,1,0,300,100.0,0.0,0.7313456647978251,87.02739867925864,81.84768005390711
0.8224105678861351,1.308280643302066,29,37.58,3.7967191312642816,0,0,300,76.55760037881075,1.0,0.8039463012991052,101.14714670547106,86.75312846615576
0.546774702591927,1.1540663231264774,4,29.76,3.840304455255636,1,2,55,97.6483615259983,9.0,0.7288980458871019,88.7355166362945,81.68230039777715
0.8933960664497376,1.8351867711271688,5,32.6,3.809182471214114,1,0,75,94.66205490167388,8.0,0.7927543396092273,96.3144719417895,85.9969148384613
1.3926168960503822,2.1156918838825174,11,24.1,3.927670167880623,0,2,158,100.0,5.0,0.4897437407092618,74.94694847103098,65.52322572359877
0.5771387202263756,2.0245702695532315,56,34.18,3.8659512352131817,0,0,300,97.70008212029629,1.0,0.5703725450191148,95.72781426601982,70.97111790669695
1.2445493708018545,2.095627297717269,51,30.35,3.7852063189217353,1,1,300,100.0,0.0,0.8238184200387683,104.41953803428648,88.09583919180866
1.3952642733753338,1.371166629625866,21,17.59,3.96369839333906,0,2,223,96.2021845252337,2.0,0.3323546853433447,76.60646766255223,54.88883009076653
1.0013658362254412,2.1356684323500432,35,24.21,3.856201012499017,1,1,300,100.0,0.0,0.6383881134277022,92.10097957202892,75.56676442079069
1.6563683056187328,0.7404181107412169,12,25.67,3.860499673134548,0,1,176,75.05758371833379,4.0,0.6457114647836569,89.03623033476924,76.0615854583552
0.6598973797006578,1.588978195921699,26,22.24,3.816950030322209,0,2,300,100.0,1.0,0.7616549509390313,96.3181159715166,83.8956047931778
0.6127066726037131,0.5115173209962431,51,26.08,3.837933880155771,0,1,300,72.98830402431165,1.0,0.6526375097668284,99.45337120126096,76.52956147073165
1.5922831343054051,1.1491716598005406,19,23.98,3.882970971193988,0,2,226,93.48415219140236,2.0,0.5656783977932757,87.80471467884651,70.65394579684295
1.2432369743092977,1.2329230697427958,45,31.08,3.774733229410128,0,1,300,93.81007745920655,0.0,0.83644812110057,108.07737015736484,88.94919737166013
1.532603594641604,1.2923453832185108,7,23.8,3.800112822450281,0,2,106,96.28331148575609,6.0,0.8947351445579012,88.10169570512186,92.88750976742575
1.1522410079056191,1.8909344133797243,47,26.86,3.8586118812651273,1,2,300,100.0,0.0,0.638716892188424,90.85444784388343,75.58897920192054
0.8696030498586602,1.2771162025406917,55,35.83,3.8063606414254,1,0,300,75.58315737278085,1.0,0.7379480562092144,104.57617226114836,82.29378758170367
1.7286534765112995,1.3973872452450613,7,18.35,3.9049969219102247,1,2,118,100.0,5.0,0.4928606582921918,85.89395675836374,65.73382826298592
1.699123818453469,0.9750882617486548,26,26.09,3.830120039436607,0,2,283,85.1860673290539,0.0,0.7392410319192888,92.5348512917857,82.38115080535735
1.54204470628164,1.2465035832586802,40,26.18,3.819957858712567,0,1,300,92.06851967524342,0.0,0.7387126534135483,97.68198896702305,82.34544955496948
0.908217705844944,0.954539254526303,5,24.73,3.9352940615210135,1,2,74,87.32008077964345,8.0,0.4508180119582113,76.000717744717,62.89310891609536
1.3853460003036306,0.6463918475368873,21,38.15,3.961059283562734,0,0,229,69.57039093156489,2.0,0.3658283265822148,73.74181739585642,57.150562606906405
1.0414608454100402,1.7068971867627558,14,29.37,3.81264154613122,1,1,191,100.0,4.0,0.7941100068823237,94.41547607409974,86.08851397853539
0.6373731099899512,1.8364255971100325,4,23.51,3.853595330033876,0,1,60,100.0,9.0,0.7070564125013712,84.8202834203908,80.20651435820075
1.875970363193364,1.738980692019229,23,33.16,3.831663024222805,1,0,250,83.43814189067645,1.0,0.7420291696866768,91.41484167776308,82.56953849234303
0.7052279463784421,1.4269880876011447,42,31.97,3.855908800563922,1,1,300,94.1546703777613,1.0,0.6795166413085137,87.10601955447477,78.34571900733201
1.925356030731204,1.2595715603584596,20,27.49,3.77031706134699,0,1,228,90.95737140996054,2.0,0.8675643776921003,106.3959221149925,91.05164714135812
1.1690086594369336,2.2266672991436502,15,28.24,3.877374936171748,0,1,161,94.10374848392814,5.0,0.546074965975456,93.05316116719403,69.32938959293622
0.7776993932579295,1.538163570272436,50,30.28,3.7762710349046897,1,1,300,100.0,1.0,0.8599364546988726,104.37242571029618,90.536246939113
1.3128514210675373,1.458363755259462,52,36.39,3.9183525330282367,1,0,300,86.21300962671755,0.0,0.42225830392576,88.0414454951618,60.96339891390271
1.8094187538146125,0.5512841316128714,45,35.56,3.8732290799009896,0,0,300,69.14278179491444,0.0,0.6005003664416829,88.32291424429492,73.00678151632992
1.5983373296143415,1.1824956552523127,29,27.37,3.7312452254118016,0,1,282,94.7033294201364,0.0,0.9789636959879604,112.00692529560423,98.57862810729462
1.7098417217921746,1.260391237571714,8,27.06,3.955019070300811,1,1,115,95.62265946601187,6.0,0.3737559780902905,75.7709675883082,57.68621473583044
1.488175050066076,1.297645561793801,41,36.72,3.8359135265712943,1,0,300,82.16849634667112,0.0,0.7187518609934371,92.19925409017335,80.99674736442142
1.5384148467767786,1.6603447384546646,48,36.11,3.7371173876161743,1,0,300,90.50075414219714,0.0,0.9359791873960432,114.44390776740764,95.67426941865156
1.7737934773479789,1.567205093453757,19,34.49,3.879789671573201,0,0,208,86.60285920720494,2.0,0.5661368445564146,89.33805864384753,70.68492192948747
0.8745020132887789,1.7158101855868892,48,31.25,3.765413679449954,0,1,300,97.4293905687766,1.0,0.8557292926051508,110.32699869937886,90.25197923007777
1.2341374454647107,2.0297665230842563,39,27.61,3.856116990874882,0,1,300,98.73045936148289,0.0,0.6270056954938708,93.5657926258254,74.79768212796424
0.8318141627294033,2.125971477432187,46,19.45,3.754880272118261,1,2,300,100.0,1.0,0.9391890880146626,105.16122793903683,95.8911545955853
1.9815020119949704,1.9362461524529888,28,33.48,3.782759644842175,1,0,300,82.43344677336104,0.0,0.8810122562764283,98.49364554435928,91.96028758624516
1.91608900952992,2.4110473919098694,46,25.06,3.742554396432491,0,1,300,100.0,0.0,0.9460149962675528,110.4709272503102,96.35236461267247
0.5591402170527588,0.5364651653527233,57,34.46,3.840828175892636,0,0,300,70.04178847626271,1.0,0.6196396296894076,102.13095834250612,74.29997497901402
1.5583627587735327,0.8915559713670922,27,31.7,3.8839300262513103,1,1,300,78.64834101707652,0.0,0.6170936545820174,80.89828005159283,74.1279496339201
1.8878724761234984,0.5151257499562842,4,33.39,3.934597078713068,1,0,82,69.4052522291742,6.0,0.4918876482080566,71.21550461745879,65.6680843383822
0.7708630176910003,1.794949428309206,58,28.57,3.7682292324684816,1,1,300,90.41943750953448,1.0,0.9127874661007076,101.78695050317074,94.1072612230208
1.3519178458289445,2.296061097899974,15,20.03,3.8702617331628,1,2,193,100.0,4.0,0.6144866676549818,88.0582999617275,73.95180186857985
1.8732324463820629,0.9869645931525984,35,21.22,3.818770248185042,0,2,300,97.14707882640703,0.0,0.7112458717420391,101.70914193972418,80.48958592851616
0.5509189678786983,2.3540690895926133,37,31.98,3.7950966995433824,1,0,300,87.32508991726057,1.0,0.8766031748940472,92.87625336655292,91.6623766820302
1.54613040087026,0.6205347805791217,1,27.34,3.765413189855165,0,1,44,84.79536726156897,8.0,0.962571554737084,96.97196073028202,97.47105099574893
0.9460235110588262,2.3688720536110286,3,27.42,3.7781599106318327,1,1,49,100.0,9.0,0.9178134546769474,96.19336284946532,94.44685504573968
1.886594293064796,1.2032453744792688,47,36.08,3.712862568065562,0,0,300,78.13853577824472,0.0,1.0,118.56871596721903,100.0
1.956587367748052,0.702841656898433,24,28.67,3.776631274720208,1,1,238,73.23696311442109,1.0,0.8661806303428818,103.41178384703564,90.95815069884335
1.9163997336701508,1.4717435183726513,27,32.6,3.927589272477183,0,0,300,78.94190030398615,0.0,0.3940034655259329,86.95493057066706,59.05428821121168
1.2113213249861956,1.013553135441016,40,31.25,3.75206604938691,0,1,300,85.19464641375293,0.0,0.939812623276964,106.49039739692456,95.93328535655162
1.7930639764839702,1.0697458039238457,36,35.42,3.7346354149298704,0,0,300,81.19365600736757,0.0,1.0,107.68229253506496,100.0
1.7668240978026055,1.1145799298525731,34,28.6,3.748397787842079,1,1,300,91.86843296582168,0.0,1.0,100.8011060789606,100.0
0.9786507098648836,2.106051795665327,29,34.98,3.7737881338515873,1,0,282,86.53211594085784,1.0,0.95152240499554,94.16563244976392,96.72448682402296
1.743373211226016,1.578322553350509,24,26.45,3.846044836682867,1,1,295,98.69018489812534,0.0,0.653333968117926,95.3108356438258,76.57661946742743
0.5555114520732389,1.1226153983120073,24,22.65,3.864046017070903,0,2,225,93.38169578640465,4.0,0.6043478106207791,92.43351513695116,73.26674396086345
1.3944048177230797,1.7206675666218367,42,29.43,3.765871864709984,0,1,300,96.43441528089053,0.0,0.8602264203657288,109.53576509929196,90.5558392139006
0.8450132559315546,1.9323013484463871,4,31.51,3.773642245154016,1,0,58,81.39020181109375,9.0,0.903114598935067,100.28955255610856,93.45368911723426
0.6808503286659182,1.0452480014670675,3,20.38,3.769566942239291,1,2,55,91.87759925591004,9.0,0.958760426370523,95.37147558403942,97.21354232233264
0.6154298024438137,1.327098203050703,34,27.24,3.845124832090656,1,1,300,92.40363195885634,1.0,0.6641821818157173,94.41481122770766,77.30960687944035
1.5444331638172095,0.7437721866738951,57,22.77,3.705097028103528,0,2,300,91.52218308209146,0.0,1.0,122.45148594823642,100.0
1.0098124456520992,0.8622986990693606,49,31.58,3.838908662581919,0,1,300,86.32704823952459,0.0,0.6371276627910347,100.90471086016116,75.48159883723207
1.587150157293142,1.8622357079299656,23,19.68,3.9384496203730057,1,2,300,100.0,0.0,0.4425997462987947,75.45022152614797,62.33782069586451
0.5980345111984136,0.8628766953912539,53,34.0,3.748257337341673,1,0,300,76.67102027085508,1.0,0.9580253543960988,106.11816202965142,97.16387529703373
0.9729355067459156,1.5503267673341203,56,26.46,3.745850884318649,1,1,300,83.41775015292059,1.0,0.9655773329072238,106.37739122727244,97.67414411535296
1.3092369385630058,1.9180925234448647,52,25.6,3.814221148025416,0,1,300,100.0,0.0,0.7105492846272911,104.07076540888082,80.44251923157371
1.6860847472584453,0.7137538461894877,23,34.31,3.851395305200823,1,0,300,72.04734926220527,0.0,0.660397823062602,91.75261951676322,77.05390696368931
0.9781287543981048,1.634624439257807,45,24.31,3.743260715834897,1,2,300,97.19636391596369,1.0,1.0,103.36964208255192,100.0
1.4388370646555138,1.0131255674027275,5,32.89,3.80631360203044,0,0,90,73.1803945193327,7.0,0.7971815097495374,97.19551026608788,86.29604795604982
1.8289666223542809,2.4258537504751594,31,35.86,3.7707133589192745,0,0,300,100.0,0.0,0.9028111754679548,101.79192360686844,93.43318753161856
1.423794782273457,1.4670912934398497,53,16.89,3.871233832394845,1,2,300,89.15578028983447,0.0,0.6063251442566787,88.5924407704926,73.40034758491072
0.8494392121304506,2.111985099550316,41,33.88,3.886244904996011,0,0,300,93.41520436840956,1.0,0.5689134689520001,85.76336388299443,70.87253168594594
0.536601172334807,1.6004530843125235,57,27.01,3.723012804132216,0,1,300,90.5268571739664,1.0,1.0,113.49359793389198,100.0
1.8051483108513948,0.5868250657096383,57,33.02,3.7188307689728863,0,1,300,75.97567847385922,0.0,1.0,115.5846155135569,100.0
0.5319041162755807,1.7663027511880447,54,27.18,3.721030448247931,1,1,300,87.14631453647554,1.0,1.0,114.4847758760346,100.0
1.812052509026299,2.402806684413314,6,30.6,3.8089390821360674,1,0,103,100.0,6.0,0.8376640513222924,90.8224525166799,89.03135481907381
1.293405701040818,1.7032236402926624,37,22.0,3.787625629247843,1,1,300,98.87104973109227,0.0,0.8382757029704039,101.4027225047781,89.0726826331354
1.9086015477693443,2.1383777188535804,57,28.1,3.7672673040335,1,1,300,100.0,0.0,0.883261963213062,105.95860258161728,92.11229481169336
1.698174853660498,2.268412926696816,10,29.84,3.871337897913933,1,1,152,100.0,4.0,0.6436558517600226,83.8740695730308,75.922692686488
1.9969011658000064,0.956159543897865,40,29.13,3.9229708844906366,0,1,300,81.30072279823575,0.0,0.4049980297184529,87.88980403987517,59.797164170165736
1.0260677231775652,0.9240896798164532,7,28.5,3.987150067267046,1,1,99,90.90615034912324,7.0,0.2860217869863287,70.67224299318596,51.758228850427614
1.6507824333966905,1.7219619777019834,39,31.49,3.8685686319264687,1,1,300,86.96797591323106,0.0,0.6454836448800486,85.03022842675962,76.0461922216249
1.1028963704138632,1.3220569396134094,38,33.92,3.94071620887891,0,0,300,73.51305534441215,0.0,0.4074412433267607,78.71174014470009,59.96224617072707
1.2198134304558632,2.1797226057334407,21,30.68,3.819316412986773,1,1,269,98.91244978700291,1.0,0.7450778773720763,97.20705883510428,82.77553225487003
1.4412581948275551,2.3000462467960223,20,23.1,3.7653120760712575,0,1,238,100.0,2.0,0.9326345495525524,100.76464327030196,95.44828037517246
1.810515671279508,1.2068427586054362,3,19.29,3.951972144839386,1,2,78,93.47932740486172,7.0,0.3709818484705509,77.64119652148835,57.49877354530749
1.9761252037989427,0.973741117948964,51,31.39,3.734971075154733,0,0,300,76.39093921855141,0.0,1.0,107.51446242263366,100.0
1.6524101207967772,2.0610510304877234,22,34.45,3.80308578338774,1,0,280,89.80079262962785,0.0,0.8660122893786273,90.20557213380154,90.9467763093667
1.1266501732510006,1.0496120710962722,47,34.91,3.7911388624780247,0,0,300,73.3681392299934,0.0,0.8647391902077567,96.33816998501824,90.86075609511867
1.132035503415605,2.145228637027357,4,35.23,3.895008241684717,0,0,64,100.0,8.0,0.5516565262043416,83.53881338209895,69.70652204083389
1.6063734523833373,1.3474765072975257,28,28.19,3.740942469394361,1,1,300,85.73770653038613,0.0,1.0,104.5287653028195,100.0
0.8581657186524535,1.835099798582941,12,25.22,3.950665403004289,0,1,151,92.2478966312395,6.0,0.3821091025708779,76.90366067649597,58.25061503857283
0.665711169697092,0.6910706276693364,38,21.43,3.814878335641528,0,2,300,93.65669416618799,1.0,0.7631896667910432,97.16212383035594,83.99930181020562
1.0319332364611649,1.747718649353146,51,17.51,3.901151112096542,0,2,300,100.0,0.0,0.4481765082745836,93.40238041740622,62.714628937471865
0.9308584874811224,1.4035353574744582,36,37.73,3.774443034691872,1,0,300,83.77142888210358,1.0,0.91291720518972,98.6638320053495,94.11602737768378
0.9444621806839852,1.6732169263509482,47,21.09,3.924115285211433,0,2,300,100.0,1.0,0.4095401204550908,86.74984233739715,60.10406219291154
0.8504116265748649,0.8360284154897268,41,20.53,3.879502692427687,0,2,300,80.2046243251506,1.0,0.541550868760315,92.55479519111717,69.02370734866993
0.5631397844545428,1.973747489888364,5,38.18,3.881116091047348,1,0,71,93.16881279229112,9.0,0.625390501932057,81.26814173481904,74.68854742784168
0.5268109021001207,2.225594155086457,13,32.52,3.9371357974301233,1,0,148,96.82270488029091,6.0,0.4307264062521632,77.59130050341811,61.53556799001103
1.981583584604048,0.9334796001815512,23,18.62,3.9177024516385672,0,2,300,86.66922002621492,0.0,0.4258665483961223,87.91545563120118,61.20719921595421
1.1416597006037934,0.6914291110403235,58,24.71,3.776357812789351,1,1,300,79.91133227294956,0.0,0.8321462740036806,107.80280935486462,88.65853202727573
1.0764899707395226,0.5472771720926728,50,21.8,3.9170568713444975,1,2,300,78.72717586773663,0.0,0.4626036969105231,83.64610221393556,63.68943898044075
1.5194709240396047,1.783943000886532,30,23.29,3.801562584361536,1,2,282,100.0,0.0,0.785599147534479,101.01881437742242,85.51345591449183
0.8273808317975963,1.7141880721775615,37,30.22,3.8194217180847967,0,1,300,99.3276903825636,1.0,0.77029917249127,94.00174439619306,84.47967381697771
1.924941775925338,1.59339482542814,25,35.72,3.941717418824832,0,1,276,94.54347502003193,0.0,0.4192609981047993,76.73366582448438,60.76087825032428
1.679517521623328,0.9638941922319508,48,30.5,3.858312578888341,0,0,300,75.79365644774765,0.0,0.5991733936980448,95.94703634357391,72.91712119581383
0.6341165034683893,1.2818119918110291,27,36.22,3.774134930916226,1,0,300,77.91453258996626,1.0,0.8572163673008393,105.78048862928216,90.35245725005672
1.1263711636773923,1.688952670372346,51,20.33,3.7535878296439673,1,2,300,100.0,0.0,0.9526145101449868,104.12927140989304,96.7982777124991
1.818677461343247,1.4935337177183388,14,26.24,3.954613047574144,0,1,201,100.0,3.0,0.3787376164689248,75.35127415431262,58.022811923576
1.9170980334371155,2.4755710404297746,57,33.76,3.7258379743704975,1,0,300,94.88906452326393,0.0,1.0,112.08101281475088,100.0
1.2011022668748046,0.7728795051134663,48,19.27,3.8703943812759687,0,2,300,90.76417696748564,0.0,0.6163250006427432,87.76218428167289,74.07601355694212
1.4201170838160615,1.890289108095188,59,33.05,3.74044410015674,1,1,300,94.48865631259068,0.0,1.0,104.77794992162995,100.0
0.7505509191381128,1.3086375362085845,47,24.53,3.845563006248195,0,2,300,96.41597278861732,1.0,0.7000424083779436,89.71319582865974,79.73259516067186
1.9867529392054648,1.3563992298512295,54,35.05,3.8091715616192623,0,0,300,73.98629475897906,0.0,0.8122682528480182,93.8806875843666,87.31542248973096
0.8475075520751651,1.9351955313163525,36,37.7,3.81857451904448,0,0,300,91.96298259690879,1.0,0.784433600600605,92.6585404026844,85.43470274328412
1.9140976612026883,1.8848723026487395,39,23.46,3.894092947802012,0,1,300,99.66101615970533,0.0,0.5650489480740262,82.32240758974116,70.61141541040718
1.474469973488553,2.4825119874043766,16,18.01,3.747749224577888,0,2,181,100.0,4.0,0.990658132312065,102.2931211720482,99.36879272378818
1.4116051923182886,0.7567885789082505,56,21.47,3.928528268285472,1,1,300,78.09530943539424,0.0,0.4383013167302151,80.94820126598717,62.04738626555508
1.269032766524763,0.7082192987683327,22,33.6,3.786998388876389,0,0,263,73.93912569358206,1.0,0.8863663704955793,95.70500924985794,92.3220520605121
0.8460047175766381,1.9486776342574823,21,35.32,3.832858588541128,1,0,202,83.1020705729224,4.0,0.7044710366467661,95.51182614859016,80.03182680045717
0.7647920480082624,1.6567738340128182,54,22.31,3.844254062411437,0,2,300,100.0,1.0,0.6744283535227071,93.56942460394308,78.0019157785613
0.830729313605263,1.0483213331196115,21,22.45,3.8177014005267456,0,2,267,100.0,2.0,0.7502074692704925,97.3733660778154,83.12212630206031
0.7796573932163817,0.6588387379779732,8,17.77,3.912338755512945,0,2,114,97.0536170046559,7.0,0.5387665934040243,76.48479806802445,68.83558063540704
1.66937671035013,0.6713164991928611,49,30.41,3.8797680462434223,0,1,300,77.4946468289778,0.0,0.5863331327692715,86.82433528213006,72.04953599792375
1.0251878887500951,2.288381749328237,16,22.72,3.8637895320587567,0,2,151,100.0,5.0,0.6781776378129964,83.33302924399719,78.25524579817544
0.5867640148450946,0.8837346494374858,59,24.2,3.829630146739696,0,2,300,93.99835549115701,1.0,0.7332072054725636,93.53402594608248,81.97345982922727
1.953653945211217,1.1467431242310415,55,31.21,3.854101712484119,0,0,300,72.97247285303864,0.0,0.6586423093796913,90.61885508547938,76.93529117430346
1.8256788274451383,0.953312804453976,31,35.62,3.960180589014991,1,0,300,69.84320427842955,0.0,0.3396363858268278,77.4551572641512,55.38083688019107
1.89162842479282,1.2099926116638746,42,18.44,3.739618923987289,1,2,300,100.0,0.0,1.0,105.19053800635584,100.0
1.9923617339696529,0.6388476854921867,10,20.81,3.776300696858217,0,2,166,83.07012723139786,3.0,0.9609609080350604,91.729538066509,97.36222351588246
0.760842873829231,1.5381195818165407,32,36.07,3.933661403417668,1,0,300,87.63289186714097,1.0,0.4233409341654022,80.25168152049088,61.03654960577042
1.094363028353988,0.6352251271844298,59,22.27,3.9026714033078513,0,2,300,83.71503968200611,0.0,0.5160743405599002,84.1550057760869,67.30232030810137
1.637357713556137,2.100713015644723,34,25.45,3.8953740390732414,0,1,300,88.59264629683628,0.0,0.5379914603812613,85.06404791572113,68.78320678251765
1.5440309270806885,0.967424163820866,9,28.02,3.9001643921267983,0,1,119,78.29733381764213,6.0,0.5336523589902248,83.21125906282286,68.49002425609626
0.7308438595097826,1.5800238292090212,17,23.41,3.797277725686815,1,1,163,100.0,5.0,0.8246817178172179,98.27592242944048,88.15417012278499
1.7237496874859266,2.2601581751229167,11,25.45,3.860206405243792,0,2,160,100.0,4.0,0.6872569222439008,83.98968209761648,78.86871096242572
0.836660857754991,1.8017547380943884,32,34.59,3.9658623746646793,1,0,300,81.63051114531802,1.0,0.2636612534721992,84.11115598363564,50.24738199136481
0.8357264222339347,1.5659155731026706,10,25.36,3.852888491530512,0,2,129,100.0,6.0,0.6617379871390422,90.83850584236362,77.14445859047582
1.3054616343401204,1.1486675062307512,22,20.42,3.7587624348413766,1,2,263,84.4189462321358,1.0,0.9900191768006296,96.86638547923306,99.3256200540966
1.3894099022625548,1.166003826116396,57,33.95,3.8772617902302975,0,0,300,78.44584707438908,0.0,0.5088434041859969,97.76367936160165,66.81374352608087
1.3701293117567168,1.8389739103963805,17,33.47,3.9060517423196,0,0,207,83.33645763221227,3.0,0.4681683426577818,88.45308600797719,64.06542855795823
0.6372302560966323,2.488278722442335,4,36.75,3.8423111928369873,1,0,62,100.0,9.0,0.744225873469468,85.81616939782296,82.7179644236127
1.8161912939455704,1.8236783796987568,48,25.87,3.747142710054188,0,1,300,89.87761354852877,0.0,0.9897238420055842,102.71316472220806,99.3056650003773
0.8984000638830592,1.6155668347400498,52,23.93,3.768884679906421,1,2,300,100.0,1.0,0.8406771267991507,110.47301919689592,89.23494099994261
0.6942723819242063,1.961301020478492,47,34.24,3.925383881920344,1,0,300,79.8409239725876,1.0,0.4265933094725871,83.98389535575487,61.25630469409372
1.8331221198034653,1.4304112245674363,25,16.07,3.775652298710478,1,2,300,91.83391919833872,0.0,0.9462882828353228,93.88781529034566,96.3708299213056
1.93347724734463,0.6202846852015704,59,26.29,3.741085384828366,0,1,300,81.01099504668736,0.0,0.9894165418861312,105.78023985005063,99.28490147879263
1.793191425898176,1.6245936317558196,21,24.46,3.848468304611076,1,1,278,93.80317335638334,0.0,0.7128701292207336,86.65708154187072,80.59933305545496
1.714274112087317,2.4152505690107606,37,35.07,3.9302540908587673,0,0,300,98.64450539274057,0.0,0.4149208783420079,83.00784477786532,60.46762691500054
1.4828629709585326,0.8506058847153193,38,32.62,3.7598101504733616,1,0,300,70.98695790516697,0.0,0.9427288255229198,102.25382157295444,96.13032604884592
1.3262860559137089,1.880009781641332,49,24.78,3.8666791908368334,0,2,300,100.0,0.0,0.6069335999042902,90.7937045935466,73.44145945299258
0.6304801398671152,0.901867377318113,1,34.82,3.971915533050927,1,0,29,76.77583707843709,10.0,0.3302737018603153,72.75802074199721,54.74822309866995
1.112679819606048,1.5716553689461623,25,21.47,3.962011773950072,0,2,300,100.0,0.0,0.3097763916236628,80.27206407200634,53.36326970430154
1.059032775518471,0.6933528992934392,51,36.31,3.7540659487471895,1,0,300,67.20822726715323,0.0,0.9740542206643716,101.21024804335896,98.24690680164672
0.8896306756404893,1.4007418725163705,36,24.89,3.8590720979112674,0,2,300,100.0,1.0,0.6626991750336492,87.6265541651603,77.20940371848981
1.5851301705328775,2.012326657790492,17,21.94,3.891964844307814,1,2,204,98.54294244524124,3.0,0.5439786724625983,86.02024378826829,69.18774813936476
1.243813602618156,1.1951430484779642,41,19.69,3.723823794869384,1,2,300,98.60690878777888,0.0,1.0,113.08810256530798,100.0
0.6215693238614719,1.829823448974436,24,16.68,3.74144967673653,0,2,271,100.0,2.0,1.0,104.275161631735,100.0
0.830274802924717,2.0908999215794584,2,25.94,3.9850436029995873,0,1,44,91.43514463103705,9.0,0.2906919697698141,71.14170227897974,52.07378174120365
1.524888145489394,2.3543556389589053,40,20.15,3.921902767212424,1,2,300,100.0,0.0,0.4630482897895327,81.16758017009664,63.71947903983329
0.6141962892354502,0.9692841637109072,15,35.21,3.78652246793494,1,0,189,75.68452727692546,5.0,0.8962206442414242,94.71118550235182,92.9878813676638
1.776810371073153,1.2986318316186165,32,26.96,3.7927083503134886,0,1,300,96.12637195099647,0.0,0.8228525267714424,100.78925899682534,88.03057613320557
1.2427197905209617,0.8048320266608349,39,30.06,3.874210955084151,1,1,300,82.1673267543441,0.0,0.631019719227229,84.01705755452095,75.06889994778575
1.220879865989972,2.4849670043167507,59,20.16,3.921604464189567,0,2,300,100.0,0.0,0.4399929555278065,84.19864846424072,62.16168618431125
1.3886116769892765,2.354001935848591,6,27.83,3.980087934043718,1,1,92,100.0,7.0,0.3276541642525731,68.99926244656933,54.57122731436304
1.7370214488877238,1.5799142605611192,1,25.55,3.869771593789435,0,2,58,100.0,7.0,0.6700250811089326,81.3610679666659,77.70439737222517
1.0217138118532896,2.1840665887528425,47,35.68,3.809116749932794,1,0,300,83.75972873805753,0.0,0.8037635003988436,94.97118748374766,86.74077705397592
1.5170242288385951,1.5419159545440844,23,21.82,3.9355467038176375,1,2,270,100.0,1.0,0.4553194238898649,75.31172010494818,63.19725837093682
1.3485979459936863,1.7471713760055194,58,26.19,3.803873077170988,1,1,300,83.71834937840883,0.0,0.8066480090546999,97.23246028266873,86.93567628747972
0.900542405254132,0.6782488642320332,39,33.73,3.7688937780667664,1,0,300,67.31544640680487,1.0,0.9586934319146252,95.71643197728876,97.2090156699071
1.817944979532737,2.010540840993616,57,19.45,3.767411443623594,1,2,300,100.0,0.0,0.8657309518168378,108.07790921109842,90.9277670146512
1.6961390324103922,0.7554269672704697,17,33.92,3.944906922449914,1,0,182,68.55684026856233,3.0,0.3827412157738571,79.70388680331072,58.29332539012548
1.4876777519876383,2.152135260505057,34,36.51,3.828820965119157,0,0,300,93.73559931825707,0.0,0.7096238612260354,96.88653478716736,80.37999062338076
1.7758725936413629,2.064056175340772,59,27.33,3.861035613896774,1,1,300,100.0,0.0,0.588036995780024,95.97756857911008,72.16466187702865
1.8009413014397035,1.9174893954859529,41,32.3,3.733446734032128,1,0,300,94.52605901194723,0.0,1.0,108.27663298393584,100.0
1.5625444650725522,0.5723207610495242,29,33.3,3.85481323040996,1,1,300,72.71662917205765,0.0,0.7023166437896697,84.80380432131136,79.88625971551822
1.755519992545508,1.1062567118906572,9,35.64,3.779036571882729,1,0,151,72.91535442639533,4.0,0.9034009274508596,97.55659812727822,93.4730356385716
1.5462071925039256,1.0262251398216855,13,17.78,3.796784486052758,0,2,154,82.77703958387053,5.0,0.8419611216264625,96.3626167703132,89.32169740719341
1.520211157640451,1.2202728149430382,6,34.12,3.790797251520309,1,0,103,79.96891347068552,6.0,0.8700782570166465,95.84159211276494,91.22150385247612
1.4279170673227766,0.6752854935276771,6,22.33,3.9386874640426393,1,2,91,81.76575253623483,7.0,0.4150509982818827,78.77489319344518,60.47641880282991
1.629074959336462,2.373915646062126,20,27.11,3.885190108661014,0,2,208,100.0,3.0,0.5936899290204756,83.19370454193346,72.54661682570782
0.7379076579396106,1.6076044814247523,52,32.78,3.772957283030818,0,0,300,91.12663484050842,1.0,0.8963577591808796,101.47663858698088,92.99714589059997
1.8213061387983929,1.111048621316047,53,24.93,3.8279937028763977,1,2,300,88.75294061369169,0.0,0.7393353129265733,93.58623444597951,82.3875211436874
1.807765291617848,1.2939630341485668,3,37.8,3.917580463181944,0,0,78,79.9438048254824,7.0,0.471528078312433,82.26875861997402,64.29243772381304
0.5438709245518387,1.3944050810096713,17,33.74,3.822290124120667,1,0,198,83.83122672075386,5.0,0.7809061069570645,91.24167457003368,85.19635857818004
1.738725125847144,1.7011886667212346,49,21.17,3.8750091465254313,1,2,300,100.0,0.0,0.596591806790534,87.9214508884677,72.74268964800906
0.6933048012101678,1.5313588553929955,12,18.89,3.7468659711866414,1,2,141,100.0,6.0,0.9736742853982744,104.8577287318947,98.2212354998834
1.0026782813887127,2.3387839464288347,48,27.39,3.7703042564871,0,1,300,100.0,0.0,0.8796899957287724,104.8866222903533,91.8709456573495
1.6152623844374117,1.4939269658116603,47,21.89,3.825769245186225,1,2,300,93.49259432669487,0.0,0.7678158042467809,91.13840187603992,84.31187866532304
0.7411398440724624,2.4843160296466253,45,29.98,3.953415782473425,0,1,300,100.0,1.0,0.3602029733918532,78.26673708930606,56.770471175125216
1.7269505361785933,2.202849915490192,55,25.27,3.894547127064168,1,2,300,100.0,0.0,0.5668283950412124,81.87288708776498,70.73164831359543
1.748201266936613,0.9170210287146716,1,33.5,3.77681842538255,0,0,57,77.37586719166319,7.0,0.9387313710636588,94.24936592576762,95.86022777457154
1.2612016006412543,2.3611904292878325,17,16.1,3.918724263970923,1,2,164,100.0,5.0,0.5071011793251603,77.25022059889334,66.6960256300784
0.5095788075752503,0.7327327957709522,3,34.96,3.935474438036952,1,0,50,73.31593675732935,10.0,0.4585942049660347,74.9385053607696,63.41852736256991
0.9305571997623692,2.134899416982383,26,35.59,3.771605064630551,0,0,300,91.00553458890974,1.0,0.908008321234536,100.6964275304077,93.78434602936052
1.4253903775636134,1.2612465869531602,15,35.5,3.991282248207436,1,0,197,80.72956758458959,3.0,0.3059061757348877,66.12060392942132,53.101768630735656
1.9717792670411352,2.2559486408901392,36,27.02,3.918229214297959,1,1,300,100.0,0.0,0.4290712918529925,87.25148136939637,61.423735936013
1.4477202905250026,2.236113380214901,32,22.37,3.771145358886632,1,2,300,100.0,0.0,0.9209905149740768,99.30350618492464,94.66152128203224
0.8897053715962397,2.111850800235242,32,38.03,3.825194913134777,0,0,294,82.8424114310973,1.0,0.7479589807124629,93.90767084355382,82.97020139949075
1.451008554649417,2.0800608726141228,4,35.76,3.96829950404984,1,0,69,82.05596881103615,8.0,0.3546743645618812,71.51595240484492,56.39691652445143
1.3099780695737833,1.1093582781960816,18,26.88,3.818367818987883,0,1,220,80.89171558609816,3.0,0.7409632900194354,98.1956792536291,82.49751959590779
1.6697680927267151,0.6618385661025044,49,20.5,3.804418311165872,1,2,300,80.10204224736712,0.0,0.8298420870763529,94.0605835325208,88.5028437213752
0.6604709582404376,1.305960357530323,19,21.49,3.9162266938274537,1,2,217,100.0,4.0,0.5014305528046966,79.20783398568612,66.31287518950653
1.641541853753042,0.8470490299730173,43,32.91,3.769597875531544,1,1,300,83.07367805958954,0.0,0.8710320458807865,106.32205649913053,91.28594904599908
1.3118998680141654,1.889902177804924,52,27.45,3.79235669116028,1,1,300,100.0,0.0,0.8035123802516043,103.3826068884097,86.72380947645975
1.944488005788492,1.192199453075571,35,21.94,3.8393116243375873,0,2,300,96.54450698266862,0.0,0.6714248541357385,96.4160810642392,77.79897663079313
1.012808249058029,2.45122040171983,40,26.55,3.88217002766123,1,1,300,94.39582775606297,0.0,0.5890115501096878,85.2885424056741,72.23051014254648
1.4489328397009222,1.781944154690664,14,25.3,3.8070845852870496,1,2,180,100.0,4.0,0.8231551483649941,93.563313810851,88.05102353817529
1.8980421582650264,2.144961127268722,58,27.88,3.740431775377453,1,2,300,100.0,0.0,0.947315712099258,111.36964829886644,96.44025081751744
0.6537645919860189,0.7650493454836969,33,35.9,3.951615464515547,0,0,300,71.46193652278953,1.0,0.3162530232425027,84.66063983691379,53.80087994881775
1.9058427308546768,2.224028964545245,14,35.17,3.789206016840613,1,0,174,94.59173587683236,3.0,0.8835643854758787,94.95144339520895,92.13272874837016
1.53182858345122,2.3455143810267884,34,22.11,3.744682529670642,1,2,300,100.0,0.0,0.972196358581044,106.1341903420485,98.12137557980029
0.6017555886577579,1.4741238376378718,55,15.0,3.9128743316594856,0,2,300,99.75739734070225,1.0,0.4737851821228243,84.33968640490426,64.44494473802867
0.9514453504202244,1.7125058755019549,4,24.24,3.906456265139176,1,2,54,100.0,9.0,0.528075787460264,80.76239399787904,68.11322888245027
1.5622581329679224,2.029619601805991,24,22.4,3.7960539894737546,0,2,235,100.0,2.0,0.8646987922780798,93.88565622836283,90.85802650527566
0.6010259022031575,0.8496772545208251,59,23.29,3.724049622907873,0,2,300,97.15201412903467,1.0,1.0,112.97518854606366,100.0
1.37325569026441,1.5051321529268848,29,19.87,3.8798880062273913,0,2,300,90.61661404426576,0.0,0.5930756024564664,85.92154657924625,72.50510827408557
1.018824585429435,1.2973260555446262,19,26.85,3.9722870424013497,1,1,229,90.18071384162566,3.0,0.3206585849524667,73.77415568026683,54.09855303732883
1.4313732766512155,0.7927479843244982,6,20.77,3.8412688954079393,1,2,96,97.06150408166275,7.0,0.7538352504784352,85.1361459862262,83.36724665394833
0.5686130507187692,1.2350688445830629,57,31.06,3.9051001058735535,0,1,300,79.9754240690982,1.0,0.4843791575370785,86.90255237108805,65.16075388764044
1.8073052092285644,0.6363446187709871,33,26.86,3.732001398726751,0,1,300,76.72486762061976,0.0,1.0,108.9993006366245,100.0
1.960233453766096,0.551623813898974,49,28.25,3.856893917978754,0,2,300,86.70971419581127,0.0,0.640828661696154,91.44945829860384,75.73166633082121
1.9533167829285367,0.7703325783096455,40,23.29,3.8908565811668687,1,2,300,93.18001155465163,0.0,0.5546650887618136,85.23857332133919,69.90980329471714
1.624477747614387,2.426230223178348,19,24.17,3.9608361541380175,0,1,233,100.0,2.0,0.3797318576150231,72.11544072911305,58.089990379393456
0.695129360195948,1.599059071790034,53,27.61,3.832667785964948,0,1,300,100.0,1.0,0.7034320439176328,95.73710152782226,79.96162458902924
1.6373947938935338,2.43164432230644,1,20.04,3.82075631045324,1,2,50,100.0,8.0,0.8031440262808527,89.22884148827379,86.6989206946522
0.5368803746882023,1.364995756660264,5,15.42,3.905395882028801,0,2,63,90.80198306169005,9.0,0.5643576474661054,76.75735305233641,70.56470590987199
0.5331853272934959,1.1236322661705191,27,32.8,3.816570903087944,1,1,236,82.38013882119951,3.0,0.7698038742649556,95.4890641729088,84.4462077206051
0.985415328724312,1.5122837256804882,16,30.11,3.825342066188403,0,1,176,100.0,5.0,0.7778619740137125,90.0962201540846,84.99067391984545
1.2329647856069983,1.3790233772658202,6,29.6,3.969100668470479,0,1,95,85.8014570252207,7.0,0.3871923296613545,67.05062455709151,58.594076328469896
1.6556111267116898,0.7113293685234878,40,35.33,3.890609661984319,0,0,300,73.28074335150244,0.0,0.4984461241759321,92.3894034858492,66.1112246064819
1.5249430649097575,1.7816526293804125,13,23.85,3.843228638059749,0,1,190,100.0,3.0,0.7004029863640392,90.83530767462084,79.75695853811075
1.1688540595651224,0.9320763650191992,48,34.03,3.774031933088379,1,0,300,73.40899430578806,0.0,0.8751673341439298,103.58811668781952,91.5653604151304
0.9104399994224988,1.7391759097956592,35,24.53,3.780156415747849,0,2,300,100.0,1.0,0.8753774584369518,100.49960982145646,91.57955800249674
1.9956867502365667,1.8004021847963068,19,18.85,3.761404515100404,1,2,201,100.0,2.0,0.9543616129315132,100.00254083335894,96.9163251980752
1.1392719533539597,0.8040497062572962,12,20.4,3.757073926131374,1,1,151,82.58566424448514,5.0,0.9683169522877428,100.42341789834528,97.8592535329556
1.1770805364945132,0.6226992542213363,16,21.32,3.970227702244936,1,2,153,96.93649490709473,5.0,0.320892542147315,74.77458110911766,54.11436095589966
0.7454357317875038,2.06152317213688,59,21.57,3.9282875832314863,0,2,300,100.0,1.0,0.4019405244480363,85.61364282825238,59.590575976218666
1.692214323124894,1.4196008475386404,43,22.41,3.849863565434101,0,2,300,100.0,0.0,0.673524828565922,90.87761371220904,77.94086679499473
1.540523338672233,0.6163275910109516,10,24.19,3.897365532162304,1,2,134,94.3839079639067,5.0,0.5856336793656258,78.11302399814494,72.00227563281256
0.8311544191831406,2.4897326343395343,25,36.28,3.750929103764842,1,0,261,100.0,2.0,0.9413800876308906,106.8629371637174,96.03919511019532
0.623571568423764,0.6155611219927333,20,35.52,3.856718524469192,0,0,226,67.45236575418507,4.0,0.6318515731887078,92.65929111681594,75.12510629653431
1.5207489531120697,1.8900704577171064,31,31.59,3.854693768711706,0,1,300,97.44949962925106,0.0,0.5910216958731944,98.77540365999768,72.36633080224286
1.4817668214217028,2.4673578505268274,4,23.44,3.797851006504111,1,1,76,100.0,7.0,0.9063203071652902,87.78445835228317,93.67029102468176
0.909889290497314,0.9783602084318512,44,29.51,3.802927367935652,0,1,300,91.80278557370679,1.0,0.758506431232955,103.72301212805466,83.68286697519966
1.926295343375616,0.7844987373743924,23,23.88,3.810411066746153,0,2,268,97.62489553230238,0.0,0.7527948781968636,100.69510685231558,83.29695122951782
0.7265868376713503,0.7427698788448578,2,18.28,3.991889038482132,1,2,39,83.6081057272992,10.0,0.3132558781315928,64.8984959924849,53.59837014402654
1.1485022015639028,1.106550295135191,56,31.99,3.870539422575088,1,0,300,81.12440499165243,0.0,0.5972227576156354,90.07744401050168,72.7853214605159
1.9154238802513983,0.7020916220212934,22,33.51,3.7332063805212985,1,0,248,68.28245627377831,1.0,1.0,108.39680973935089,100.0
1.1295909753891835,1.884322683388264,51,26.02,3.816557725879056,1,1,300,95.57910868815091,0.0,0.7169923229021853,102.09709669769867,80.87785965555307
1.4577889214961284,0.6245835962601254,57,36.51,3.740714777387962,0,0,300,72.31301037486095,0.0,0.9350014372371606,112.76743165137408,95.60820521872706
1.0963915969441915,1.5188442562995794,37,33.77,3.745966828701212,0,0,300,77.93720061444989,0.0,1.0,102.01658564939432,100.0
0.911322803523005,2.4933937077059536,8,33.29,3.939699830958248,1,0,91,100.0,8.0,0.3873685987438207,81.72900967789836,58.60598640160951
1.9759664719397425,2.1279405390120374,7,33.78,3.8184714242443953,1,0,122,91.75478546205758,5.0,0.7932790246166894,91.60440980071616,86.03236652815468
1.1140010094725643,1.7304388764620218,14,37.24,3.8297119394838894,0,0,138,81.58257139078754,6.0,0.7739935289205588,88.39483914298557,84.72929249463235
1.8411488055187013,1.1125072415732231,56,28.04,3.8127881620874384,0,1,300,91.23460017829909,0.0,0.7734554558985284,96.92398696896488,84.69293620936003
0.8449319088366293,1.747791672583277,55,27.46,3.838994901673491,1,1,300,96.16440179493281,1.0,0.6283514268782683,101.95862080347074,74.88860992420732
0.819657056037625,1.5540829278233033,3,34.78,3.8348861834752745,0,0,46,83.54151788512601,9.0,0.742231599615359,89.77795831044301,82.58321619022696
0.546701124326767,1.352166767780743,50,31.88,3.859357759769103,1,1,300,86.3545864307983,1.0,0.6146811099512945,93.4859813715368,73.96493986157395
1.4775002380638276,0.761420753480399,16,19.75,3.889068991811767,1,2,178,93.42949823274857,4.0,0.5784243746581126,83.16245726185254,71.51516044987247
1.0527895155856417,2.273208430480933,55,37.63,3.7773645523734594,0,0,300,86.44932276226096,0.0,0.8209577256085908,108.69800811219662,87.90254902760748
1.7965373747594555,1.399569297642645,19,22.63,3.838650596814528,0,2,252,100.0,1.0,0.7243841998511723,90.12667661133952,81.37731080075488
1.2098148600373355,0.8892450236415301,51,27.52,3.9264204132252782,0,1,300,88.87581461114212,0.0,0.3683264143622972,90.74899159207366,57.31935232177683
1.9522901418720824,1.2355187017545792,18,35.5,3.877336569499077,0,1,248,88.15568922448088,1.0,0.6013175329752664,86.1670236285533,73.06199547130178
0.7782882735546817,1.328259505057854,52,18.83,3.945816463719062,0,2,300,95.20719491963962,1.0,0.359660813592763,82.13416644137361,56.733838756267765
1.802934751933416,2.155075791133749,16,26.94,3.934578040855908,1,1,218,98.17442500481407,2.0,0.4485662622960152,76.6401967850441,62.74096366864968
1.6648952791876126,1.967228761122804,8,32.54,3.928400258440546,1,0,117,94.88827339929038,6.0,0.4812736213381187,75.64066811246214,64.9509203606837
1.656382766966078,2.03860978728268,33,24.86,3.8887805818930414,1,2,300,97.98767841963866,0.0,0.5121245468066792,91.59414070264378,67.03544235180264
1.7671748421753315,0.5220625288572944,49,38.38,3.8208646379734,0,0,300,70.28369756190024,0.0,0.7501350012953049,95.8008058513872,83.11722981725032
1.6415359864144985,1.332307996359523,12,27.01,3.831754697268845,1,2,171,100.0,4.0,0.7929556875070033,85.00319042720226,86.01051942614887
1.4393304824471231,1.4626883032706472,53,31.67,3.835733849020891,0,1,300,84.07134654576353,0.0,0.6467156551234872,101.29361859911852,76.12943615699237
0.6968673165235814,0.5383845536461134,11,21.41,3.8242204451730712,1,2,126,83.80942698874401,7.0,0.7760912727429314,90.87836832059816,84.87103194208996
0.5487892692368779,1.0196264174900684,5,20.9,3.820090943878866,1,2,62,97.92857999493415,9.0,0.7960098811508568,90.45329291670984,86.21688386154437
1.8812717717235303,2.0205796462442702,27,31.66,3.730525836671064,0,0,300,90.70824307344576,0.0,1.0,109.7370816644682,100.0
1.424975471781107,0.7742194114579981,12,34.11,3.852579200181389,0,1,150,80.90218761676391,5.0,0.6686946397647653,90.12356993870986,77.61450268680846
1.6948059364642645,1.5706202629051833,17,35.94,3.886625913082282,1,0,236,88.7248127294546,2.0,0.6145085827858686,79.87347061062545,73.9532826206668
1.222283527268825,0.930403744034475,6,26.52,3.835517499902864,1,1,96,84.47288559567342,7.0,0.7262701455549273,91.45748185420211,81.50473956452211
0.6759622834435917,0.5242415492877865,33,37.66,3.954734753149096,0,0,300,66.5462790487911,1.0,0.3345360210350463,80.81562079607127,55.03621763750313
0.6877786883038257,0.982402915199083,5,19.08,3.905157095573952,0,2,68,92.9945708651086,9.0,0.5353429439453405,80.5035842198563,68.60425296927977
1.528347930843457,2.451747509820108,57,35.81,3.7421018378200985,0,0,300,100.0,0.0,1.0,103.9490810899508,100.0
1.145458842349194,2.1030742237659794,28,27.48,3.7767737972809248,1,1,260,95.08602268693176,2.0,0.8787417881638657,101.77037783905443,91.80687757863956
0.8007870900505051,2.419153288642067,14,29.92,3.948813890287044,1,1,178,93.2987948050847,5.0,0.3728957081404033,78.9810913389277,57.62808838786509
1.2373918201121552,1.475708087852725,5,21.81,3.9577426190342906,1,2,77,100.0,8.0,0.3749341928256792,74.26191637964482,57.76582383957292
0.5963134056127011,0.719472397355007,54,23.65,3.835809290752649,0,1,300,77.8460467549158,1.0,0.6288557270232895,103.48838874576435,74.92268425833038
1.372957102871598,1.595918977947386,56,35.15,3.721142083663264,1,0,300,86.55297221226425,0.0,1.0,114.42895816836796,100.0
0.9034901066526464,1.4087546691199218,59,25.15,3.884912160493416,0,2,300,94.82354251771424,1.0,0.5519103724584125,88.55512319599127,69.7236738147576
1.6963386509557823,2.188714165479232,33,27.91,3.8449448693458312,0,1,300,100.0,0.0,0.6946538744812105,90.69583101693324,79.36850503251422
0.9655429383853606,0.6961651615684892,50,30.33,3.810839860006469,1,1,300,81.24985405069957,1.0,0.8049018631963877,93.967337097217,86.81769345921538
1.1828302236227015,1.4764822740435564,48,32.91,3.761559010935237,1,0,300,83.40747617109393,0.0,0.8769704011503351,109.59919438859016,91.68718926691452
0.517430809862151,0.8000973293879685,41,34.95,3.792922235383552,0,0,300,74.94798862110899,1.0,0.8815671662975003,93.34298652103668,91.99778150658788
0.6086703316918383,1.14935185378012,19,20.13,3.9072821583920208,1,2,192,89.97144261100652,5.0,0.5180046042473592,81.60834527306976,67.43274353022697
1.0887403346100273,1.9747141547755995,22,30.24,3.8653622961816527,0,1,284,95.72374173225592,1.0,0.612335772984506,90.77688028611036,73.80647114760175
1.2199082520756852,1.452036258737533,5,35.06,3.832464355435437,1,0,91,78.43722475440566,7.0,0.7262107018468413,92.99148455142624,81.50072309775955
1.4000308221789557,1.2517765702915389,59,24.07,3.8901938781710266,1,2,300,90.59855620229445,0.0,0.5144946774699846,90.5912262307386,67.1955863155395
0.9374938680639548,1.2889525571400706,2,31.26,3.822125005308924,1,1,44,89.22215509486426,9.0,0.7359891022036633,96.93885957008018,82.16142582457184
1.5424728291898138,1.4188935368119733,30,30.07,3.826351551835177,0,1,300,99.69908238353335,0.0,0.7488379842246677,93.21947605432813,83.02959352869377
1.7901835957838068,2.0700330876741138,47,22.82,3.935556204695069,1,2,300,100.0,0.0,0.374760906211585,85.37678437601777,57.75411528456655
1.6697764833400246,2.2841693778804686,39,19.01,3.776731998757616,0,2,300,100.0,0.0,0.9200133654897013,96.63232993497974,94.59549766822306
0.5594282380225357,2.410669373007857,4,34.99,3.79475189609228,0,0,58,95.00771720994648,9.0,0.8846779407636378,92.0393093584055,92.20796897051608
1.2207604208867435,2.07380677251059,33,26.4,3.8152255179748895,1,1,300,100.0,0.0,0.7725424842068964,95.81943048669332,84.63124893289842
0.6573952676272623,1.1308137914960257,13,26.97,3.8546494558485698,1,1,164,86.83945621766208,6.0,0.7240520853238687,82.16876141023161,81.35487062999113
0.8630675237937913,1.8762694121730843,20,26.88,3.82448557981949,0,1,244,93.3119683210886,3.0,0.7839875132941247,89.75877092848961,85.40456170906248
1.97999388990072,1.3752062481107838,54,19.06,3.785362101758304,0,2,300,96.71556178548393,0.0,0.8170012847596163,105.193788525896,87.63522194321732
0.7137433143522698,1.0093412440921024,7,31.09,3.761471823276092,0,0,89,71.59070155103782,8.0,0.9472283225101066,100.86054804819112,96.43434611554774
1.248332230177034,2.181743158851845,15,26.0,3.9817569266907658,0,1,153,100.0,5.0,0.2686745772907019,75.53721449327946,50.58612008720959
1.4272336014771787,0.57685269792465,23,22.58,3.8454037150491502,1,2,263,83.19565301427569,1.0,0.6733513264673479,93.12922666700648,77.9291436802262
1.553697455816156,2.303523984270848,14,23.96,3.8562012048354695,1,1,171,94.03105615783493,4.0,0.6769482474564112,87.28086665021394,78.17217888218994
1.339473025230371,1.4229549292494683,23,35.03,3.832421161132661,1,0,299,87.77340201035203,0.0,0.7352994684005212,91.8769858836043,82.11482894598116
0.5146562711287754,1.7744029536165609,19,33.7,3.895741145284835,0,1,192,100.0,5.0,0.5411518996401907,84.48543990255878,68.99674997568856
0.989691962365988,1.8187078444115647,54,37.05,3.897881586544891,0,0,300,93.97197654963435,1.0,0.5142019278042654,86.78396575202139,67.17580593272064
1.276567465077067,2.290235481413073,29,38.29,3.904425197004165,1,0,275,93.31696833598396,1.0,0.4766451446233045,88.20675842000443,64.63818544752057
0.63179974871725,1.7733393643344146,56,29.17,3.824442592338996,1,1,300,97.49150685868014,1.0,0.7282226152720841,96.7508769214918,81.63666319405974
1.025940396813771,1.7278671695201235,20,31.5,3.79981251735503,0,1,240,96.33189220894411,2.0,0.8240077605682441,97.0927712514546,88.1086324708273
0.5498046631870499,0.6333040811213799,29,33.55,3.856359004728435,0,0,257,70.55631936979307,3.0,0.6605632846489665,89.25008705466199,77.06508680060585
0.6178677457325311,1.5368160438904082,24,20.07,3.944874545556878,0,2,213,100.0,4.0,0.3461878170190714,84.28925009417723,55.82350114993726
1.0953849143023942,0.8003380016340833,18,29.52,3.8541838564850015,0,0,219,68.24327004654582,3.0,0.7048624056860616,84.8002710467412,80.05827065446363
0.6990736310645905,1.9748675374429712,10,31.56,3.819684440729177,0,1,97,93.52809103026338,8.0,0.769954657241278,93.91344748025196,84.45639575954581
1.3513112723923373,1.524443841625349,41,32.62,3.730463339633466,0,1,300,99.23739500871147,0.0,1.0,109.76833018326698,100.0
1.5341974537058989,1.8604555584167064,57,20.34,3.808024920368041,1,2,300,100.0,0.0,0.7393258102756783,103.57181353151972,82.38687907268097
1.7008800486636244,0.5833458012047685,8,34.49,4.003656578502167,1,0,110,69.76189783579969,6.0,0.2774404639328336,63.49165275731261,51.17840972519146
0.8002253663672152,0.6695840320916064,26,33.49,3.8389830020786913,0,0,235,73.19021650698332,3.0,0.6666131226119381,97.18185863416228,77.47385963594176
0.7512238733886046,1.9326467761253645,29,35.77,3.777005075343456,0,0,300,81.14123691771648,1.0,0.8425255047281486,106.1817742372542,89.35983140055058
0.6568517605016004,0.6441686719973467,10,31.37,3.768921577242308,0,1,112,83.62334862388497,7.0,0.9219377090000656,100.29699775383811,94.7255208783828
1.454645374315455,0.6425134555305172,17,31.51,3.8207599602010793,1,0,202,69.27628942328322,3.0,0.7306420603304554,98.28976235815338,81.80013921151726
1.5597135897303518,0.5242169504697749,2,23.23,3.8212328055779055,0,2,56,95.56541764978319,8.0,0.7426088519471001,96.55749071765943,82.6087062126419
0.5473792172384631,2.41300279659896,6,27.17,3.885436127379002,1,1,81,98.57734790394028,8.0,0.557706854366385,87.56857951470097,70.11532799772871
1.9043183693655348,1.975016718918014,58,28.34,3.862452855845186,0,1,300,100.0,0.0,0.6267638914695441,90.42808564371391,74.78134401821245
0.5779569254772086,1.2065028170041283,5,35.92,3.861292994675868,0,0,71,82.17691274938804,9.0,0.6615134180765132,86.66432540250219,77.1292850051698
1.3119445029516057,1.0930711625753105,28,21.44,3.786743772144352,1,2,300,97.81987232859574,0.0,0.8659791058566497,98.38072569574284,90.94453417950336
1.5635907791763746,1.199406459491699,41,27.69,3.762776005472272,0,1,300,89.52917924231143,0.0,0.9330402975546254,101.9819600695358,95.47569578071791
1.8064536856191284,2.049307062362364,5,27.36,3.913731372106515,0,1,102,96.56771247152794,6.0,0.4712612032989753,84.22666353437084,64.27440562830914
1.5711303981986418,1.8227412221408288,18,36.94,3.900822134221014,1,0,226,89.48916855841529,2.0,0.4954674213436617,87.65550522153524,65.90996090159877
1.7025921246046878,0.8703911357349359,26,35.84,3.740641614290441,1,0,289,76.26678332021115,0.0,0.962365321289424,109.38352769360164,97.45711630333946
1.0091752888142091,0.8482186706681687,20,22.66,3.835608050988344,0,2,261,98.03546739910837,2.0,0.7121070714781281,93.18259057106198,80.54777509987352
1.7222376706197684,0.6967912994267946,41,32.46,3.761423395768744,0,0,300,67.17964738238713,0.0,0.9511178514241352,100.39857068761133,96.69715212325238
0.6201722695770127,1.8206054394026765,49,20.86,3.723426525256774,1,2,300,100.0,1.0,0.9765929550974248,116.21261798443504,98.41844291198817
1.842224984090792,2.028745324443472,27,30.7,3.84265360691292,0,1,263,100.0,0.0,0.6674378019748141,95.243471296689,77.52958121451447
1.3213885642306042,1.030092856650008,49,22.11,3.8552891879571,1,2,300,95.69460569355405,0.0,0.6854837264272096,86.669940218049,78.74890043427092
1.7259466549437406,0.5418899220618256,12,23.98,3.845694568200846,1,2,136,89.31116843001763,5.0,0.6836807012825332,91.6926282392606,78.62707441098198
1.1784774267774505,0.6643433349528547,7,27.3,3.828946772358155,0,2,91,96.73372741759661,7.0,0.7414253471199257,92.84844543093192,82.52873967026525
1.4653665427947875,2.4357200696900607,59,31.12,3.901315075888258,1,1,300,100.0,0.0,0.4835191295918385,88.90257085689109,65.10264389134043
1.28960399140417,1.0908895549548403,3,35.19,3.822632106417262,1,0,65,78.01312807451549,8.0,0.7874785220415615,90.24913153617396,85.64044067848388
1.5973842826329978,2.038446295676267,10,26.47,3.974143397371943,0,1,145,95.95532749088117,5.0,0.3230660860478117,72.54504055805195,54.26122203025754
0.6224449730458843,1.7493271377085275,34,29.89,3.8204305872645614,0,0,300,89.0011378146475,1.0,0.7867462542831065,91.44142458233048,85.59096312723693
0.5905281259858457,1.2638792793057918,25,21.49,3.809238661245312,1,2,300,100.0,1.0,0.8173816860212436,93.20795862468852,87.66092473116511
0.8706548510152197,0.9113745243911102,35,21.02,3.8239221764909286,0,2,300,91.30852470101972,1.0,0.7126088802045244,98.96280172897018,80.58168109490029
0.7393170201697825,0.7427728363188129,16,23.17,3.778410386420525,1,2,166,88.37543782977681,5.0,0.9381226115573488,93.52948034506905,95.81909537549654
1.8076753498883025,1.7300259360777333,2,21.54,3.806291920567452,0,2,64,100.0,7.0,0.8471324171272563,90.96248757536716,89.67110926535516
0.8288209810370665,2.049267561275576,24,21.04,3.807537484835016,0,2,234,100.0,3.0,0.8057498174290227,95.51253040386416,86.87498766412315
1.963797883728697,1.7878085070822614,10,31.44,3.810102324227437,1,0,167,91.86563931299315,3.0,0.7999032307377036,94.96093404406884,86.47994802281781
1.0053436876566604,1.5606042664983166,38,33.12,3.7674331212779175,1,0,300,84.45492262568033,0.0,0.8994048409187991,103.8578342461914,93.20302979181076
0.7731768735330489,0.5839024468632725,22,23.43,3.952390654518017,1,2,284,96.78478834380918,1.0,0.3811958626040181,76.15518991548942,58.18890963540663
1.6845477607137187,2.436977555188768,26,33.15,3.834305101839284,0,1,258,100.0,1.0,0.7056252084153178,94.64429802844342,80.10981137941337
1.4880616632513142,2.097428383309149,43,27.71,3.7645319351530393,0,1,300,99.6316253101853,0.0,0.8884121096146725,106.68251872164625,92.46027767666706
1.2472935746797085,1.0856440734019297,55,22.98,3.872830754144464,0,2,300,90.38136834236501,0.0,0.550090830515368,94.82326911334712,69.60073179157892
1.3330453264064468,2.4599406587177013,39,36.9,3.761754710905126,0,0,300,100.0,0.0,0.952108577626698,100.10907234409972,96.764093082885
1.5788026674083957,1.7037631792726442,27,25.57,3.837721320509064,0,1,264,98.39438108542761,1.0,0.7002619760278217,93.6065927419904,79.74743081269065
0.8426821119969481,1.664845316414493,29,29.1,3.939493380329618,1,1,300,98.63588965558668,1.0,0.452803636235951,73.652855305697,63.027272718645335
1.994500874085113,1.996146358859064,47,25.78,3.878231592134961,1,1,300,100.0,0.0,0.6094271930794086,84.70580479759334,73.60994547833842
1.9621897432201747,2.123539576180275,38,24.59,3.902094214056498,1,2,300,100.0,0.0,0.5036590110452724,85.99551659109221,66.46344669224814
1.4754885295204052,1.8129572146630053,20,28.45,3.937405458853964,1,1,244,99.81757075122052,2.0,0.4297071106435984,77.58388174256822,61.466696665108
0.7993136763937176,0.7561914927324,27,28.9,3.8699798927888462,0,1,300,81.49735867548763,1.0,0.5574989207164434,95.32268851602149,70.1012784267867
1.5203423636469369,1.1765350119889968,41,25.65,3.741048183026501,0,1,300,87.75332386124136,0.0,1.0,104.4759084867495,100.0
0.6082976134687638,2.3561672806520995,54,30.12,3.728102349491659,0,1,300,93.52704520183512,1.0,1.0,110.94882525417064,100.0
0.545978753308709,0.949231223687704,20,39.17,3.9311631155586646,1,0,221,72.57338228195627,4.0,0.4265158232149981,81.10396431879296,61.25106913614852
0.8865243327668205,1.2443340476750266,44,18.98,3.960803605346182,1,2,300,88.61537640193005,1.0,0.3780942438246734,72.336416848825,57.979340798964415
1.1939344351089745,1.364153765888392,19,20.98,3.904308725548834,0,2,187,100.0,4.0,0.4741806131626605,88.57306058025067,64.47166305153112
1.8024087581125707,1.3788099793889044,20,35.46,3.8025103207122695,1,0,226,83.37727104310612,2.0,0.8409144011265521,93.63053950304628,89.25097304909136
1.590753604649462,1.725879164989051,35,36.57,3.8189074646391967,1,0,300,83.96483496359247,0.0,0.7288817033468787,99.43605476204182,81.6811961720864
1.6140597817999716,2.3861516754894154,47,20.32,3.752010603935029,0,2,300,100.0,0.0,0.984838056929514,100.8899409162967,98.97554438712932
1.138240001672113,0.98138542366501,2,19.5,3.803649823353731,0,1,51,84.80020670173357,9.0,0.8474858117378332,92.23936185590534,89.69498727958333
1.0189024888204443,0.7430027526018361,30,32.08,3.848551110824189,0,1,300,76.79238028865356,0.0,0.7177935965338053,86.00024502117965,80.93199976579766
1.056558144476904,0.8949409797198746,53,24.28,3.856790372627864,1,2,300,93.18784181558613,0.0,0.5874535992670292,98.17311377768922,72.12524319371819
1.9814743456040864,2.273849800418539,34,22.77,3.834190933865892,0,1,300,90.7564041934855,0.0,0.714492863296683,93.59292515496864,80.70897724977588
0.5601637871187237,1.791621625310412,22,33.78,3.812510825799844,0,0,230,88.72773174975639,3.0,0.7633104947222196,98.33077525980065,84.00746585960943
1.8005472441836727,1.0718135784783205,3,32.7,3.789045784750156,0,1,65,89.44968285549726,7.0,0.9128876837127634,91.36614716082644,94.11403268329482
1.3680131128585902,2.1318938779372347,6,32.34,3.9004104469365,1,1,101,100.0,7.0,0.543562955806099,81.84940705598767,69.15965917608777
1.1579231287843856,2.222739992726872,15,30.82,3.826016362840236,0,1,149,98.21924756629527,5.0,0.7685058774675856,90.9285838964338,84.35850523429633
1.5878864906227048,2.193028677380556,27,21.47,3.833869399447452,1,2,300,100.0,0.0,0.6973958874773075,95.89081434161068,79.55377618089915
1.2300034121370542,2.337853067279109,10,35.17,3.939341349676218,0,0,149,100.0,5.0,0.4564178444372875,73.27709460723011,63.27147597549239
