cycle_count,charge_rate,discharge_rate,depth_of_discharge,storage_time_months,battery_age_months,chemistry_type,chemistry_type_encoded,charging_behavior,charging_behavior_encoded,SEI,IR,SOH,CSI,category,current_voltage,ambient_temperature
1176,0.7860315809954999,2.246846476163321,40.17928161386892,26,59,NMC,1,overnight,2,0.9571792816138688,108.35628917309474,54.39926012503433,0.6822083660300867,Warning,3.7439926012503433,23.55
910,0.5548245017721423,2.301403728022517,80.40335429970227,1,34,NMC,1,normal,1,0.7394033542997023,86.29766965812433,64.25538221088257,0.5324416995744197,Warning,3.842553822108826,26.41
1344,1.208100417664999,1.3434418537469108,56.8431597819312,28,17,LFP,0,overnight,2,0.9358431597819312,100.26663371910196,56.55059426163133,0.6550854317065316,Warning,3.7655059426163136,19.39
1180,1.3472616998939246,1.0536555944701032,87.35988423120492,2,43,NMC,1,fast,0,0.9103598842312048,108.10345362137436,55.62031216994501,0.6594381976147086,Warning,3.7562031216994503,34.98
1145,0.5985629591425286,1.6847006571867245,78.27925417292906,15,43,LFP,0,normal,1,0.909779254172929,105.9321126681382,56.06909611204914,0.6546025823352315,Warning,3.7606909611204915,28.41
1094,1.663291425042516,2.3247266912333817,82.11579571997797,29,53,LFP,0,overnight,2,0.946115795719978,105.10254889309785,55.32659532838098,0.6701203556424951,Warning,3.75326595328381,30.75
171,1.1799332521220414,0.9213243780113332,72.49294701448572,1,16,LFP,0,fast,0,0.3079929470144857,77.3693232766353,76.8263116693108,0.3087722287128148,Moderate,3.968263116693108,34.63
516,1.28658540399137,1.7459331671269656,34.19430155757655,16,2,NMC,1,overnight,2,0.4301943015575765,75.29379335737275,74.18638378958605,0.3624592592903316,Moderate,3.941863837895861,18.61
1288,1.1611441204073425,1.763120440185041,63.60215351175506,11,34,NMC,1,fast,0,0.931602153511755,101.64425183973904,56.38109579425832,0.6559639517815357,Warning,3.7638109579425834,35.55
380,1.101144591312989,1.966226044830562,98.77357916196064,34,55,NMC,1,fast,0,0.6217735791619607,99.72197213164787,64.5112660946214,0.5047585915783919,Warning,3.845112660946214,30.85
137,1.3394604969623267,0.7631353702545196,94.99104531976953,0,8,LFP,0,fast,0,0.2874910453197695,70.43153956701163,78.72641595360344,0.2844644796176149,Safe,3.9872641595360347,34.82
1446,0.7328603688960688,1.931649929364177,23.453898863760934,14,13,NMC,1,fast,0,0.9134538988637608,104.73785845735873,56.21608083693423,0.6538401047207397,Warning,3.7621608083693427,35.03
1173,0.7728921957429067,2.318065041331282,33.18518525835497,25,42,LFP,0,normal,1,0.895685185258355,109.14025962934096,55.77981844267293,0.6546450082193347,Warning,3.7577981844267296,30.38
921,1.792678431520276,0.8593662177404839,30.538301876364955,20,8,NMC,1,normal,1,0.655038301876365,81.25686702183945,67.37266904872298,0.4817826141371362,Warning,3.87372669048723,30.92
180,1.9191731932004488,0.9750866498477552,78.07839279882364,30,30,NMC,1,fast,0,0.4180783927988236,75.14041951312748,74.5199562774039,0.3563821175570089,Moderate,3.9451995627740395,33.99
1382,1.0599639744196294,2.442790188083279,85.4228263885556,24,32,NMC,1,overnight,2,1.0,100.2516700206614,54.94966599586772,0.685528507043389,Warning,3.749496659958677,21.55
819,0.9061170097153306,0.8619539054189795,37.08090930485376,22,36,LFP,0,fast,0,0.6985809093048538,86.95332738477323,65.144811790424,0.5144279194278294,Warning,3.85144811790424,33.47
393,1.4659993148585235,2.2087701867391583,60.46821543614632,23,47,NMC,1,normal,1,0.5439682154361463,84.87664441133892,69.42546573182855,0.4366258555959812,Moderate,3.8942546573182857,24.62
1487,1.1131012566471443,1.4845557128960696,87.256242240896,27,30,NMC,1,overnight,2,1.0,106.48510160124536,53.702979679750925,0.6986187133626153,Warning,3.7370297967975095,22.93
855,0.5380795334905173,0.994462148806354,78.62412358130004,20,1,LFP,0,normal,1,0.6491241235813,79.96782972690343,67.77833096508681,0.4762664011276147,Warning,3.8777833096508685,24.18
435,0.7342288960492855,2.2414998025450226,63.378976439347866,17,43,LFP,0,normal,1,0.5438789764393479,85.88463445440642,69.22609869813502,0.4387002461629437,Moderate,3.8922609869813503,26.76
1265,1.5739583432710962,1.390610510005331,67.22781523670183,35,39,LFP,0,overnight,2,0.9867278152367018,109.17312966454182,53.49717868617409,0.6979592845329713,Warning,3.734971786861741,19.01
1005,1.488385912865227,1.5296347078593804,60.6688437533024,34,17,LFP,0,fast,0,0.7821688437533025,85.04907903603737,63.43596309895996,0.5501332667584972,Warning,3.8343596309895998,36.1
326,0.5406439887552252,1.2184667387995314,43.80387610550565,8,59,NMC,1,fast,0,0.4998038761055056,93.93702723883403,68.71749764959554,0.4346745983516666,Moderate,3.8871749764959556,38.6
1234,0.8329582428994242,1.6859017028698549,65.20175942872129,29,20,NMC,1,fast,0,0.9002017594287213,92.407821621601,59.013391689961765,0.6216522611340047,Warning,3.790133916899618,32.4
509,0.846612194882107,0.8270477451700455,75.11082416400725,33,24,NMC,1,fast,0,0.5676108241640073,76.65247241432485,70.47923491303484,0.4305853335479856,Moderate,3.9047923491303487,31.29
1387,1.5078391153980926,1.2821630733035214,89.86583326886462,31,50,NMC,1,overnight,2,1.0,110.69105748046226,52.86178850390755,0.7074512207089707,Critical,3.7286178850390757,21.63
71,0.5295658066315463,2.438824644670575,70.90330831833984,2,22,NMC,1,overnight,2,0.2764033083183398,74.95414270169826,78.09908875170186,0.2886952711247778,Safe,3.980990887517019,22.05
302,0.6561628729768607,1.016266865402255,80.88972296345264,2,29,NMC,1,overnight,2,0.4228897229634527,89.4020802029058,71.54734088533252,0.3886169868337422,Moderate,3.9154734088533254,22.66
797,1.699874128059784,1.8134733290825844,32.80573079636584,27,22,NMC,1,normal,1,0.6513057307963659,91.06606565705827,65.5041435986792,0.5006089600080962,Warning,3.8550414359867924,26.66
906,0.7678169930815004,1.1503801284493895,56.92459795358319,14,44,NMC,1,overnight,2,0.7699245979535833,100.87221395577274,60.57744226000587,0.5775458333350748,Warning,3.805774422600059,21.4
524,1.479119161777812,2.046946251373201,20.746529586167465,22,9,NMC,1,fast,0,0.4537465295861674,78.9105185885696,72.87423304263189,0.3812416905894257,Moderate,3.928742330426319,35.74
1132,0.8572741715700898,0.7617473214366997,39.73430916172984,10,37,NMC,1,normal,1,0.8367343091617299,93.90159315669584,60.30132363961759,0.594642142480883,Warning,3.803013236396176,31.12
560,0.6491620891390177,2.439642090157089,78.11693720904039,31,10,LFP,0,fast,0,0.5501169372090404,84.95922127461287,69.25523231485141,0.4397199098509812,Moderate,3.8925523231485144,31.09
749,0.8647582864991812,1.4075790827672785,99.34479610794908,35,36,NMC,1,fast,0,0.7518447961079491,95.38252108900896,62.12737587949948,0.5574295724381947,Warning,3.821273758794995,34.26
1025,1.5834003977834887,0.972100926692928,27.934247966977274,32,37,NMC,1,overnight,2,0.8154342479669772,103.9575771300101,58.82262837482355,0.6056421797573355,Warning,3.7882262837482354,22.64
239,1.7835447021594286,0.6469934946600253,52.11954526890306,23,28,LFP,0,overnight,2,0.4016195452689031,78.8692651536714,74.18565833754315,0.3563947408254388,Moderate,3.9418565833754315,19.25
1007,1.7453297968504873,0.8395158101750815,84.00567749593276,33,28,LFP,0,fast,0,0.8375056774959327,93.62027128689176,60.33830380522333,0.5944177665130407,Warning,3.8033830380522335,38.46
736,1.0957752944276822,1.539547897112035,36.32285077031191,27,42,LFP,0,fast,0,0.684322850770312,98.46619441112996,63.19868984851621,0.5318323623792711,Warning,3.8319868984851624,33.73
1007,1.5021277048559694,1.1740063528625726,64.4067959441829,6,43,LFP,0,normal,1,0.8089067959441829,97.65205310379528,60.24691948063637,0.5893000395914569,Warning,3.802469194806364,27.88
612,0.8074764431237315,2.1577667317652187,78.64570368237398,3,21,NMC,1,overnight,2,0.5536457036823741,90.00135988405347,68.15858543112995,0.45198456500564,Warning,3.8815858543112998,23.67
1317,0.93972159539152,1.361775047323612,69.27883602081432,0,24,LFP,0,normal,1,0.8997788360208143,105.91619127764518,56.32229084395061,0.6498189487929418,Warning,3.763222908439506,26.23
881,1.84450372778168,0.9974285451752598,35.04197876923329,0,42,LFP,0,normal,1,0.7015419787692333,96.15491041062528,63.23046844864412,0.5351577517776989,Warning,3.8323046844864415,22.46
1204,0.5195028852661041,1.73428997320806,48.43076549485915,19,40,NMC,1,normal,1,0.9084307654948592,108.84306601687246,55.52061765925403,0.6600750522454902,Warning,3.7552061765925404,26.71
696,0.6282627962817021,1.913554433770892,82.70334275883178,18,2,LFP,0,fast,0,0.572703342758832,85.33814311127023,68.61478780877516,0.4512441883441127,Warning,3.8861478780877516,37.06
70,0.811829382719041,0.8340838158018997,64.33812113056133,28,55,LFP,0,normal,1,0.4203381211305613,78.94685803253898,73.70217536522817,0.3654490094053485,Moderate,3.937021753652282,26.99
890,0.5397983058107296,0.8352384325766353,20.41836908343302,9,8,LFP,0,normal,1,0.607418369083433,95.2382936001935,65.76688205287547,0.488524141875037,Warning,3.857668820528755,25.46
216,0.772153152634696,0.5733428538670859,80.8792608022475,17,48,LFP,0,fast,0,0.4668792608022475,87.79878558671786,70.76826136260024,0.406145098613175,Moderate,3.9076826136260028,36.85
1347,1.3745623414545385,1.972804030131281,22.82490839521913,27,27,NMC,1,overnight,2,0.9313249083952192,104.93686199161613,55.729504891796296,0.6627467416701228,Warning,3.757295048917963,21.01
437,1.132136825888747,1.8276090552436104,79.65870261849858,34,22,NMC,1,overnight,2,0.5321587026184986,81.64074401545918,70.3678836314457,0.4242209461762511,Moderate,3.903678836314457,20.47
650,1.8390075666154624,1.4492617514996278,36.19844481321899,30,37,NMC,1,normal,1,0.632198444813219,95.032848427443,65.18846919418093,0.4998632429839093,Warning,3.8518846919418093,28.45
365,1.7261653426076613,2.188340897938394,96.64587840955042,26,27,NMC,1,fast,0,0.5121458784095504,82.73802518101243,70.64874800355875,0.4170191451246625,Moderate,3.9064874800355875,36.54
63,1.012726027546814,2.1113403059001064,49.43526010416676,10,57,NMC,1,overnight,2,0.3719352601041668,80.02256477220448,74.69710554295494,0.3447166345711085,Moderate,3.9469710554295494,29.15
291,0.8891351501469387,1.6707087287935043,46.15452930704633,4,29,NMC,1,normal,1,0.3866545293070463,85.60072964628895,73.21349083806605,0.3634224336780538,Moderate,3.932134908380661,30.48
826,1.0695386122509003,2.2365425610265173,31.911044026595576,7,3,NMC,1,normal,1,0.5679110440265956,80.289300151792,69.7443638689767,0.4383652762313961,Moderate,3.8974436386897673,31.48
1419,1.3854424137722117,0.9116824200735364,44.44833723921719,33,44,NMC,1,fast,0,1.0,103.86970456385622,54.22605908722876,0.6931263795840981,Warning,3.742260590872288,33.99
614,0.9020954612343144,0.7238392387954558,90.13206094625605,11,13,LFP,0,normal,1,0.5581320609462561,91.93092950576208,67.66051257519118,0.458167680911572,Warning,3.876605125751912,24.92
947,1.436223361773701,1.0394992230339792,99.70674701017978,0,45,LFP,0,overnight,2,0.8082067470101798,106.19910720406334,58.55500988393284,0.6069163299583684,Warning,3.7855500988393285,22.19
1413,1.1141174782868606,0.6141737121786297,49.464762440547865,30,10,NMC,1,fast,0,0.945964762440548,101.36156832184928,56.07856727461645,0.6621925556351438,Warning,3.760785672746165,35.21
141,1.3280707712779702,1.562339056002064,55.8888504763634,3,36,NMC,1,overnight,2,0.3403888504763634,80.59755818254699,75.37076710158152,0.3309395761596213,Moderate,3.9537076710158154,18.76
1440,1.154189793702975,2.373211384589923,77.76567505621897,4,9,NMC,1,overnight,2,0.932765675056219,99.7266828296748,56.73552155765957,0.6524897295940211,Warning,3.767355215576596,21.47
1005,0.9416986393128766,0.5786870813370193,90.89566243720596,29,54,NMC,1,overnight,2,0.913395662437206,98.19816157547096,57.52547612397565,0.6400790789661619,Warning,3.775254761239757,23.2
558,1.922679960443235,0.7442198280200536,67.44354673494273,23,56,NMC,1,normal,1,0.6604435467349428,90.38996818054872,65.41091769551669,0.5035296178782501,Warning,3.854109176955167,29.08
825,1.6454086912396413,1.4043980565668706,51.32205585422635,2,55,LFP,0,normal,1,0.7328220558542264,102.58777684115556,61.16189323541322,0.5635248078971842,Warning,3.8116189323541323,29.51
84,0.7101697636496789,2.36775003505581,53.0097472678899,10,27,LFP,0,overnight,2,0.2960097472678899,80.5656179415652,76.48663272998971,0.3097924276295346,Moderate,3.964866327299897,22.87
255,1.802701963846869,1.132312209953501,75.64945171974455,3,34,NMC,1,overnight,2,0.4111494517197446,84.67368565588772,72.78652657582884,0.3731107294442429,Moderate,3.927865265758289,20.48
1154,1.2311467973742705,1.5144696173767849,20.257461088342296,25,51,NMC,1,fast,0,0.9002574610883423,111.7242721419183,55.14870904440778,0.6622432655149911,Warning,3.751487090444078,33.97
1461,1.841828340341137,0.5831457181007842,69.56714699678726,26,1,NMC,1,fast,0,0.9550671469967872,88.38809154573035,58.44570301593425,0.6392718870695078,Warning,3.7844570301593428,32.6
1075,1.6997828839209728,0.7966864019241777,48.43944083530859,26,32,NMC,1,normal,1,0.8339394408353086,96.01630457053872,59.94825306500954,0.5977554739949029,Warning,3.7994825306500957,33.35
1071,1.1378202567038502,2.473260245917694,83.53578650216674,5,25,LFP,0,normal,1,0.8040357865021667,91.28338140024968,61.6424290573959,0.5736120995290535,Warning,3.816424290573959,28.04
1463,0.533703962480176,2.4302373928720917,27.439251185850573,14,29,LFP,0,fast,0,0.9739392511858506,107.70293323485603,54.11093207338253,0.6887973041064768,Warning,3.7411093207338255,34.55
615,0.9030160390774192,0.5098799618688192,67.05618135587125,29,7,NMC,1,overnight,2,0.5535561813558713,82.52295752060064,69.65650396198309,0.4362373969373001,Moderate,3.8965650396198312,19.21
1179,1.3124513219913003,2.403623570846478,58.4778311908899,34,49,NMC,1,normal,1,0.96297783119089,113.0955627413745,53.30644167195285,0.6949151515725591,Warning,3.733064416719529,36.81
752,1.450217329739221,1.7782398756310007,71.38604207241819,22,3,NMC,1,overnight,2,0.6003860420724182,78.7037251882812,69.24960391053331,0.4504611928797891,Warning,3.892496039105333,18.78
451,0.8868315281498034,2.235836589040044,25.18828755863747,5,20,NMC,1,fast,0,0.4206882875586374,74.27600524641409,74.62759176175125,0.3558065476078224,Moderate,3.9462759176175126,34.14
779,0.7090341111092362,1.4094797112677182,66.3987029942505,3,20,LFP,0,normal,1,0.6218987029942507,83.22487523079253,67.80755737898522,0.4701741219069333,Warning,3.8780755737898525,29.25
211,1.7523953551989486,1.5311920571585005,64.91876703676189,17,53,NMC,1,normal,1,0.4634187670367619,89.0426594757621,70.60599892892853,0.4071134992415623,Moderate,3.9060599892892856,29.8
251,1.9766032710553283,1.4776931605138404,64.85280755329367,8,30,NMC,1,fast,0,0.3963528075532936,84.79327094974391,73.13252562121887,0.3663334525822767,Moderate,3.931325256212189,36.92
1045,1.2885352734540287,1.833728515092209,68.27901332771638,28,35,LFP,0,normal,1,0.8517790133277163,92.41684014184186,60.22215663843872,0.5986703956285332,Warning,3.8022215663843872,33.42
319,0.7575189287724553,0.7793025095126258,74.11743497810897,12,35,NMC,1,fast,0,0.462617434978109,79.64160209172496,72.50624370720229,0.3869906460072241,Moderate,3.925062437072023,36.01
865,0.9084609897790534,0.5599471797453559,84.39911997446158,16,49,NMC,1,normal,1,0.7958991199744616,100.0145369718868,60.0996146062611,0.5880826096288315,Warning,3.8009961460626114,24.83
1344,0.5275860148212002,1.1158598831823818,41.58565761025714,31,39,LFP,0,fast,0,0.9925856576102572,99.1714450954629,55.35106954065099,0.6797382220653442,Warning,3.75351069540651,34.49
505,1.8714482098407488,1.9093615254732932,86.00395281440497,21,27,NMC,1,normal,1,0.561503952814405,92.02790088935534,67.55682100176881,0.4599729694544886,Warning,3.875568210017688,28.92
1325,0.6766266243352117,0.9037069042458968,59.86045458107629,3,26,LFP,0,overnight,2,0.9063604545810762,104.39363340734744,56.46226195400361,0.6497478460814408,Warning,3.7646226195400363,28.2
1066,1.3647747132713803,1.8468648666498344,26.16466233074649,4,14,LFP,0,overnight,2,0.7091646623307466,86.24023170962849,65.02283709980564,0.5179577011973245,Warning,3.8502283709980567,17.81
345,0.911082831030809,2.4398240922145407,24.684074339518336,12,17,NMC,1,overnight,2,0.3721840743395184,70.77256571127788,76.54088499925646,0.3254098233049547,Moderate,3.965408849992565,25.61
769,1.3312670037736902,0.6878014315788368,46.73906549568486,33,18,LFP,0,normal,1,0.6512390654956849,97.07959367751764,64.30310462710435,0.5132057028332374,Warning,3.8430310462710437,28.54
387,1.4771305825277965,1.8452042364502528,82.7917581689174,21,45,LFP,0,normal,1,0.5532917581689174,86.35406193634181,68.8968936585087,0.4441571151965535,Moderate,3.888968936585087,30.51
928,1.7446127055608025,1.3875004386091423,76.61447477927325,22,52,LFP,0,overnight,2,0.8406144747792734,99.21963220600335,59.1407116893175,0.6076531031527619,Warning,3.791407116893175,21.69
1126,0.8096319076409049,2.236284508755011,83.08919717379251,2,29,LFP,0,overnight,2,0.8370891971737925,104.91199350886254,58.090371368882685,0.6179325550261627,Warning,3.780903713688827,19.47
841,0.5164937429877208,0.8542995788947718,61.38152451532875,33,20,LFP,0,fast,0,0.7078815245153287,96.52872866075788,62.99721615496521,0.5389540543323726,Warning,3.8299721615496525,36.5
266,0.7053284451032109,1.885251904452329,55.21591983643924,31,53,LFP,0,fast,0,0.5092159198364393,95.51001595734306,68.16759881262041,0.4424485954327291,Moderate,3.8816759881262044,36.31
813,1.8500279627721576,2.17623057929622,31.796202136502718,20,27,LFP,0,fast,0,0.6592962021365028,95.16067277888412,64.4854603908106,0.5130031088504955,Warning,3.8448546039081064,36.94
237,1.8108351163437728,2.3892284389480465,46.25542028874492,20,18,LFP,0,overnight,2,0.3587554202887449,77.28389378296374,75.57433573618863,0.3327050015813776,Moderate,3.9557433573618863,21.96
429,1.3961196532554625,1.866496056579292,54.72154929391002,10,4,NMC,1,overnight,2,0.4012215492939101,72.53251075048003,75.46295911755624,0.3428985084906153,Moderate,3.9546295911755625,20.2
542,1.40077529065048,1.4943495280168546,27.08803437436938,3,1,LFP,0,overnight,2,0.4070880343743693,84.29720373891155,72.96335839285845,0.3703909441795396,Moderate,3.9296335839285845,17.32
1114,1.4975550118193832,1.7356944804024277,37.6489562168969,0,50,LFP,0,fast,0,0.844648956216897,107.15606374603708,57.452563345370166,0.6262359880697039,Warning,3.7745256334537016,36.64
1230,0.7630569179351744,2.2378099689574364,67.8580235250991,27,1,NMC,1,normal,1,0.8398580235250991,88.76333013870463,61.2508833841316,0.5853355544657017,Warning,3.8125088338413162,29.27
64,1.87161791888744,1.6412194932776594,78.85304913913518,23,58,LFP,0,overnight,2,0.4308530491391352,91.77531577642104,70.87361061623741,0.3973833614715734,Moderate,3.908736106162374,19.1
114,1.1281557873381096,0.5607741193936737,99.86780091143598,34,26,LFP,0,normal,1,0.402867800911436,73.24796223459226,75.27871253029565,0.3451829261255758,Moderate,3.9527871253029567,26.38
570,1.0747077923742463,2.361897391013956,94.64906650748462,12,45,LFP,0,normal,1,0.6386490665074847,91.78937656436288,65.6758980244403,0.4961159973762172,Warning,3.856758980244403,26.6
1417,1.2783765579242563,1.8790535020631225,71.40521596281532,33,20,LFP,0,normal,1,1.0,94.01030467151128,56.19793906569774,0.6724216398101737,Warning,3.7619793906569776,23.55
1202,0.5704489501625826,1.853026771554493,53.69984426352576,10,52,NMC,1,fast,0,0.9306998442635258,104.16990962991188,55.898521967429474,0.6608392362479898,Warning,3.7589852196742948,33.36
697,0.7494250531341191,0.9313503047954343,70.89418917665861,35,23,NMC,1,normal,1,0.6583941891766585,83.18454913522757,66.90323544353802,0.4874247930428906,Warning,3.8690323544353804,24.6
1136,1.6070504246395556,1.8177709404653144,82.85212944641856,16,10,NMC,1,overnight,2,0.8128521294464186,89.00226874402108,61.87824301503532,0.573009525849493,Warning,3.8187824301503532,20.76
1212,0.6241980018876897,1.287728811308317,29.466895273870986,34,59,LFP,0,fast,0,0.9804668952738712,103.20289370165658,54.8477488778219,0.6824478520285676,Warning,3.748477488778219,33.52
642,1.4047281641995824,1.802465954082984,52.79239117570306,17,11,LFP,0,overnight,2,0.5407923911757032,87.37815453174095,69.00455931425923,0.440370510325115,Moderate,3.8900455931425926,17.12
441,0.8680236645219814,0.7131860606159814,87.18418285084938,21,41,LFP,0,overnight,2,0.5726841828508493,91.81067318898134,67.3207607909325,0.4648274005510142,Warning,3.8732076079093254,28.07
468,1.0839434210629648,1.815690609206072,50.70663615464352,23,41,LFP,0,fast,0,0.5537066361546436,89.9105314764574,68.17522780084244,0.4518227682740162,Warning,3.8817522780084244,37.51
338,0.9330406051560498,2.498827451541333,65.74978169817493,18,5,NMC,1,overnight,2,0.385749781698175,80.19258822711814,74.317737812122,0.3516355815835811,Moderate,3.94317737812122,19.66
428,1.0335090746974238,0.5964240777211121,67.02154886897586,20,58,NMC,1,overnight,2,0.5950215488689758,89.08305869285556,67.30784953970449,0.4697096589677602,Warning,3.873078495397045,22.82
280,1.5785688577763684,2.4543483684426346,34.75810025069115,7,1,NMC,1,fast,0,0.2917581002506911,67.6856812942279,79.16891123488713,0.2807250283369569,Safe,3.9916891123488716,35.83
1067,0.9456825734347624,1.3138159214457412,48.97883533218307,27,17,LFP,0,overnight,2,0.7874788353321831,98.9689869228419,60.51923173212704,0.581887319320755,Warning,3.8051923173212705,25.57
90,1.3496069604453458,2.2415069006745183,46.76090309935457,4,22,NMC,1,normal,1,0.2657609030993546,73.25393757779179,78.70518990695777,0.2800696978855562,Safe,3.987051899069578,25.54
1101,1.2140756032986495,2.064770968116547,22.09573668256518,16,34,NMC,1,overnight,2,0.8065957366825651,104.16833809160916,59.00143896461404,0.6018864849165977,Warning,3.7900143896461405,25.28
184,1.4955067480439723,1.6340325219733356,21.935341111308414,35,56,LFP,0,normal,1,0.4519353411113084,82.16231712034724,72.26915304814784,0.3872101529806007,Moderate,3.9226915304814787,26.36
250,1.9052446089871369,1.976898418502653,86.53576349406188,18,45,NMC,1,overnight,2,0.4825357634940619,90.5481824006146,69.82696943252553,0.4193556707009701,Moderate,3.8982696943252555,17.99
829,1.5988581458153754,2.257031122602696,41.845664797825,26,41,NMC,1,fast,0,0.7313456647978251,87.02739867925864,64.31087864420265,0.5301467280054101,Warning,3.8431087864420266,36.45
979,0.8224105678861351,1.308280643302066,61.44630129910524,33,29,LFP,0,fast,0,0.8039463012991052,101.14714670547106,59.67191312642816,0.5942835011985642,Warning,3.7967191312642816,37.58
1106,0.546774702591927,1.1540663231264774,43.89804588710184,10,4,NMC,1,overnight,2,0.7288980458871019,88.7355166362945,64.03044552556355,0.5325711567325919,Warning,3.8403044552556356,29.76
1121,0.8933960664497376,1.8351867711271692,95.25433960922724,11,5,NMC,1,fast,0,0.7927543396092273,96.3144719417895,60.91824712141142,0.578818702392141,Warning,3.8091824712141142,32.6
552,1.3926168960503822,2.1156918838825174,40.7437407092619,20,11,LFP,0,overnight,2,0.4897437407092618,74.94694847103098,72.76701678806225,0.3900168686260644,Moderate,3.9276701678806227,24.1
456,0.5771387202263756,2.0245702695532315,54.37254501911481,10,56,LFP,0,fast,0,0.5703725450191148,95.72781426601982,66.59512352131816,0.4719553688427212,Warning,3.8659512352131817,34.18
854,1.2445493708018545,2.095627297717269,89.81842003876815,27,51,NMC,1,normal,1,0.8238184200387683,104.41953803428648,58.5206318921735,0.6105947793904165,Warning,3.7852063189217353,30.35
148,1.3952642733753338,1.371166629625866,87.3546853433447,4,21,LFP,0,overnight,2,0.3323546853433447,76.60646766255223,76.36983933390593,0.3187420576294484,Moderate,3.9636983933390595,17.59
733,1.0013658362254412,2.1356684323500432,34.88811342770219,16,35,NMC,1,normal,1,0.6383881134277022,92.10097957202892,65.62010124990167,0.4966464109794193,Warning,3.856201012499017,24.21
775,1.6563683056187328,0.7404181107412169,84.21146478365684,19,12,LFP,0,normal,1,0.6457114647836569,89.03623033476924,66.04996731345473,0.4936890294752524,Warning,3.8604996731345476,25.67
1010,0.6598973797006578,1.588978195921699,56.65495093903141,11,26,LFP,0,overnight,2,0.7616549509390313,96.3181159715166,61.695003032220896,0.5640541452362248,Warning,3.816950030322209,22.24
662,0.6127066726037131,0.5115173209962431,58.637509766828416,5,51,LFP,0,normal,1,0.6526375097668284,99.45337120126096,63.79338801557709,0.5188548966618916,Warning,3.837933880155771,26.08
692,1.5922831343054051,1.1491716598005406,30.6783977932755,16,19,LFP,0,overnight,2,0.5656783977932757,87.80471467884651,68.29709711939881,0.4530871397773836,Warning,3.882970971193988,23.98
1078,1.2432369743092977,1.2329230697427958,26.44812110056997,18,45,LFP,0,normal,1,0.83644812110057,108.07737015736484,57.47332294101278,0.6242753348532369,Warning,3.774733229410128,31.08
1291,1.532603594641604,1.2923453832185108,78.23514455790121,25,7,LFP,0,overnight,2,0.8947351445579012,88.10169570512186,60.0112822450281,0.6100127546457589,Warning,3.800112822450281,23.8
552,1.1522410079056191,1.8909344133797243,59.716892188423984,31,47,NMC,1,overnight,2,0.638716892188424,90.85444784388343,65.8611881265127,0.4941848642616566,Warning,3.8586118812651273,26.86
816,0.8696030498586602,1.2771162025406917,54.94805620921437,5,55,NMC,1,fast,0,0.7379480562092144,104.57617226114836,60.636064142539965,0.5701352884477884,Warning,3.8063606414253996,35.83
447,1.7286534765112995,1.3973872452450613,78.36065829219174,35,7,NMC,1,overnight,2,0.4928606582921918,85.89395675836374,70.49969219102246,0.4144861218813549,Moderate,3.9049969219102247,18.35
920,1.699123818453469,0.9750882617486548,81.24103191928879,10,26,LFP,0,overnight,2,0.7392410319192888,92.5348512917857,63.012003943660645,0.5454626778744122,Warning,3.830120039436607,26.09
844,1.54204470628164,1.2465035832586802,32.71265341354828,32,40,LFP,0,normal,1,0.7387126534135483,97.68198896702305,61.995785871256686,0.5560206872021839,Warning,3.819957858712567,26.18
442,0.908217705844944,0.954539254526303,68.8180119582113,23,5,NMC,1,overnight,2,0.4508180119582113,76.000717744717,73.52940615210132,0.3737400629440561,Moderate,3.9352940615210135,24.73
256,1.3853460003036306,0.6463918475368873,30.82832658221484,22,21,LFP,0,fast,0,0.3658283265822148,73.74181739585642,76.10592835627335,0.3286262716578504,Moderate,3.961059283562734,38.15
1088,1.0414608454100402,1.7068971867627558,80.11000688232366,14,14,NMC,1,normal,1,0.7941100068823237,94.41547607409974,61.26415461312196,0.5754747530247133,Warning,3.8126415461312195,29.37
941,0.6373731099899512,1.8364255971100325,72.55641250137117,26,4,LFP,0,normal,1,0.7070564125013712,84.8202834203908,65.35953300338755,0.513974391120972,Warning,3.8535953300338757,23.51
913,1.875970363193364,1.738980692019229,96.52916968667664,10,23,NMC,1,fast,0,0.7420291696866768,91.41484167776308,63.16630242228047,0.5444350231244739,Warning,3.831663024222805,33.16
792,0.7052279463784421,1.4269880876011447,25.51664130851369,16,42,NMC,1,normal,1,0.6795166413085137,87.10601955447477,65.59088005639221,0.505693045685941,Warning,3.855908800563922,31.97
1314,1.925356030731204,1.2595715603584596,24.564377692100344,13,20,LFP,0,normal,1,0.8675643776921003,106.3959221149925,57.03170613469899,0.6355245158452318,Warning,3.77031706134699,27.49
613,1.1690086594369336,2.2266672991436502,42.57496597545601,26,15,LFP,0,normal,1,0.546074965975456,93.05316116719403,67.73749361717479,0.454797247289449,Warning,3.877374936171748,28.24
1070,0.7776993932579295,1.538163570272436,40.93645469887248,17,50,NMC,1,normal,1,0.8599364546988726,104.37242571029618,57.62710349046895,0.6276519099735864,Warning,3.7762710349046897,30.28
145,1.3128514210675373,1.458363755259462,39.75830392575999,27,52,NMC,1,fast,0,0.42225830392576,88.0414454951618,71.83525330282365,0.3854597299045758,Moderate,3.9183525330282367,36.39
534,1.8094187538146125,0.5512841316128714,92.50036644168291,3,45,LFP,0,fast,0,0.6005003664416829,88.32291424429492,67.32290799009894,0.4707157939728187,Warning,3.8732290799009896,35.56
1480,1.5983373296143415,1.1824956552523127,39.96369598796049,6,29,LFP,0,normal,1,0.9789636959879604,112.00692529560423,53.12452254118014,0.70022229871505,Critical,3.7312452254118016,27.37
280,1.7098417217921746,1.260391237571714,41.75597809029048,34,8,NMC,1,normal,1,0.3737559780902905,75.7709675883082,75.5019070300811,0.3366531215283351,Moderate,3.955019070300811,27.06
798,1.488175050066076,1.297645561793801,80.7518609934371,8,41,NMC,1,fast,0,0.7187518609934371,92.19925409017335,63.5913526571294,0.5350255675612468,Warning,3.8359135265712943,36.72
1244,1.5384148467767786,1.6603447384546646,55.9791873960432,7,48,NMC,1,fast,0,0.9359791873960432,114.44390776740764,53.7117387616174,0.6849223203246765,Warning,3.7371173876161743,36.11
590,1.7737934773479789,1.567205093453757,82.1368445564145,16,19,LFP,0,fast,0,0.5661368445564146,89.33805864384753,67.97896715732013,0.4565249243163767,Warning,3.879789671573201,34.49
1109,0.8745020132887789,1.7158101855868892,25.229292605150818,16,48,LFP,0,normal,1,0.8557292926051508,110.32699869937886,56.54136794499546,0.6381581112561423,Warning,3.7654136794499546,31.25
574,1.2341374454647107,2.0297665230842563,59.005695493870746,32,39,LFP,0,normal,1,0.6270056954938708,93.5657926258254,65.61169908748815,0.4943158698738219,Warning,3.856116990874882,27.61
1233,0.8318141627294033,2.125971477432187,22.68908801466261,31,46,NMC,1,overnight,2,0.9391890880146626,105.16122793903683,55.48802721182607,0.6669533954789422,Warning,3.754880272118261,19.45
1316,1.9815020119949704,1.9362461524529888,25.01225627642836,7,28,NMC,1,fast,0,0.8810122562764283,98.49364554435928,58.27596448421743,0.6253174773744579,Warning,3.7827596448421748,33.48
1159,1.91608900952992,2.4110473919098694,92.51499626755287,18,46,LFP,0,normal,1,0.9460149962675528,110.4709272503102,54.25543964324913,0.681346070452739,Warning,3.7425543964324914,25.06
627,0.5591402170527588,0.5364651653527233,31.139629689407613,2,57,LFP,0,fast,0,0.6196396296894076,102.13095834250612,64.08281758926358,0.5088038366217315,Warning,3.840828175892636,34.46
731,1.5583627587735327,0.8915559713670922,62.593654582017365,4,27,NMC,1,normal,1,0.6170936545820174,80.89828005159283,68.393002625131,0.4630058740348032,Warning,3.8839300262513103,31.7
606,1.8878724761234984,0.5151257499562842,52.887648208056525,12,4,NMC,1,fast,0,0.4918876482080566,71.21550461745879,73.45970787130682,0.3831991925954903,Moderate,3.934597078713068,33.39
1062,0.7708630176910003,1.794949428309206,47.78746610070741,30,58,NMC,1,normal,1,0.9127874661007076,101.78695050317074,56.82292324684816,0.6473266424544946,Warning,3.7682292324684816,28.57
695,1.3519178458289445,2.296061097899974,91.9866676549818,15,15,NMC,1,overnight,2,0.6144866676549818,88.0582999617275,67.02617331627995,0.4768035970557441,Warning,3.8702617331627995,20.03
845,1.8732324463820629,0.9869645931525984,21.74587174203916,31,35,LFP,0,overnight,2,0.7112458717420391,101.70914193972418,61.87702481850418,0.5514309871508893,Warning,3.818770248185042,21.22
1101,0.5509189678786983,2.3540690895926133,73.10317489404713,21,37,NMC,1,fast,0,0.8766031748940472,92.87625336655292,59.50966995433824,0.6114266401444336,Warning,3.7950966995433824,31.98
1413,1.54613040087026,0.6205347805791217,97.07155473708404,28,1,LFP,0,normal,1,0.962571554737084,96.97196073028202,56.5413189855165,0.6608626060337072,Warning,3.765413189855165,27.34
1404,0.9460235110588262,2.3688720536110286,64.81345467694736,21,3,NMC,1,normal,1,0.9178134546769474,96.19336284946532,57.81599106318325,0.6379674529554273,Warning,3.7781599106318327,27.42
1421,1.886594293064796,1.2032453744792688,94.94579696264736,2,47,LFP,0,fast,0,1.0,118.56871596721903,51.28625680655619,0.72399430353116,Critical,3.712862568065562,36.08
1304,1.956587367748052,0.702841656898433,24.1806303428819,9,24,NMC,1,normal,1,0.8661806303428818,103.41178384703564,57.663127472020825,0.6286005454916438,Warning,3.7766312747202084,28.67
239,1.9163997336701508,1.4717435183726513,53.50346552593291,20,27,LFP,0,fast,0,0.3940034655259329,86.95493057066706,72.75892724771826,0.3697570003232189,Moderate,3.927589272477183,32.6
1298,1.2113213249861956,1.013553135441016,40.81262327696409,15,40,LFP,0,normal,1,0.939812623276964,106.49039739692456,55.20660493869099,0.6700408305900996,Warning,3.75206604938691,31.25
1458,1.7930639764839702,1.0697458039238457,78.46567719845838,11,36,LFP,0,fast,0,1.0,107.68229253506496,53.463541492987005,0.7011328143236364,Critical,3.7346354149298704,35.42
1450,1.7668240978026055,1.1145799298525731,98.50376723977972,1,34,NMC,1,normal,1,1.0,100.8011060789606,54.83977878420788,0.6866823227658172,Warning,3.748397787842079,28.6
1356,0.9786507098648836,2.106051795665327,40.52240499553982,23,29,NMC,1,fast,0,0.95152240499554,94.16563244976392,57.37881338515872,0.6497209705173856,Warning,3.7737881338515873,34.98
682,1.743373211226016,1.578322553350509,72.33396811792596,34,24,NMC,1,normal,1,0.653333968117926,95.3108356438258,64.60448366828669,0.510486389708049,Warning,3.846044836682867,26.45
677,0.5555114520732389,1.1226153983120073,35.847810620779214,29,24,LFP,0,overnight,2,0.6043478106207791,92.43351513695116,66.4046017070903,0.4811755918324675,Warning,3.864046017070903,22.65
1022,1.3944048177230797,1.7206675666218367,65.22642036572879,29,42,LFP,0,normal,1,0.8602264203657288,109.53576509929196,56.58718647099839,0.6386326563822343,Warning,3.7658718647099843,29.43
1332,0.8450132559315546,1.9323013484463871,57.114598935066894,34,4,NMC,1,fast,0,0.903114598935067,100.28955255610856,57.36422451540161,0.6395874948619849,Warning,3.7736422451540164,31.51
1432,0.6808503286659182,1.0452480014670675,97.76042637052296,18,3,NMC,1,overnight,2,0.958760426370523,95.37147558403942,56.95669422392905,0.6556913012524812,Warning,3.769566942239291,20.38
759,0.6154298024438137,1.327098203050703,68.68218181571733,7,34,NMC,1,normal,1,0.6641821818157173,94.41481122770766,64.51248320906554,0.5137576399406518,Warning,3.8451248320906557,27.24
1484,1.5444331638172095,0.7437721866738951,47.96050976694551,25,57,LFP,0,overnight,2,1.0,122.45148594823642,50.50970281035272,0.7321481204912965,Critical,3.7050970281035274,22.77
698,1.0098124456520992,0.8622986990693606,29.12766279103467,6,49,LFP,0,normal,1,0.6371276627910347,100.90471086016116,63.8908662581919,0.51453553263208,Warning,3.838908662581919,31.58
367,1.587150157293142,1.8622357079299656,32.09974629879476,29,23,NMC,1,overnight,2,0.4425997462987947,75.45022152614797,73.84496203730053,0.3686803446968382,Moderate,3.9384496203730057,19.68
1298,0.5980345111984136,0.8628766953912539,38.025354396098805,6,53,NMC,1,fast,0,0.9580253543960988,106.11816202965142,54.82573373416725,0.6779101836004149,Warning,3.7482573373416725,34.0
1307,0.9729355067459156,1.5503267673341203,40.07733290722384,2,56,NMC,1,normal,1,0.9655773329072238,106.37739122727244,54.58508843186492,0.6820417547082034,Warning,3.7458508843186493,26.46
733,1.3092369385630058,1.9180925234448651,88.04928462729103,0,52,LFP,0,normal,1,0.7105492846272911,104.07076540888082,61.42211480254156,0.556059517556613,Warning,3.814221148025416,25.6
713,1.6860847472584453,0.7137538461894877,64.89782306260199,35,23,NMC,1,fast,0,0.660397823062602,91.75261951676322,65.1395305200823,0.5063694669399387,Warning,3.851395305200823,34.31
1447,0.9781287543981048,1.634624439257807,61.87127290994931,24,45,NMC,1,overnight,2,1.0,103.36964208255192,54.326071583489615,0.692076248373359,Warning,3.7432607158348965,24.31
1306,1.4388370646555138,1.0131255674027275,29.1815097495374,0,5,LFP,0,fast,0,0.7971815097495374,97.19551026608788,60.63136020304399,0.5827717886898147,Warning,3.80631360203044,32.89
1186,1.8289666223542809,2.4258537504751594,88.8111754679548,14,31,LFP,0,fast,0,0.9028111754679548,101.79192360686844,57.07133589192745,0.6425983479217021,Warning,3.7707133589192745,35.86
491,1.423794782273457,1.4670912934398497,77.8251442566787,12,53,NMC,1,overnight,2,0.6063251442566787,88.5924407704926,67.12338323948451,0.4740485691399568,Warning,3.871233832394845,16.89
613,0.8494392121304506,2.111985099550316,25.413468952000127,7,41,LFP,0,fast,0,0.5689134689520001,85.76336388299443,68.62449049960111,0.4503369619064883,Warning,3.886244904996011,33.88
1341,0.536601172334807,1.6004530843125235,76.62680777838149,4,57,LFP,0,normal,1,1.0,113.49359793389198,52.301280413221605,0.7133365556611732,Critical,3.723012804132216,27.01
1459,1.8051483108513948,0.5868250657096383,63.48305738741168,8,57,LFP,0,normal,1,1.0,115.5846155135569,51.88307689728862,0.7177276925784696,Critical,3.7188307689728863,33.02
1460,0.5319041162755807,1.7663027511880447,26.538027659742266,0,54,NMC,1,normal,1,1.0,114.4847758760346,52.10304482479309,0.7154180293396726,Critical,3.721030448247931,27.18
1186,1.812052509026299,2.402806684413314,56.66405132229252,35,6,NMC,1,fast,0,0.8376640513222924,90.8224525166799,60.89390821360671,0.5886175746631167,Warning,3.8089390821360674,30.6
1001,1.293405701040818,1.7032236402926624,58.77570297040376,34,37,NMC,1,normal,1,0.8382757029704039,101.4027225047781,58.76256292478429,0.6111266761709759,Warning,3.787625629247843,22.0
1154,1.9086015477693443,2.1383777188535804,33.26196321306206,1,57,NMC,1,normal,1,0.883261963213062,105.95860258161728,56.72673040335,0.6420624979476008,Warning,3.7672673040335,28.1
748,1.698174853660498,2.268412926696816,95.6558517600226,22,10,NMC,1,normal,1,0.6436558517600226,83.8740695730308,67.13378979139327,0.4818720756893754,Warning,3.871337897913933,29.84
162,1.9969011658000064,0.956159543897865,87.99802971845295,8,40,LFP,0,normal,1,0.4049980297184529,87.88980403987517,72.29708844906364,0.376942652600003,Moderate,3.9229708844906366,29.13
51,1.0260677231775652,0.9240896798164532,73.52178698632866,33,7,NMC,1,normal,1,0.2860217869863287,70.67224299318596,78.71500672670459,0.2842720591041967,Safe,3.987150067267046,28.5
691,1.6507824333966905,1.7219619777019834,56.98364488004857,13,39,NMC,1,normal,1,0.6454836448800486,85.03022842675962,66.85686319264686,0.4851682110142183,Warning,3.8685686319264687,31.49
269,1.1028963704138632,1.3220569396134094,52.94124332676069,3,38,LFP,0,fast,0,0.4074412433267607,78.71174014470009,74.07162088789096,0.3588292448840816,Moderate,3.94071620887891,33.92
904,1.2198134304558632,2.1797226057334407,72.07787737207633,29,21,NMC,1,normal,1,0.7450778773720763,97.20705883510428,61.93164129867724,0.5580468153054552,Warning,3.8193164129867725,30.68
1298,1.4412581948275551,2.3000462467960223,63.63454955255244,30,20,LFP,0,normal,1,0.9326345495525524,100.76464327030196,56.5312076071258,0.6546071619050965,Warning,3.7653120760712584,23.1
434,1.810515671279508,1.2068427586054362,24.98184847055085,10,3,NMC,1,overnight,2,0.3709818484705509,77.64119652148835,75.19721448393855,0.3392628907186372,Moderate,3.951972144839386,19.29
1476,1.9761252037989427,0.973741117948964,61.000211901626535,34,51,LFP,0,fast,0,1.0,107.51446242263366,53.49710751547328,0.7007803710875307,Critical,3.734971075154733,31.39
1203,1.6524101207967772,2.0610510304877234,84.51228937862716,7,22,NMC,1,fast,0,0.8660122893786273,90.20557213380154,60.30857833877401,0.6007875389358313,Warning,3.8030857833877403,34.45
1126,1.1266501732510006,1.0496120710962722,56.73919020775664,2,47,LFP,0,fast,0,0.8647391902077567,96.33816998501824,59.11388624780244,0.6130612723172227,Warning,3.7911388624780247,34.91
779,1.132035503415605,2.145228637027357,24.156526204341475,13,4,LFP,0,fast,0,0.5516565262043416,83.53881338209895,69.50082416847167,0.4374683580494701,Moderate,3.895008241684717,35.23
1489,1.6063734523833373,1.3474765072975257,82.90225595072265,12,28,NMC,1,normal,1,1.0,104.5287653028195,54.0942469394361,0.6945104071359209,Warning,3.740942469394361,28.19
296,0.8581657186524535,1.835099798582941,36.10910257087795,31,12,LFP,0,normal,1,0.3821091025708779,76.90366067649597,75.06654030042885,0.3429995111418086,Moderate,3.9506654030042885,25.22
885,0.665711169697092,0.6910706276693364,40.6896667910431,33,38,LFP,0,overnight,2,0.7631896667910432,97.16212383035594,61.48783356415274,0.5665555517694929,Warning,3.8148783356415277,21.43
252,1.0319332364611649,1.747718649353146,33.17650827458367,18,51,LFP,0,overnight,2,0.4481765082745836,93.40238041740622,70.11511120965417,0.4090288403069803,Moderate,3.901151112096542,17.51
1257,0.9308584874811224,1.4035353574744582,46.4172051897198,15,36,NMC,1,fast,0,0.91291720518972,98.6638320053495,57.44430346918711,0.6408297196763509,Warning,3.7744430346918714,37.73
172,0.9444621806839852,1.6732169263509482,80.5401204550908,1,47,LFP,0,overnight,2,0.4095401204550908,86.74984233739715,72.4115285211433,0.3767062261247021,Moderate,3.924115285211433,21.09
450,0.8504116265748649,0.8360284154897268,61.55086876031498,16,41,LFP,0,overnight,2,0.541550868760315,92.55479519111717,67.95026924276868,0.4516017325624957,Warning,3.879502692427687,20.53
816,0.5631397844545428,1.973747489888364,36.390501932057006,33,5,NMC,1,fast,0,0.625390501932057,81.26814173481904,68.11160910473477,0.467723586060847,Warning,3.881116091047348,38.18
343,0.5268109021001207,2.225594155086457,90.22640625216329,15,13,NMC,1,fast,0,0.4307264062521632,77.59130050341811,73.7135797430123,0.3675367740269555,Moderate,3.9371357974301233,32.52
329,1.9815835846040477,0.9334796001815512,90.36654839612234,1,23,LFP,0,overnight,2,0.4258665483961223,87.91545563120118,71.77024516385671,0.3869090673136806,Moderate,3.9177024516385672,18.62
933,1.1416597006037934,0.6914291110403235,89.64627400368056,1,58,NMC,1,normal,1,0.8321462740036806,107.80280935486462,57.63578127893506,0.621655379796964,Warning,3.776357812789351,24.71
247,1.0764899707395226,0.5472771720926728,39.10369691052314,25,50,NMC,1,overnight,2,0.4626036969105231,83.64610221393556,71.70568713444982,0.3953935706817632,Moderate,3.9170568713444984,21.8
1031,1.5194709240396047,1.783943000886532,56.09914753447904,12,30,NMC,1,overnight,2,0.785599147534479,101.01881437742242,60.15625843615354,0.5852991052714647,Warning,3.8015625843615357,23.29
801,0.8273808317975963,1.7141880721775615,98.79917249127,30,37,LFP,0,normal,1,0.77029917249127,94.00174439619306,61.94217180847964,0.5632957701653587,Warning,3.8194217180847967,30.22
193,1.924941775925338,1.59339482542814,81.76099810479923,33,25,LFP,0,normal,1,0.4192609981047993,76.73366582448438,74.17174188248315,0.3602896723311968,Moderate,3.9417174188248314,35.72
658,1.679517521623328,0.9638941922319508,22.173393698044784,2,48,LFP,0,fast,0,0.5991733936980448,95.94703634357391,65.83125788883409,0.4860961383280766,Warning,3.858312578888341,30.5
1274,0.6341165034683893,1.2818119918110291,25.21636730083937,7,27,NMC,1,fast,0,0.8572163673008393,105.78048862928216,57.41349309162258,0.6293168005893912,Warning,3.774134930916226,36.22
1197,1.1263711636773923,1.688952670372346,57.11451014498663,22,51,NMC,1,overnight,2,0.9526145101449868,104.12927140989304,55.35878296439672,0.671163362279644,Warning,3.7535878296439673,20.33
236,1.818677461343247,1.4935337177183388,92.7376164689248,13,14,LFP,0,normal,1,0.3787376164689248,75.35127415431262,75.46130475741435,0.3381380435467958,Moderate,3.954613047574144,26.24
1399,1.9170980334371155,2.4755710404297746,63.09614383621714,26,57,NMC,1,fast,0,1.0,112.08101281475088,52.583797437049824,0.7103701269109769,Critical,3.7258379743704984,33.76
513,1.2011022668748046,0.7728795051134663,59.82500064274322,28,48,LFP,0,overnight,2,0.6163250006427432,87.76218428167289,67.03943812759684,0.4770549622968161,Warning,3.8703943812759687,19.27
1422,1.4201170838160615,1.890289108095188,28.437895996530447,0,59,NMC,1,normal,1,1.0,104.77794992162995,54.044410015674,0.6950336948354229,Warning,3.7404441001567403,33.05
709,0.7505509191381128,1.3086375362085845,72.54240837794353,16,47,LFP,0,overnight,2,0.7000424083779436,89.71319582865974,64.55630062481947,0.5209178552197086,Warning,3.845563006248195,24.53
813,1.9867529392054648,1.3563992298512295,85.76825284801804,29,54,LFP,0,fast,0,0.8122682528480182,93.8806875843666,60.91715616192623,0.5829768640299785,Warning,3.8091715616192623,35.05
1004,0.8475075520751651,1.9351955313163525,50.43360060060499,12,36,LFP,0,fast,0,0.784433600600605,92.6585404026844,61.857451904448,0.5671888951309246,Warning,3.81857451904448,37.7
452,1.9140976612026883,1.8848723026487395,82.0489480740262,20,39,LFP,0,normal,1,0.5650489480740262,82.32240758974116,69.40929478020112,0.4412753062736188,Moderate,3.8940929478020117,23.46
1419,1.474469973488553,2.4825119874043766,97.15813231206494,18,16,LFP,0,overnight,2,0.990658132312065,102.2931211720482,54.77492245778873,0.6853781673095322,Warning,3.7477492245778876,18.01
196,1.4116051923182886,0.7567885789082505,36.30131673021513,18,56,NMC,1,normal,1,0.4383013167302151,80.94820126598717,72.8528268285472,0.3781843481054252,Moderate,3.928528268285472,21.47
1221,1.269032766524763,0.7082192987683327,61.8663704955793,24,22,LFP,0,fast,0,0.8863663704955793,95.70500924985794,58.69983888763893,0.6220045454101018,Warning,3.7869983888763894,33.6
913,0.8460047175766381,1.9486776342574823,42.971036646766045,21,21,NMC,1,fast,0,0.7044710366467661,95.51182614859016,63.28585885411281,0.5351985773192532,Warning,3.832858588541128,35.32
538,0.7647920480082624,1.6567738340128182,83.42835352270714,30,54,LFP,0,overnight,2,0.6744283535227071,93.56942460394308,64.4254062411437,0.5168492595915664,Warning,3.844254062411437,22.31
978,0.830729313605263,1.0483213331196115,66.2074692704926,16,21,LFP,0,overnight,2,0.7502074692704925,97.3733660778154,61.770140052674606,0.5608326166668963,Warning,3.8177014005267464,22.45
600,0.7796573932163817,0.6588387379779732,70.76659340402429,22,8,LFP,0,overnight,2,0.5387665934040243,76.48479806802445,71.2338755512945,0.4165322078097629,Moderate,3.912338755512945,17.77
387,1.66937671035013,0.6713164991928611,83.83313276927153,31,49,LFP,0,normal,1,0.5863331327692715,86.82433528213006,67.97680462434221,0.460839342157877,Warning,3.8797680462434223,30.41
921,1.0251878887500951,2.288381749328237,51.6776378129964,9,16,LFP,0,overnight,2,0.6781776378129964,83.33302924399719,66.37895320587565,0.4971337393735674,Warning,3.8637895320587567,22.72
690,0.5867640148450946,0.8837346494374858,93.20720547256346,9,59,LFP,0,overnight,2,0.7332072054725636,93.53402594608248,62.96301467396942,0.5446948770862409,Warning,3.8296301467396945,24.2
522,1.953653945211217,1.1467431242310415,62.6423093796912,35,55,LFP,0,fast,0,0.6586423093796913,90.61885508547938,65.41017124841184,0.50315469263486,Warning,3.854101712484119,31.21
200,1.8256788274451383,0.953312804453976,32.63638582682784,7,31,NMC,1,fast,0,0.3396363858268278,77.4551572641512,76.01805890149906,0.3239831135224608,Moderate,3.960180589014991,35.62
1488,1.8916284247928197,1.2099926116638746,75.67192945350419,19,42,NMC,1,overnight,2,1.0,105.19053800635584,53.96189239872884,0.6959001298133471,Warning,3.7396189239872886,18.44
1371,1.9923617339696529,0.6388476854921867,83.46090803506036,31,10,LFP,0,overnight,2,0.9609609080350604,91.729538066509,57.630069685821695,0.6490884612563226,Warning,3.7763006968582173,20.81
312,0.760842873829231,1.5381195818165407,45.34093416540213,13,32,NMC,1,fast,0,0.4233409341654022,80.25168152049088,73.36614034176677,0.3696154749215969,Moderate,3.933661403417668,36.07
193,1.094363028353988,0.6352251271844298,88.57434055990024,27,59,LFP,0,overnight,2,0.5160743405599002,84.1550057760869,70.26714033078511,0.4218608238957351,Moderate,3.9026714033078513,22.27
395,1.637357713556137,2.100713015644723,92.4914603812613,23,34,LFP,0,normal,1,0.5379914603812613,85.06404791572113,69.53740390732423,0.4341804443041135,Moderate,3.8953740390732428,25.45
673,1.5440309270806885,0.967424163820866,42.15235899022471,14,9,LFP,0,normal,1,0.5336523589902248,83.21125906282286,70.01643921267981,0.4282285145522847,Moderate,3.9001643921267983,28.02
1066,0.7308438595097826,1.5800238292090212,98.68171781721776,21,17,NMC,1,normal,1,0.8246817178172179,98.27592242944048,59.72777256868146,0.5981032530650034,Warning,3.797277725686815,23.41
930,1.7237496874859266,2.2601581751229167,31.256922243900675,29,11,LFP,0,overnight,2,0.6872569222439008,83.98968209761648,66.02064052437919,0.5028253704708474,Warning,3.860206405243792,25.45
51,0.836660857754991,1.8017547380943884,36.1612534721992,3,32,NMC,1,fast,0,0.2636612534721992,84.11115598363564,76.58623746646789,0.3018725229649295,Moderate,3.9658623746646793,34.59
946,0.8357264222339347,1.5659155731026706,34.73798713904209,12,10,LFP,0,overnight,2,0.6617379871390422,90.83850584236362,65.28884915305122,0.5050864061600087,Warning,3.8528884915305124,25.36
1377,1.3054616343401204,1.1486675062307512,91.51917680062964,22,22,NMC,1,overnight,2,0.9900191768006296,96.86638547923306,55.876243484137646,0.6736785184866886,Warning,3.7587624348413766,20.42
303,1.3894099022625548,1.166003826116396,72.34340418599695,7,57,LFP,0,fast,0,0.5088434041859969,97.76367936160165,67.72617902302974,0.447004343647712,Moderate,3.8772617902302975,33.95
502,1.3701293117567168,1.8389739103963805,32.16834265778183,17,17,LFP,0,fast,0,0.4681683426577818,88.45308600797719,70.60517423196002,0.4081314433791985,Moderate,3.9060517423196,33.47
1110,0.6372302560966323,2.488278722442335,55.22587346946792,11,4,NMC,1,fast,0,0.744225873469468,85.81616939782296,64.2311192836987,0.5337212456334255,Warning,3.8423111928369873,36.75
1233,1.8161912939455704,1.8236783796987568,69.22384200558416,30,48,LFP,0,normal,1,0.9897238420055842,102.71316472220806,54.71427100541878,0.6858164708692895,Warning,3.747142710054188,25.87
1064,0.8984000638830592,1.6155668347400498,26.677126799150663,13,52,NMC,1,overnight,2,0.8406771267991507,110.47301919689592,56.88846799064205,0.631314975543078,Warning,3.768884679906421,23.93
58,0.6942723819242063,1.961301020478492,90.5933094725871,33,47,NMC,1,fast,0,0.4265933094725871,83.98389535575487,72.53838819203435,0.3789980022465641,Moderate,3.9253838819203435,34.24
1306,1.8331221198034655,1.4304112245674363,84.28828283532282,17,25,NMC,1,overnight,2,0.9462882828353228,93.88781529034566,57.5652298710478,0.6466513464565044,Warning,3.775652298710478,16.07
1172,1.93347724734463,0.6202846852015704,60.41654188613106,33,59,LFP,0,normal,1,0.9894165418861312,105.78023985005063,54.10853848283659,0.6921113610810186,Warning,3.741085384828366,26.29
865,1.793191425898176,1.6245936317558196,97.37012922073365,10,21,NMC,1,normal,1,0.7128701292207336,86.65708154187072,64.84683046110752,0.520593182617777,Warning,3.8484683046110755,24.46
257,1.714274112087317,2.4152505690107606,53.42087834200797,11,37,LFP,0,fast,0,0.4149208783420079,83.00784477786532,73.02540908587673,0.3714038912459709,Moderate,3.9302540908587673,35.07
1204,1.4828629709585326,0.8506058847153193,98.72882552291982,14,38,NMC,1,fast,0,0.9427288255229198,102.25382157295444,55.98101504733612,0.6625292174265912,Warning,3.7598101504733616,32.62
453,1.3262860559137089,1.8800097816413317,73.43359990429016,30,49,LFP,0,overnight,2,0.6069335999042902,90.7937045935466,66.66791908368343,0.4789602396009856,Warning,3.8666791908368343,24.78
201,0.6304801398671152,0.901867377318113,70.77370186031531,28,1,NMC,1,fast,0,0.3302737018603153,72.75802074199721,77.19155330509267,0.309671851941844,Moderate,3.971915533050927,34.82
103,1.112679819606048,1.5716553689461623,33.2763916236628,25,25,LFP,0,overnight,2,0.3097763916236628,80.27206407200634,76.20117739500716,0.3157151205724531,Moderate,3.962011773950072,21.47
1193,1.059032775518471,0.6933528992934392,90.55422066437151,17,51,NMC,1,fast,0,0.9740542206643716,101.21024804335896,55.40659487471892,0.6752172757066304,Warning,3.7540659487471895,36.31
677,0.8896306756404893,1.4007418725163705,54.19917503364921,31,36,LFP,0,overnight,2,0.6626991750336492,87.6265541651603,65.90720979112672,0.4987978718878199,Warning,3.8590720979112674,24.89
636,1.5851301705328775,2.012326657790492,32.97867246259835,21,17,NMC,1,overnight,2,0.5439786724625983,86.02024378826829,69.19648443078138,0.4390323813750976,Moderate,3.891964844307814,21.94
1493,1.243813602618156,1.1951430484779642,21.00860159806072,16,41,NMC,1,overnight,2,1.0,113.08810256530798,52.382379486938405,0.7124850153871467,Critical,3.723823794869384,19.69
1495,0.6215693238614719,1.829823448974436,64.7804546910706,22,24,LFP,0,overnight,2,1.0,104.275161631735,54.144967673653,0.6939778394266435,Warning,3.74144967673653,16.68
153,0.830274802924717,2.0908999215794584,62.19196976981411,23,2,LFP,0,normal,1,0.2906919697698141,71.14170227897974,78.5043602999587,0.2874762604265191,Safe,3.9850436029995873,25.94
303,1.524888145489394,2.3543556389589053,77.54828978953269,7,40,NMC,1,overnight,2,0.4630482897895327,81.16758017009664,72.19027672124236,0.3903998560072309,Moderate,3.9219027672124236,20.15
1300,0.6141962892354502,0.9692841637109072,91.22064424142415,5,15,NMC,1,fast,0,0.8962206442414242,94.71118550235182,58.65224679349403,0.6245982955696153,Warning,3.7865224679349403,35.21
1185,1.776810371073153,1.2986318316186165,26.352526771442363,4,32,LFP,0,normal,1,0.8228525267714424,100.78925899682534,59.27083503134887,0.6025123941097684,Warning,3.7927083503134886,26.96
559,1.2427197905209617,0.8048320266608349,78.51971922722899,28,39,NMC,1,normal,1,0.631019719227229,84.01705755452095,67.42109550841508,0.4761701874974278,Warning,3.874210955084151,30.06
148,1.220879865989972,2.4849670043167507,34.99295552780658,27,59,LFP,0,overnight,2,0.4399929555278065,84.19864846424072,72.1604464189567,0.3858138156506136,Moderate,3.921604464189567,20.16
202,1.3886116769892765,2.354001935848591,88.65416425257311,10,6,NMC,1,normal,1,0.3276541642525731,68.99926244656933,78.0087934043718,0.3005341791577678,Moderate,3.980087934043718,27.83
963,1.7370214488877238,1.5799142605611192,85.52508110893248,0,1,LFP,0,overnight,2,0.6700250811089326,81.3610679666659,66.9771593789435,0.4891201562567414,Warning,3.869771593789435,25.55
927,1.0217138118532896,2.1840665887528425,63.26350039884355,18,47,NMC,1,fast,0,0.8037635003988436,94.97118748374766,60.91167499327938,0.5812271564053207,Warning,3.809116749932794,35.68
387,1.5170242288385951,1.5419159545440844,76.81942388986492,8,23,NMC,1,overnight,2,0.4553194238898649,75.31172010494818,73.55467038176374,0.374431338568077,Moderate,3.9355467038176375,21.82
871,1.3485979459936863,1.7471713760055194,45.14800905469987,26,58,NMC,1,normal,1,0.8066480090546999,97.23246028266873,60.38730771709877,0.5873459708945867,Warning,3.803873077170988,26.19
1236,0.900542405254132,0.6782488642320332,57.69343191462517,33,39,NMC,1,fast,0,0.9586934319146252,95.71643197728876,56.88937780667662,0.6563838873117533,Warning,3.7688937780667664,33.73
1006,1.817944979532737,2.010540840993616,85.73095181683773,3,57,NMC,1,overnight,2,0.8657309518168378,108.07790921109842,56.74114436235937,0.6381858114563046,Warning,3.767411443623594,19.45
210,1.6961390324103922,0.7554269672704697,56.74121577385712,35,17,NMC,1,fast,0,0.3827412157738571,79.70388680331072,74.49069224499144,0.3491802397795346,Moderate,3.9449069224499147,33.92
850,1.4876777519876383,2.152135260505057,48.62386122603535,17,34,LFP,0,fast,0,0.7096238612260354,96.88653478716736,62.88209651191565,0.5405330571354182,Warning,3.8288209651191565,36.51
447,1.7758725936413629,2.064056175340772,59.53699578002399,14,59,NMC,1,normal,1,0.588036995780024,95.97756857911008,66.1035613896774,0.4808704670116426,Warning,3.861035613896774,27.33
1350,1.8009413014397035,1.9174893954859529,86.25994019497747,12,41,NMC,1,fast,0,1.0,108.27663298393584,53.34467340321282,0.7023809292662654,Critical,3.7334467340321282,32.3
865,1.5625444650725522,0.5723207610495242,46.81664378966982,18,29,NMC,1,normal,1,0.7023166437896697,84.80380432131136,65.48132304099599,0.511688394874847,Warning,3.85481323040996,33.3
1465,1.755519992545508,1.1062567118906572,33.900927450859506,5,9,NMC,1,fast,0,0.9034009274508596,97.55659812727822,57.90365718827288,0.6339842966064426,Warning,3.7790365718827292,35.64
1208,1.5462071925039256,1.0262251398216855,76.96112162646246,11,13,LFP,0,overnight,2,0.8419611216264625,96.3626167703132,59.6784486052758,0.6022930279902274,Warning,3.796784486052758,17.78
1268,1.520211157640451,1.2202728149430382,86.07825701664655,16,6,NMC,1,fast,0,0.8700782570166465,95.84159211276494,59.079725152030846,0.6145545155197135,Warning,3.7907972515203086,34.12
450,1.4279170673227766,0.6752854935276771,28.050998281882663,22,6,NMC,1,overnight,2,0.4150509982818827,78.77489319344518,73.8687464042639,0.3625764998901291,Moderate,3.9386874640426393,22.33
689,1.629074959336462,2.373915646062126,39.18992902047557,25,20,LFP,0,overnight,2,0.5936899290204756,83.19370454193346,68.51901086610141,0.4567094958227862,Warning,3.885190108661014,27.11
1106,0.7379076579396106,1.6076044814247523,31.357759180879512,28,52,LFP,0,fast,0,0.8963577591808796,101.47663858698088,57.29572830308184,0.6388708766435776,Warning,3.7729572830308187,32.78
737,1.8213061387983929,1.111048621316047,47.83531292657333,32,53,NMC,1,overnight,2,0.7393353129265733,93.58623444597951,62.79937028763976,0.5477153659766792,Warning,3.8279937028763977,24.93
509,1.807765291617848,1.2939630341485668,56.02807831243301,26,3,LFP,0,fast,0,0.471528078312433,82.26875861997402,71.75804631819437,0.3967402303003511,Moderate,3.917580463181944,37.8
1004,0.5438709245518387,1.3944050810096713,79.90610695706451,24,17,NMC,1,fast,0,0.7809061069570645,91.24167457003368,62.22901241206665,0.5625379174016764,Warning,3.822290124120667,33.74
519,1.738725125847144,1.7011886667212346,72.09180679053392,9,49,NMC,1,overnight,2,0.596591806790534,87.9214508884677,67.50091465254312,0.4680161550912858,Warning,3.8750091465254313,21.17
1448,0.6933048012101678,1.5313588553929955,69.67428539827449,22,12,NMC,1,overnight,2,0.9736742853982744,104.8577287318947,54.6865971186642,0.6826965159011593,Warning,3.7468659711866423,18.89
1095,1.0026782813887127,2.3387839464288347,48.18999572877235,20,48,LFP,0,normal,1,0.8796899957287724,104.8866222903533,57.03042564871003,0.6381146547809088,Warning,3.7703042564871003,27.39
799,1.6152623844374117,1.4939269658116603,87.3158042467808,20,47,NMC,1,overnight,2,0.7678158042467809,91.13840187603992,62.57692451862249,0.5561031509569048,Warning,3.8257692451862253,21.89
87,0.7411398440724624,2.4843160296466253,57.70297339185316,12,45,LFP,0,normal,1,0.3602029733918532,78.26673708930606,75.34157824734245,0.335456560248673,Moderate,3.953415782473425,29.98
279,1.7269505361785933,2.202849915490192,98.32839504121236,32,55,NMC,1,overnight,2,0.5668283950412124,81.87288708776498,69.4547127064167,0.4411765505288823,Moderate,3.8945471270641674,25.27
1438,1.748201266936613,0.9170210287146716,70.73137106365894,23,1,LFP,0,fast,0,0.9387313710636588,94.24936592576762,57.681842538255,0.64382106969935,Warning,3.77681842538255,33.5
612,1.2612016006412543,2.3611904292878325,30.101179325160217,10,17,NMC,1,overnight,2,0.5071011793251603,77.25022059889334,71.87242639709233,0.4030985234371271,Moderate,3.9187242639709234,16.1
487,0.5095788075752503,0.7327327957709522,74.09420496603472,16,3,NMC,1,fast,0,0.4585942049660347,74.9385053607696,73.54744380369522,0.3752031086164826,Moderate,3.935474438036952,34.96
1356,0.9305571997623692,2.134899416982383,46.00832123453592,3,26,LFP,0,fast,0,0.908008321234536,100.6964275304077,57.16050646305506,0.6427664504002607,Warning,3.771605064630551,35.59
76,1.4253903775636134,1.2612465869531602,74.9061757348878,24,15,NMC,1,fast,0,0.3059061757348877,66.12060392942132,79.12822482074354,0.2841587017258564,Safe,3.9912822482074355,35.5
275,1.9717792670411352,2.2559486408901392,25.57129185299246,29,36,NMC,1,normal,1,0.4290712918529925,87.25148136939637,71.82292142979591,0.3870369745059038,Moderate,3.918229214297959,27.02
1350,1.4477202905250026,2.236113380214901,33.99051497407675,8,32,NMC,1,overnight,2,0.9209905149740768,99.30350618492464,57.11453588866316,0.6460078576010282,Warning,3.7711453588866317,22.37
847,0.8897053715962397,2.111850800235242,88.4589807124629,20,32,LFP,0,fast,0,0.7479589807124629,93.90767084355382,62.51949131347767,0.552486624609883,Warning,3.825194913134777,38.03
333,1.451008554649417,2.0800608726141228,38.17436456188119,19,4,NMC,1,fast,0,0.3546743645618812,71.51595240484492,76.82995040498398,0.318653823217068,Moderate,3.96829950404984,35.76
928,1.3099780695737833,1.1093582781960816,86.9632900194352,18,18,LFP,0,normal,1,0.7409632900194354,98.1956792536291,61.836781898788296,0.5581684891918529,Warning,3.818367818987883,26.88
1009,1.6697680927267151,0.6618385661025044,42.34208707635283,18,49,NMC,1,overnight,2,0.8298420870763529,94.0605835325208,60.44183111658702,0.5917022167795613,Warning,3.8044183111658705,20.5
502,0.6604709582404376,1.305960357530323,71.43055280469662,11,19,NMC,1,overnight,2,0.5014305528046966,79.20783398568612,71.62266938274536,0.4045159639521718,Moderate,3.9162266938274537,21.49
1069,1.641541853753042,0.8470490299730173,75.53204588078648,16,43,NMC,1,normal,1,0.8710320458807865,106.32205649913053,56.95978755315423,0.6370165404415478,Warning,3.7695978755315425,32.91
865,1.3118998680141654,1.8899021778049236,61.01238025160424,27,52,NMC,1,normal,1,0.8035123802516043,103.3826068884097,59.23566911602795,0.5987718550851725,Warning,3.7923566911602795,27.45
708,1.944488005788492,1.192199453075571,44.4248541357385,34,35,LFP,0,overnight,2,0.6714248541357385,96.4160810642392,63.9311624337587,0.521400575949378,Warning,3.8393116243375873,21.94
596,1.012808249058029,2.45122040171983,37.01155010968769,17,40,NMC,1,normal,1,0.5890115501096878,85.2885424056741,68.21700276612299,0.4588864253540172,Warning,3.88217002766123,26.55
1265,1.4489328397009222,1.781944154690664,22.655148364994098,13,14,NMC,1,overnight,2,0.8231551483649941,93.563313810851,60.70845852870495,0.5874816544761592,Warning,3.8070845852870496,25.3
1122,1.8980421582650264,2.144961127268722,44.31571209925791,34,58,NMC,1,overnight,2,0.947315712099258,111.36964829886644,54.04317753774527,0.6838512246747671,Warning,3.740431775377453,27.88
66,0.6537645919860189,0.7650493454836969,72.25302324250265,6,33,LFP,0,fast,0,0.3162530232425027,84.66063983691379,75.16154645155467,0.3280075296977077,Moderate,3.951615464515547,35.9
1245,1.9058427308546768,2.224028964545245,95.0643854758786,12,14,NMC,1,fast,0,0.8835643854758787,94.95144339520895,58.92060168406124,0.6190911142309812,Warning,3.7892060168406125,35.17
1293,1.53182858345122,2.3455143810267884,89.69635858104417,17,34,NMC,1,overnight,2,0.972196358581044,106.1341903420485,54.4682529670642,0.6846750700442978,Warning,3.744682529670642,22.11
207,0.6017555886577579,1.4741238376378718,81.28518212282421,12,55,LFP,0,overnight,2,0.4737851821228243,84.33968640490426,71.28743316594854,0.4021613029586404,Moderate,3.9128743316594856,15.0
526,0.9514453504202244,1.7125058755019549,83.0757874602639,35,4,NMC,1,overnight,2,0.528075787460264,80.76239399787904,70.64562651391759,0.4204370264391714,Moderate,3.906456265139176,24.24
1119,1.5622581329679224,2.029619601805991,73.19879227807962,30,24,LFP,0,overnight,2,0.8646987922780798,93.88565622836283,59.60539894737544,0.6078918044116499,Warning,3.7960539894737546,22.4
1446,0.6010259022031575,0.8496772545208251,40.82294860528024,1,59,LFP,0,overnight,2,1.0,112.97518854606366,52.40496229078727,0.7122478959467337,Critical,3.724049622907873,23.29
567,1.37325569026441,1.5051321529268848,92.57560245646638,15,29,LFP,0,overnight,2,0.5930756024564664,85.92154657924625,67.98880062273909,0.4621461589832387,Warning,3.8798880062273913,19.87
148,1.018824585429435,1.2973260555446262,73.65858495246673,8,19,NMC,1,normal,1,0.3206585849524667,73.77415568026683,77.22870424013496,0.307238554780982,Moderate,3.9722870424013497,26.85
1110,1.4313732766512155,0.7927479843244982,64.8352504784352,8,6,NMC,1,overnight,2,0.7538352504784352,85.1361459862262,64.12688954079388,0.5368576505483318,Warning,3.8412688954079393,20.77
329,0.5686130507187692,1.2350688445830629,28.879157537078484,10,57,LFP,0,normal,1,0.4843791575370785,86.90255237108805,70.51001058735542,0.4125754598093972,Moderate,3.9051001058735544,31.06
1422,1.8073052092285644,0.6363446187709871,55.764443504514034,21,33,LFP,0,normal,1,1.0,108.9993006366245,53.200139872675095,0.7038985313369115,Critical,3.732001398726751,26.86
546,1.9602334537660957,0.551623813898974,56.8286616961541,32,49,LFP,0,overnight,2,0.640828661696154,91.44945829860384,65.68939179787537,0.4964374767327413,Warning,3.856893917978754,28.25
351,1.9533167829285367,0.7703325783096455,89.16508876181359,35,40,NMC,1,overnight,2,0.5546650887618136,85.23857332133919,69.08565811668683,0.4424669211366737,Moderate,3.8908565811668687,23.29
230,1.624477747614387,2.426230223178348,63.731857615023074,22,19,LFP,0,normal,1,0.3797318576150231,72.11544072911305,76.08361541380182,0.3318150578982733,Moderate,3.9608361541380184,24.17
656,0.695129360195948,1.599059071790034,50.43204391763277,33,53,LFP,0,normal,1,0.7034320439176328,95.73710152782226,63.26677859649473,0.5351781340693023,Warning,3.8326677859649476,27.61
1172,1.6373947938935338,2.43164432230644,98.14402628085274,8,1,NMC,1,overnight,2,0.8031440262808527,89.22884148827379,62.07563104532392,0.56887397960878,Warning,3.8207563104532394,20.04
749,0.5368803746882023,1.364995756660264,28.857647466105256,23,5,LFP,0,overnight,2,0.5643576474661054,76.75735305233641,70.53958820288008,0.4292603239563065,Moderate,3.905395882028801,15.42
1042,0.5331853272934959,1.1236322661705191,53.80387426495557,7,27,NMC,1,normal,1,0.7698038742649556,95.4890641729088,61.65709030879435,0.5661838750389624,Warning,3.8165709030879436,32.8
1189,0.985415328724312,1.5122837256804882,23.361974013712423,6,16,LFP,0,normal,1,0.7778619740137125,90.0962201540846,62.534206618840265,0.5586864999800911,Warning,3.825342066188403,30.11
240,1.2329647856069983,1.3790233772658202,79.19232966135442,35,6,LFP,0,normal,1,0.3871923296613545,67.05062455709151,76.91006684704783,0.3247226681590355,Moderate,3.9691006684704786,29.6
302,1.6556111267116898,0.7113293685234878,93.44612417593206,17,40,LFP,0,fast,0,0.4984461241759321,92.3894034858492,69.06096619843186,0.430779656303851,Moderate,3.890609661984319,35.33
1030,1.5249430649097575,1.7816526293804125,42.40298636403915,2,13,LFP,0,normal,1,0.7004029863640392,90.83530767462084,64.32286380597485,0.5234455646396224,Warning,3.843228638059749,23.85
977,1.1688540595651224,0.9320763650191992,88.66733414392966,27,48,NMC,1,fast,0,0.8751673341439298,103.58811668781952,57.40319330883786,0.6332395287627876,Warning,3.774031933088379,34.03
1234,0.9104399994224988,1.7391759097956592,43.37745843695182,5,35,LFP,0,overnight,2,0.8753774584369518,100.49960982145646,58.01564157478491,0.6268534733826107,Warning,3.7801564157478493,24.53
1329,1.9956867502365667,1.8004021847963068,92.86161293151322,20,19,NMC,1,overnight,2,0.9543616129315132,100.00254083335894,56.14045151004038,0.6633271018925225,Warning,3.761404515100404,18.85
1396,1.1392719533539597,0.8040497062572962,80.31695228774271,27,12,NMC,1,normal,1,0.9683169522877428,100.42341789834528,55.70739261313737,0.670839729923203,Warning,3.757073926131374,20.4
177,1.1770805364945132,0.6226992542213363,84.39254214731508,0,16,NMC,1,overnight,2,0.320892542147315,74.77458110911766,77.0227702244936,0.3094505778491217,Moderate,3.9702277022449364,21.32
67,0.7454357317875038,2.06152317213688,21.44052444803636,35,59,LFP,0,overnight,2,0.4019405244480363,85.61364282825238,72.8287583231486,0.3707103990521473,Moderate,3.9282875832314863,21.57
615,1.692214323124894,1.4196008475386404,97.02482856592208,20,43,LFP,0,overnight,2,0.673524828565922,90.87761371220904,64.98635654341014,0.5107672823644519,Warning,3.8498635654341014,22.41
619,1.540523338672233,0.6163275910109516,78.13367936562585,34,10,NMC,1,overnight,2,0.5856336793656258,78.11302399814494,69.73655321623036,0.4422133480947766,Moderate,3.8973655321623037,24.19
1396,0.8311544191831406,2.4897326343395343,44.38008763089066,12,25,NMC,1,fast,0,0.9413800876308906,106.8629371637174,55.092910376484255,0.6715677096684797,Warning,3.7509291037648427,36.28
735,0.623571568423764,0.6155611219927333,86.35157318870776,9,20,LFP,0,fast,0,0.6318515731887078,92.65929111681594,65.67185244691912,0.4947140086099496,Warning,3.8567185244691915,35.52
675,1.5207489531120697,1.8900704577171064,42.5216958731944,9,31,LFP,0,normal,1,0.5910216958731944,98.77540365999768,65.4693768711706,0.4881636532257625,Warning,3.854693768711706,31.59
1361,1.4817668214217028,2.4673578505268274,89.82030716529023,12,4,NMC,1,normal,1,0.9063203071652902,87.78445835228317,59.78510065041111,0.6148495084433075,Warning,3.797851006504111,23.44
903,0.909889290497314,0.9783602084318512,29.00643123295496,23,44,LFP,0,normal,1,0.758506431232955,103.72301212805466,60.2927367935652,0.5781088803045684,Warning,3.802927367935652,29.51
1011,1.926295343375616,0.7844987373743924,76.29487819686366,1,23,LFP,0,overnight,2,0.7527948781968636,100.69510685231558,61.04110667461529,0.5690372915333729,Warning,3.8104110667461533,23.88
204,0.7265868376713503,0.7427698788448578,63.25587813159282,21,2,NMC,1,overnight,2,0.3132558781315928,64.8984959924849,79.1889038482132,0.2850833836967248,Safe,3.991889038482132,18.28
539,1.1485022015639028,1.106550295135191,27.722757615635267,16,56,NMC,1,fast,0,0.5972227576156354,90.07744401050168,67.05394225750878,0.4728434422894803,Warning,3.8705394225750878,31.99
1459,1.9154238802513983,0.7020916220212934,39.35150626070712,35,22,NMC,1,fast,0,1.0,108.39680973935089,53.32063805212982,0.7026333004526368,Critical,3.7332063805212985,33.51
834,1.1295909753891835,1.884322683388264,20.992322902185183,13,51,NMC,1,normal,1,0.7169923229021853,102.09709669769867,61.65577258790563,0.5549752564437052,Warning,3.8165577258790564,26.02
1177,1.4577889214961284,0.6245835962601254,57.50143723716047,9,57,LFP,0,fast,0,0.9350014372371606,112.76743165137408,54.071477738796176,0.6809372891555368,Warning,3.740714777387962,36.51
1466,1.0963915969441915,1.5188442562995794,44.10122086080003,34,37,LFP,0,fast,0,1.0,102.01658564939432,54.596682870121136,0.6892348298637281,Warning,3.745966828701212,33.77
295,0.911322803523005,2.4933937077059536,67.86859874382071,24,8,NMC,1,fast,0,0.3873685987438207,81.72900967789836,73.9699830958248,0.3556310047269014,Moderate,3.939699830958248,33.29
1249,1.9759664719397425,2.1279405390120374,43.77902461668938,2,7,NMC,1,fast,0,0.7932790246166894,91.60440980071616,61.84714242443953,0.5691767972744315,Warning,3.8184714242443953,33.78
1112,1.1140010094725643,1.7304388764620218,43.99352892055877,16,14,LFP,0,fast,0,0.7739935289205588,88.39483914298557,62.97119394838892,0.5532760884375352,Warning,3.8297119394838894,37.24
808,1.8411488055187013,1.1125072415732231,79.45545589852827,11,56,LFP,0,normal,1,0.7734554558985284,96.92398696896488,61.27881620874382,0.5709317141866272,Warning,3.8127881620874384,28.04
587,0.8449319088366293,1.747791672583277,23.85142687826828,23,55,NMC,1,normal,1,0.6283514268782683,101.95862080347074,63.89949016734914,0.5125800314544661,Warning,3.8389949016734914,27.46
970,0.819657056037625,1.5540829278233033,92.23159961535896,28,3,LFP,0,fast,0,0.742231599615359,89.77795831044301,63.48861834752742,0.5410937222692258,Warning,3.8348861834752745,34.78
457,0.546701124326767,1.352166767780743,88.18110995129452,24,50,NMC,1,normal,1,0.6146811099512945,93.4859813715368,65.93577597691028,0.4882940881070921,Warning,3.859357759769103,31.88
574,1.4775002380638276,0.761420753480399,73.42437465811253,35,16,NMC,1,overnight,2,0.5784243746581126,83.16245726185254,68.90689918117667,0.4493927382124938,Moderate,3.889068991811767,19.75
877,1.0527895155856417,2.273208430480933,67.45772560859075,25,55,LFP,0,fast,0,0.8209577256085908,108.69800811219662,57.73645523734591,0.6182207366996935,Warning,3.7773645523734594,37.63
952,1.7965373747594555,1.399569297642645,91.38419985117218,0,19,LFP,0,overnight,2,0.7243841998511723,90.12667661133952,63.865059681452784,0.5333485158131198,Warning,3.838650596814528,22.63
85,1.2098148600373355,0.8892450236415301,34.82641436229716,19,51,LFP,0,normal,1,0.3683264143622972,90.74899159207366,72.64204132252783,0.3655279291654459,Moderate,3.9264204132252782,27.52
734,1.9522901418720824,1.2355187017545792,26.31753297526629,27,18,LFP,0,normal,1,0.6013175329752664,86.1670236285533,67.73365694990768,0.4665765777832134,Warning,3.877336569499077,35.5
69,0.7782882735546817,1.328259505057854,39.16081359276305,15,52,LFP,0,overnight,2,0.359660813592763,82.13416644137361,74.5816463719062,0.343320635983447,Moderate,3.945816463719062,18.83
370,1.802934751933416,2.155075791133749,83.56626229601522,16,16,NMC,1,normal,1,0.4485662622960152,76.6401967850441,73.4578040855908,0.3740133878391999,Moderate,3.934578040855908,26.94
561,1.6648952791876126,1.967228761122804,22.773621338118662,27,8,NMC,1,fast,0,0.4812736213381187,75.64066811246214,72.84002584405461,0.3874503731717768,Moderate,3.928400258440546,32.54
449,1.656382766966078,2.03860978728268,66.62454680667918,11,33,NMC,1,overnight,2,0.5121245468066792,91.59414070264378,68.87805818930426,0.4356068552087246,Moderate,3.8887805818930428,24.86
703,1.7671748421753315,0.5220625288572944,99.6350012953048,26,49,LFP,0,fast,0,0.7501350012953049,95.8008058513872,62.08646379733994,0.5574958179031829,Warning,3.8208646379733997,38.38
1021,1.6415359864144985,1.332307996359523,88.45568750700315,29,12,NMC,1,overnight,2,0.7929556875070033,85.00319042720226,63.17546972688447,0.5551606514629513,Warning,3.831754697268845,27.01
520,1.4393304824471231,1.4626883032706472,61.71565512348715,33,53,LFP,0,normal,1,0.6467156551234872,101.29361859911852,63.57338490208912,0.5199065352418054,Warning,3.835733849020891,31.67
1216,0.6968673165235814,0.5383845536461134,25.091272742931388,5,11,NMC,1,overnight,2,0.7760912727429314,90.87836832059816,62.422044517307086,0.5594879280261486,Warning,3.8242204451730712,21.41
1165,0.5487892692368779,1.0196264174900684,86.50988115085678,6,5,NMC,1,overnight,2,0.7960098811508568,90.45329291670984,62.00909438788661,0.5680566086717477,Warning,3.820090943878866,20.9
1427,1.8812717717235303,2.0205796462442702,67.91828065417684,31,27,LFP,0,fast,0,1.0,109.7370816644682,53.05258366710636,0.7054478714953832,Critical,3.7305258366710636,31.66
883,1.424975471781107,0.7742194114579981,29.19463976476535,31,12,LFP,0,normal,1,0.6686946397647653,90.12356993870986,65.25792001813889,0.5068894507595543,Warning,3.852579200181389,34.11
776,1.6948059364642645,1.5706202629051833,27.508582785868494,24,17,NMC,1,fast,0,0.6145085827858686,79.87347061062545,68.6625913082282,0.459625865105601,Warning,3.8866259130822822,35.94
903,1.222283527268825,0.930403744034475,92.7701455549274,32,6,NMC,1,normal,1,0.7262701455549273,91.45748185420211,63.55174999028639,0.5370390310324149,Warning,3.8355174999028643,26.52
100,0.6759622834435917,0.5242415492877865,73.53602103504628,6,33,LFP,0,fast,0,0.3345360210350463,80.81562079607127,75.47347531490959,0.3286174136633966,Moderate,3.954734753149096,37.66
624,0.6877786883038257,0.982402915199083,86.34294394534044,11,5,LFP,0,overnight,2,0.5353429439453405,80.5035842198563,70.51570955739523,0.423345425235735,Moderate,3.9051570955739523,19.08
1263,1.528347930843457,2.451747509820108,90.31831202258138,15,57,LFP,0,fast,0,1.0,103.9490810899508,54.21018378200984,0.6932930702888968,Warning,3.7421018378200985,35.81
1198,1.145458842349194,2.1030742237659794,65.74178816386578,15,28,NMC,1,normal,1,0.8787417881638657,101.77037783905443,57.67737972809247,0.6311201428398505,Warning,3.7767737972809248,27.48
199,0.8007870900505051,2.419153288642067,61.3957081404033,35,14,NMC,1,normal,1,0.3728957081404033,78.9810913389277,74.88138902870438,0.3429857531784397,Moderate,3.948813890287044,29.92
363,1.2373918201121552,1.475708087852725,54.43419282567922,12,5,NMC,1,overnight,2,0.3749341928256792,74.26191637964482,75.77426190342905,0.3340437659894518,Moderate,3.9577426190342906,21.81
619,0.5963134056127011,0.719472397355007,45.355727023289546,6,54,LFP,0,normal,1,0.6288557270232895,103.48838874576435,63.58092907526489,0.5160320867021677,Warning,3.835809290752649,23.65
1415,1.372957102871598,1.595918977947386,54.76767686869694,35,56,NMC,1,fast,0,1.0,114.42895816836796,52.11420836632641,0.7153008121535727,Critical,3.7211420836632643,35.15
354,0.9034901066526464,1.4087546691199218,81.91037245841251,8,59,LFP,0,overnight,2,0.5519103724584125,88.55512319599127,68.49121604934143,0.4481231856293276,Moderate,3.8849121604934145,25.15
731,1.6963386509557823,2.188714165479232,68.15387448121052,31,33,LFP,0,normal,1,0.6946538744812105,90.69583101693324,64.4944869345831,0.5204218355141348,Warning,3.8449448693458312,27.91
887,0.9655429383853606,0.6961651615684892,91.4018631963877,10,50,NMC,1,normal,1,0.8049018631963877,93.967337097217,61.08398600064691,0.5796597929224399,Warning,3.8108398600064692,30.33
1127,1.1828302236227015,1.4764822740435564,55.47040115033502,7,48,NMC,1,fast,0,0.8769704011503351,109.59919438859016,56.1559010935236,0.6467192487624485,Warning,3.7615590109352364,32.91
1052,0.517430809862151,0.8000973293879685,68.56716629750032,32,41,LFP,0,fast,0,0.8815671662975003,93.34298652103668,59.29222353835516,0.6147646756854896,Warning,3.7929222353835517,34.95
493,0.6086703316918383,1.14935185378012,70.5046042473591,22,19,NMC,1,overnight,2,0.5180046042473592,81.60834527306976,70.72821583920206,0.4174297120909421,Moderate,3.9072821583920208,20.13
662,1.0887403346100273,1.9747141547755995,67.33577298450604,24,22,LFP,0,normal,1,0.612335772984506,90.77688028611036,66.53622961816528,0.4814909407684721,Warning,3.8653622961816527,30.24
1042,1.2199082520756852,1.452036258737533,76.2107018468413,7,5,NMC,1,fast,0,0.7262107018468413,92.99148455142624,63.24643554354372,0.5402322009352447,Warning,3.8324643554354374,35.06
313,1.4000308221789557,1.2517765702915389,38.9946774699845,21,59,NMC,1,overnight,2,0.5144946774699846,90.5912262307386,69.01938781710265,0.4346265468827938,Moderate,3.8901938781710266,24.07
1126,0.9374938680639548,1.2889525571400706,60.98910220366325,3,2,NMC,1,normal,1,0.7359891022036633,96.93885957008018,62.21250053089239,0.5531664286439084,Warning,3.822125005308924,31.26
1053,1.5424728291898138,1.4188935368119733,28.337984224667814,2,30,LFP,0,normal,1,0.7488379842246677,93.21947605432813,62.63515518351768,0.5514589422208062,Warning,3.826351551835177,30.07
54,1.7901835957838068,2.0700330876741138,50.760906211585,28,47,NMC,1,overnight,2,0.374760906211585,85.37678437601777,73.55562046950682,0.3573026776401401,Moderate,3.9355562046950685,22.82
1176,1.6697764833400246,2.2841693778804686,59.01336548970115,28,39,LFP,0,overnight,2,0.9200133654897013,96.63232993497974,57.673199875761526,0.6399342414710655,Warning,3.7767319987576156,19.01
1269,0.5594282380225357,2.410669373007857,72.17794076363779,33,4,LFP,0,fast,0,0.8846779407636378,92.0393093584055,59.475189609227954,0.6135045715153795,Warning,3.7947518960922797,34.99
823,1.2207604208867435,2.07380677251059,96.04248420689628,33,33,NMC,1,normal,1,0.7725424842068964,95.81943048669332,61.52255179748893,0.5681784840203318,Warning,3.8152255179748895,26.4
926,0.6573952676272623,1.1308137914960257,68.05208532386847,27,13,NMC,1,normal,1,0.7240520853238687,82.16876141023161,65.46494558485696,0.516479139490324,Warning,3.8546494558485698,26.97
1041,0.8630675237937913,1.8762694121730843,79.48751329412478,12,20,LFP,0,normal,1,0.7839875132941247,89.75877092848961,62.44855798194896,0.5608874877645375,Warning,3.82448557981949,26.88
933,1.97999388990072,1.3752062481107838,60.50128475961622,14,54,LFP,0,overnight,2,0.8170012847596163,105.193788525896,58.53621017583039,0.6089825661651994,Warning,3.785362101758304,19.06
1423,0.7137433143522698,1.0093412440921024,70.72832251010651,22,7,LFP,0,fast,0,0.9472283225101066,100.86054804819112,56.14718232760912,0.661740604093502,Warning,3.7614718232760915,31.09
96,1.248332230177034,2.181743158851845,25.67457729070188,25,15,LFP,0,normal,1,0.2686745772907019,75.53721449327946,78.17569266907657,0.2862485746489702,Safe,3.9817569266907658,26.0
916,1.4272336014771787,0.57685269792465,40.35132646734776,3,23,NMC,1,overnight,2,0.6733513264673479,93.12922666700648,64.540371504915,0.5154132560727038,Warning,3.8454037150491502,22.58
872,1.553697455816156,2.3035239842708477,48.948247456411096,25,14,NMC,1,normal,1,0.6769482474564112,87.28086665021394,65.62012048354693,0.5048402375072447,Warning,3.8562012048354695,23.96
985,1.339473025230371,1.4229549292494683,57.799468400521086,8,23,NMC,1,fast,0,0.7352994684005212,91.8769858836043,63.24211611326611,0.5422089178458166,Warning,3.832421161132661,35.03
705,0.5146562711287754,1.7744029536165609,23.6518996401907,4,19,LFP,0,normal,1,0.5411518996401907,84.48543990255878,69.57411452848348,0.434466576124464,Moderate,3.895741145284835,33.7
318,0.989691962365988,1.8187078444115652,31.201927804265416,31,54,LFP,0,fast,0,0.5142019278042654,86.78396575202139,69.78815865448908,0.426492243786271,Moderate,3.897881586544891,37.05
419,1.276567465077067,2.290235481413073,42.14514462330446,19,29,NMC,1,fast,0,0.4766451446233045,88.20675842000443,70.4425197004165,0.4116406363780789,Moderate,3.9044251970041652,38.29
685,0.63179974871725,1.7733393643344146,97.72261527208406,10,56,NMC,1,normal,1,0.7282226152720841,96.7508769214918,62.44425923389953,0.5490825837893728,Warning,3.8244425923389955,29.17
1179,1.025940396813771,1.7278671695201235,46.50776056824406,14,20,LFP,0,normal,1,0.8240077605682441,97.0927712514546,59.98125173550298,0.5952985058979706,Warning,3.79981251735503,31.5
706,0.5498046631870499,0.6333040811213799,58.5632846489666,31,29,LFP,0,fast,0,0.6605632846489665,89.25008705466199,65.63590047284345,0.5011927430230493,Warning,3.856359004728435,33.55
169,0.6178677457325311,1.5368160438904082,35.68781701907143,27,24,LFP,0,overnight,2,0.3461878170190714,84.28925009417723,74.48745455568778,0.3414466382818311,Moderate,3.944874545556878,20.07
880,1.0953849143023942,0.8003380016340833,68.86240568606146,21,18,LFP,0,fast,0,0.7048624056860616,84.8002710467412,65.41838564850022,0.5128902118990358,Warning,3.8541838564850024,29.52
1131,0.6990736310645905,1.9748675374429712,42.45465724127794,16,10,LFP,0,normal,1,0.769954657241278,93.91344748025196,61.968444072917656,0.5629467018981361,Warning,3.819684440729177,31.56
1419,1.3513112723923373,1.524443841625349,36.55940627507414,25,41,LFP,0,normal,1,1.0,109.76833018326698,53.0463339633466,0.7055134933848607,Critical,3.730463339633466,32.62
790,1.5341974537058989,1.8604555584167064,61.32581027567832,6,57,NMC,1,overnight,2,0.7393258102756783,103.57181353151972,60.8024920368041,0.5686805682971385,Warning,3.808024920368041,20.34
166,1.7008800486636244,0.5833458012047685,20.440463932833666,25,8,NMC,1,fast,0,0.2774404639328336,63.49165275731261,80.36565785021664,0.2651166911584525,Safe,4.0036565785021665,34.49
840,0.8002253663672152,0.6695840320916064,20.613122611938024,24,26,LFP,0,fast,0,0.6666131226119381,97.18185863416228,63.8983002078691,0.5207231363724114,Warning,3.8389830020786913,33.49
1200,0.7512238733886046,1.9326467761253645,37.52550472814862,9,29,LFP,0,fast,0,0.8425255047281486,106.1817742372542,57.70050753434545,0.6231813406441045,Warning,3.7770050753434545,35.77
1466,0.6568517605016004,0.6441686719973467,22.93770900006569,18,10,LFP,0,normal,1,0.9219377090000656,100.29699775383811,56.89215772423073,0.6485441070580913,Warning,3.7689215772423075,31.37
1062,1.454645374315455,0.6425134555305172,28.64206033045531,10,17,NMC,1,fast,0,0.7306420603304554,98.28976235815338,62.07599602010794,0.5534634796090885,Warning,3.8207599602010793,31.51
1131,1.5597135897303518,0.5242169504697749,47.10885194710013,12,2,LFP,0,overnight,2,0.7426088519471001,96.55749071765943,62.12328055779061,0.5555099351819573,Warning,3.8212328055779063,23.23
683,0.5473792172384631,2.41300279659896,84.20685436638503,7,6,NMC,1,normal,1,0.557706854366385,87.56857951470097,68.54361273790018,0.4488047728049049,Moderate,3.885436127379002,27.17
562,1.9043183693655348,1.975016718918014,65.76389146954406,3,58,LFP,0,normal,1,0.6267638914695441,90.42808564371391,66.24528558451861,0.4876118282998327,Warning,3.862452855845186,28.34
851,0.5779569254772086,1.2065028170041283,61.01341807651331,30,5,LFP,0,fast,0,0.6615134180765132,86.66432540250219,66.12929946758673,0.4962139569315983,Warning,3.8612929946758676,35.92
1169,1.3119445029516057,1.0930711625753105,43.47910585664973,27,28,NMC,1,overnight,2,0.8659791058566497,98.38072569574284,58.67437721443518,0.6179395992429686,Warning,3.786743772144352,21.44
1191,1.5635907791763746,1.199406459491699,94.54029755462533,10,41,LFP,0,normal,1,0.9330402975546254,101.9819600695358,56.27760054722721,0.6573562574844721,Warning,3.762776005472272,27.69
609,1.8064536856191284,2.049307062362364,51.76120329897533,0,5,LFP,0,normal,1,0.4712612032989753,84.22666353437084,71.37313721065145,0.400725064989192,Moderate,3.913731372106515,27.36
537,1.5711303981986418,1.8227412221408288,26.96742134366172,23,18,NMC,1,fast,0,0.4954674213436617,87.65550522153524,70.0822134221014,0.4194235861034633,Moderate,3.900822134221014,36.94
1310,1.7025921246046878,0.8703911357349359,69.3653212894241,30,26,NMC,1,fast,0,0.962365321289424,109.38352769360164,54.06416142904407,0.6868289357690398,Warning,3.740641614290441,35.84
946,1.0091752888142091,0.8482186706681687,29.107071478128116,25,20,LFP,0,overnight,2,0.7121070714781281,93.18259057106198,63.56080509883441,0.5339342991513409,Warning,3.8356080509883443,22.66
1345,1.7222376706197684,0.6967912994267946,47.61785142413537,4,41,LFP,0,fast,0,0.9511178514241352,100.39857068761133,56.14233957687435,0.6626179778704481,Warning,3.7614233957687437,32.46
1262,0.6201722695770127,1.8206054394026765,60.59295509742471,19,49,NMC,1,overnight,2,0.9765929550974248,116.21261798443504,52.34265252567738,0.7079281514385902,Critical,3.723426525256774,20.86
753,1.8422249840907916,2.028745324443472,89.93780197481406,10,27,LFP,0,normal,1,0.6674378019748141,95.243471296689,64.26536069129185,0.5170442456610836,Warning,3.8426536069129185,30.7
630,1.3213885642306042,1.030092856650008,59.48372642720949,32,49,NMC,1,overnight,2,0.6854837264272096,86.669940218049,65.52891879570996,0.5076116445108274,Warning,3.8552891879570996,22.11
839,1.7259466549437406,0.5418899220618256,76.18070128253314,26,12,NMC,1,overnight,2,0.6836807012825332,91.6926282392606,64.56945682008455,0.5173028524116505,Warning,3.845694568200846,23.98
910,1.1784774267774505,0.6643433349528547,99.42534711992565,33,7,LFP,0,overnight,2,0.7414253471199257,92.84844543093192,62.89467723581548,0.5471587752869217,Warning,3.828946772358155,27.3
296,1.4653665427947875,2.4357200696900607,30.519129591838528,14,59,NMC,1,normal,1,0.4835191295918385,88.90257085689109,70.13150758882583,0.4163669853555946,Moderate,3.9013150758882587,31.12
1149,1.28960399140417,1.0908895549548403,41.97852204156156,31,3,NMC,1,fast,0,0.7874785220415615,90.24913153617396,62.263210641726175,0.563575474195707,Warning,3.822632106417262,35.19
203,1.5973842826329978,2.038446295676267,51.56608604781171,20,10,LFP,0,normal,1,0.3230660860478117,72.54504055805195,77.41433973719431,0.3058009760446196,Moderate,3.974143397371943,26.47
1046,0.6224449730458843,1.7493271377085275,53.74625428310651,4,34,LFP,0,fast,0,0.7867462542831065,91.44142458233048,62.043058726456245,0.5657314624073696,Warning,3.8204305872645627,29.89
1159,0.5905281259858457,1.2638792793057918,52.88168602124366,5,25,NMC,1,overnight,2,0.8173816860212436,93.20795862468852,60.9238661245312,0.5839930139719366,Warning,3.8092386612453124,21.49
746,0.8706548510152197,0.9113745243911102,92.6088802045244,21,35,LFP,0,overnight,2,0.7126088802045244,98.96280172897018,62.392217649092856,0.5463111017279865,Warning,3.8239221764909286,21.02
1358,0.7393170201697825,0.7427728363188129,77.1226115573485,17,16,NMC,1,overnight,2,0.9381226115573488,93.52948034506905,57.84103864205248,0.6420201492143855,Warning,3.778410386420525,23.17
1293,1.8076753498883025,1.7300259360777333,68.6324171272563,13,2,LFP,0,overnight,2,0.8471324171272563,90.96248757536716,60.629192056745154,0.5934091220437178,Warning,3.8062919205674515,21.54
1142,0.8288209810370665,2.049267561275576,44.74981742902257,9,24,LFP,0,overnight,2,0.8057498174290227,95.51253040386416,60.7537484835016,0.5833074771269006,Warning,3.807537484835016,21.04
1120,1.963797883728697,1.7878085070822614,85.90323073770358,12,10,NMC,1,fast,0,0.7999032307377036,94.96093404406884,61.01023242274364,0.5793719960929538,Warning,3.8101023242274366,31.44
1058,1.0053436876566604,1.5606042664983166,96.40484091879912,30,38,NMC,1,fast,0,0.8994048409187991,103.8578342461914,56.74331212779174,0.6453187513534315,Warning,3.7674331212779175,33.12
143,0.7731768735330489,0.5839024468632725,85.69586260401812,29,22,NMC,1,overnight,2,0.3811958626040181,76.15518991548942,75.23906545180166,0.3409939335594363,Moderate,3.952390654518017,23.43
1007,1.6845477607137187,2.436977555188768,20.125208415317832,2,26,LFP,0,normal,1,0.7056252084153178,94.64429802844342,63.43051018392838,0.5339249998570071,Warning,3.834305101839284,33.15
1061,1.4880616632513142,2.097428383309149,70.91210961467256,29,43,LFP,0,normal,1,0.8884121096146725,106.68251872164625,56.45319351530394,0.6460290413824266,Warning,3.7645319351530393,27.71
502,1.2472935746797085,1.0856440734019297,24.090830515368054,5,55,LFP,0,overnight,2,0.550090830515368,94.82326911334712,67.28307541444639,0.4604220096328286,Warning,3.872830754144464,22.98
1277,1.3330453264064468,2.4599406587177013,40.60857762669775,28,39,LFP,0,fast,0,0.952108577626698,100.10907234409972,56.1754710905126,0.662480626295291,Warning,3.761754710905126,36.9
961,1.5788026674083957,1.7037631792726442,24.76197602782173,7,27,LFP,0,normal,1,0.7002619760278217,93.6065927419904,63.77213205090638,0.5291982833713951,Warning,3.837721320509064,25.57
267,0.8426821119969481,1.664845316414493,68.30363623595102,32,29,NMC,1,normal,1,0.452803636235951,73.652855305697,73.94933803296182,0.3697527233540404,Moderate,3.939493380329618,29.1
523,1.994500874085113,1.996146358859064,74.92719307940854,16,47,NMC,1,normal,1,0.6094271930794086,84.70580479759334,67.82315921349611,0.4673601067876651,Warning,3.878231592134961,25.78
481,1.9621897432201747,2.123539576180275,29.159011045272408,10,38,NMC,1,overnight,2,0.5036590110452724,85.99551659109221,70.20942140564975,0.419828615087798,Moderate,3.902094214056498,24.59
390,1.4754885295204052,1.8129572146630053,50.70711064359836,12,20,NMC,1,normal,1,0.4297071106435984,77.58388174256822,73.74054588539639,0.3670370292151025,Moderate,3.937405458853964,28.45
600,0.7993136763937176,0.7561914927324,56.498920716443365,10,27,LFP,0,normal,1,0.5574989207164434,95.32268851602149,66.99798927888462,0.4649896332239557,Warning,3.8699798927888462,28.9
1362,1.5203423636469369,1.1765350119889968,49.52424174087333,30,41,LFP,0,normal,1,1.0,104.4759084867495,54.1048183026501,0.6943994078221739,Warning,3.741048183026501,25.65
1327,0.6082976134687638,2.3561672806520995,29.682000038815445,27,54,LFP,0,normal,1,1.0,110.94882525417064,52.810234949165874,0.7079925330337583,Critical,3.728102349491659,30.12
406,0.545978753308709,0.949231223687704,53.51582321499804,5,20,NMC,1,fast,0,0.4265158232149981,81.10396431879296,73.11631155586645,0.3729133410965894,Moderate,3.9311631155586646,39.17
72,0.8865243327668205,1.2443340476750266,80.09424382467344,15,44,NMC,1,overnight,2,0.3780942438246734,72.336416848825,76.08036053461817,0.3315012411992523,Moderate,3.960803605346182,18.98
571,1.1939344351089745,1.364153765888392,25.680613162660435,3,19,LFP,0,overnight,2,0.4741806131626605,88.57306058025067,70.43087255488335,0.4112392184707901,Moderate,3.904308725548834,20.98
1173,1.8024087581125707,1.3788099793889044,26.41440112655228,34,20,NMC,1,fast,0,0.8409144011265521,93.63053950304628,60.25103207122694,0.5960584734915095,Warning,3.8025103207122695,35.46
851,1.590753604649462,1.725879164989051,48.38170334687874,25,35,NMC,1,fast,0,0.7288817033468787,99.43605476204182,61.89074646391967,0.5550345240900553,Warning,3.8189074646391967,36.57
1253,1.6140597817999716,2.3861516754894154,95.338056929514,11,47,LFP,0,overnight,2,0.984838056929514,100.8899409162967,55.20106039350281,0.6796669529657422,Warning,3.7520106039350285,20.32
1296,1.138240001672113,0.98138542366501,73.48581173783313,10,2,LFP,0,normal,1,0.8474858117378332,92.23936185590534,60.3649823353731,0.596258420472872,Warning,3.803649823353731,19.5
811,1.0189024888204443,0.7430027526018361,74.29359653380519,24,30,LFP,0,normal,1,0.7177935965338053,86.00024502117965,64.85511108241894,0.5215524728980347,Warning,3.8485511108241894,32.08
491,1.056558144476904,0.8949409797198746,48.9535992670292,17,53,NMC,1,overnight,2,0.5874535992670292,98.17311377768922,65.67903726278642,0.4852039985849862,Warning,3.8567903726278643,24.28
818,1.9814743456040864,2.273849800418539,67.49286329668308,18,34,LFP,0,normal,1,0.714492863296683,93.59292515496864,63.4190933865892,0.5359292528913586,Warning,3.834190933865892,22.77
1065,0.5601637871187237,1.791621625310412,20.81049472221947,22,22,LFP,0,fast,0,0.7633104947222196,98.33077525980065,61.25108257998438,0.5690671130386358,Warning,3.812510825799844,33.78
1398,1.8005472441836727,1.0718135784783205,70.88768371276338,17,3,LFP,0,normal,1,0.9128876837127634,91.36614716082644,58.904578475015626,0.6254905588012982,Warning,3.789045784750156,32.7
565,1.3680131128585902,2.1318938779372347,93.06295580609894,25,6,NMC,1,normal,1,0.543562955806099,81.84940705598767,70.04104469365,0.4300761588254712,Moderate,3.9004104469365,32.34
1089,1.1579231287843856,2.222739992726872,69.00587746758553,5,15,LFP,0,normal,1,0.7685058774675856,90.9285838964338,62.6016362840236,0.5559903179796142,Warning,3.826016362840236,30.82
841,1.5878864906227048,2.193028677380556,89.89588747730761,3,27,NMC,1,overnight,2,0.6973958874773075,95.89081434161068,63.38693994474517,0.5326337566691035,Warning,3.833869399447452,21.47
385,1.2300034121370542,2.337853067279109,77.9178444372875,28,10,LFP,0,fast,0,0.4564178444372875,73.27709460723011,73.93413496762179,0.3706803747828948,Moderate,3.939341349676218,35.17
