cycle_count,charge_rate,discharge_rate,depth_of_discharge,storage_time_months,battery_age_months,chemistry_type,chemistry_type_encoded,charging_behavior,charging_behavior_encoded,SEI,IR,CSI,category,current_voltage,ambient_temperature,SOH
300,0.7860315809954999,0.6117491478221423,86,11,59,NMC,1,overnight,2,0.9571792816138688,108.35628917309474,0.6822083660300867,Warning,3.7439926012503433,23.55,97.1067082171533
300,0.5548245017721423,0.5543283033681384,51,11,34,NMC,1,normal,1,0.7394033542997023,86.29766965812433,0.5324416995744197,Warning,3.842553822108826,26.41,82.39211853376366
300,1.208100417664999,1.1691407569791197,55,10,17,LFP,0,overnight,2,0.9358431597819312,100.26663371910196,0.6550854317065316,Warning,3.7655059426163136,19.39,95.665078363644
300,1.3472616998939246,1.4026450330720792,63,11,43,NMC,1,fast,0,0.9103598842312048,108.10345362137436,0.6594381976147086,Warning,3.75620312169945,34.98,93.94323542102735
300,0.5985629591425286,0.7077181015739282,58,11,43,LFP,0,normal,1,0.909779254172929,105.9321126681382,0.6546025823352315,Warning,3.760690961120492,28.41,93.90400366033305
300,1.663291425042516,1.7165928329576299,47,10,53,LFP,0,overnight,2,0.946115795719978,105.10254889309785,0.6701203556424951,Warning,3.75326595328381,30.75,96.359175386485
300,1.1799332521220414,1.2811235833047159,70,10,16,LFP,0,fast,0,0.3079929470144857,77.3693232766353,0.3087722287128148,Moderate,3.968263116693108,34.63,53.242766690167954
132,1.28658540399137,1.3186906373245864,60,10,2,NMC,1,overnight,2,0.4301943015575765,75.29379335737275,0.3624592592903316,Moderate,3.941863837895861,18.61,61.49961497010652
300,1.1611441204073425,1.2106036952394523,56,10,34,NMC,1,fast,0,0.931602153511755,101.64425183973904,0.6559639517815357,Warning,3.763810957942584,35.55,95.3785238859294
300,1.101144591312989,1.0894788703297618,62,10,55,NMC,1,fast,0,0.6217735791619607,99.72197213164787,0.5047585915783919,Warning,3.845112660946214,30.85,74.44416075418654
205,1.3394604969623267,1.3859650430638448,76,10,8,LFP,0,fast,0,0.2874910453197695,70.43153956701163,0.2844644796176149,Safe,3.9872641595360334,34.82,51.85750306214658
300,0.7328603688960688,0.7495256517524201,93,10,13,NMC,1,fast,0,0.9134538988637608,104.73785845735873,0.6538401047207397,Warning,3.762160808369343,35.03,94.15229046376764
300,0.7728921957429067,0.8054098753958131,55,10,42,LFP,0,normal,1,0.895685185258355,109.14025962934096,0.6546450082193347,Warning,3.7577981844267296,30.38,92.95170170664562
257,1.792678431520276,1.7760060282115921,45,9,8,NMC,1,normal,1,0.655038301876365,81.25686702183945,0.4817826141371362,Warning,3.87372669048723,30.92,76.69177715380845
300,1.9191731932004488,2.0000661132475788,47,9,30,NMC,1,fast,0,0.4180783927988236,75.14041951312748,0.3563821175570089,Moderate,3.94519956277404,33.99,60.680972486407
300,1.0599639744196294,0.9889187194361343,64,11,32,NMC,1,overnight,2,1.0,100.2516700206614,0.685528507043389,Warning,3.749496659958677,21.55,100.0
300,0.9061170097153306,0.9042821076249199,57,11,36,LFP,0,fast,0,0.6985809093048538,86.95332738477323,0.5144279194278294,Warning,3.85144811790424,33.47,79.63384522330094
300,1.4659993148585235,1.597177704879281,64,10,47,NMC,1,normal,1,0.5439682154361463,84.87664441133892,0.4366258555959812,Moderate,3.8942546573182857,24.62,69.1870415835234
300,1.1131012566471443,1.0182290743550317,51,11,30,NMC,1,overnight,2,1.0,106.48510160124536,0.6986187133626153,Warning,3.7370297967975095,22.93,100.0
50,0.5380795334905173,0.5,54,11,1,LFP,0,normal,1,0.6491241235813,79.96782972690343,0.4762664011276147,Warning,3.877783309650869,24.18,76.29217051225001
300,0.7342288960492855,0.7708746126790827,98,11,43,LFP,0,normal,1,0.5438789764393479,85.88463445440642,0.4387002461629437,Moderate,3.8922609869813503,26.76,69.18101192157756
300,1.5739583432710962,1.5482628942357461,65,10,39,LFP,0,overnight,2,0.9867278152367018,109.17312966454182,0.6979592845329713,Warning,3.734971786861741,19.01,99.1032307592366
300,1.488385912865227,1.589472136902411,80,10,17,LFP,0,fast,0,0.7821688437533025,85.04907903603737,0.5501332667584972,Warning,3.8343596309896,36.1,85.2816786319799
300,0.5406439887552252,0.5275924807655259,84,11,59,NMC,1,fast,0,0.4998038761055056,93.93702723883403,0.4346745983516666,Moderate,3.887174976495956,38.6,66.20296460172335
300,0.8329582428994242,0.7725243357430931,65,11,20,NMC,1,fast,0,0.9002017594287213,92.407821621601,0.6216522611340047,Warning,3.790133916899618,32.4,93.25687563707577
300,0.846612194882107,0.8390304553002857,86,11,24,NMC,1,fast,0,0.5676108241640073,76.65247241432485,0.4305853335479856,Moderate,3.9047923491303487,31.29,70.7845151462167
300,1.5078391153980926,1.6171459740594136,71,9,50,NMC,1,overnight,2,1.0,110.69105748046226,0.7074512207089707,Critical,3.728617885039076,21.63,100.0
300,0.5295658066315463,0.5871027693507838,49,11,22,NMC,1,overnight,2,0.2764033083183398,74.95414270169826,0.2886952711247778,Safe,3.980990887517019,22.05,51.108331643131066
300,0.6561628729768607,0.5,55,11,29,NMC,1,overnight,2,0.4228897229634527,89.4020802029058,0.3886169868337422,Moderate,3.915473408853325,22.66,61.006062362395454
300,1.699874128059784,1.718450877268461,46,10,22,NMC,1,normal,1,0.6513057307963659,91.06606565705827,0.5006089600080962,Warning,3.855041435986792,26.66,76.43957640515985
300,0.7678169930815004,0.7913932063216409,56,11,44,NMC,1,overnight,2,0.7699245979535833,100.87221395577274,0.5775458333350748,Warning,3.805774422600059,21.4,84.45436472659347
253,1.479119161777812,1.4772941652577603,62,9,9,NMC,1,fast,0,0.4537465295861674,78.9105185885696,0.3812416905894257,Moderate,3.928742330426319,35.74,63.09098172879509
300,0.8572741715700898,0.7961851824132309,65,11,37,NMC,1,normal,1,0.8367343091617299,93.90159315669584,0.594642142480883,Warning,3.803013236396176,31.12,88.96853440281959
284,0.6491620891390177,0.7686152765896622,60,11,10,LFP,0,fast,0,0.5501169372090404,84.95922127461287,0.4397199098509812,Moderate,3.8925523231485135,31.09,69.60249575736759
300,0.8647582864991812,0.9891616813126674,61,10,36,NMC,1,fast,0,0.7518447961079491,95.38252108900896,0.5574295724381947,Warning,3.821273758794995,34.26,83.23275649378034
300,1.5834003977834887,1.3630843517009026,97,11,37,NMC,1,overnight,2,0.8154342479669772,103.9575771300101,0.6056421797573355,Warning,3.788226283748235,22.64,87.52934107884981
300,1.7835447021594286,1.7037487543852843,46,9,28,LFP,0,overnight,2,0.4016195452689031,78.8692651536714,0.3563947408254388,Moderate,3.941856583375432,19.25,59.5688881938448
300,1.7453297968504873,1.7308567317219152,53,9,28,LFP,0,fast,0,0.8375056774959327,93.62027128689176,0.5944177665130407,Warning,3.8033830380522335,38.46,89.02065388486031
300,1.0957752944276822,1.190626114799349,54,11,42,LFP,0,fast,0,0.684322850770312,98.46619441112996,0.5318323623792711,Warning,3.8319868984851615,33.73,78.67046288988594
300,1.5021277048559694,1.505612992495146,92,9,43,LFP,0,normal,1,0.8089067959441829,97.65205310379528,0.5893000395914569,Warning,3.802469194806364,27.88,87.08829702325559
300,0.8074764431237315,0.7391170631072391,46,11,21,NMC,1,overnight,2,0.5536457036823741,90.00135988405347,0.45198456500564,Warning,3.8815858543113,23.67,69.84092592448474
300,0.93972159539152,1.0106749531222574,48,10,24,LFP,0,normal,1,0.8997788360208143,105.91619127764518,0.6498189487929418,Warning,3.763222908439506,26.23,93.2282997311361
300,1.84450372778168,1.8233701192265808,90,9,42,LFP,0,normal,1,0.7015419787692333,96.15491041062528,0.5351577517776989,Warning,3.8323046844864415,22.46,79.83391748440766
300,0.5195028852661041,0.5077627993506081,87,11,40,NMC,1,normal,1,0.9084307654948592,108.84306601687246,0.6600750522454902,Warning,3.755206176592541,26.71,93.81288956046346
74,0.6282627962817021,0.6255469529412945,47,11,2,LFP,0,fast,0,0.572703342758832,85.33814311127023,0.4512441883441127,Warning,3.886147878087752,37.06,71.12860424046161
300,0.811829382719041,0.8692602268028895,89,10,55,LFP,0,normal,1,0.4203381211305613,78.94685803253898,0.3654490094053485,Moderate,3.937021753652282,26.99,60.83365683314604
173,0.5397983058107296,0.5089433456433509,98,11,8,LFP,0,normal,1,0.607418369083433,95.2382936001935,0.488524141875037,Warning,3.857668820528755,25.46,73.47421412725899
300,0.772153152634696,0.8408478018994182,62,11,48,LFP,0,fast,0,0.4668792608022475,87.79878558671786,0.406145098613175,Moderate,3.9076826136260014,36.85,63.97832843258429
300,1.3745623414545385,1.3672554446138312,68,10,27,NMC,1,overnight,2,0.9313249083952192,104.93686199161613,0.6627467416701228,Warning,3.757295048917963,21.01,95.35979110778509
300,1.132136825888747,1.0254351672469593,57,10,22,NMC,1,overnight,2,0.5321587026184986,81.64074401545918,0.4242209461762511,Moderate,3.903678836314457,20.47,68.38910152827694
300,1.8390075666154624,1.8353299360459177,70,9,37,NMC,1,normal,1,0.632198444813219,95.032848427443,0.4998632429839093,Warning,3.851884691941809,28.45,75.14854356846074
300,1.7261653426076613,1.6246440022931399,69,10,27,NMC,1,fast,0,0.5121458784095504,82.73802518101243,0.4170191451246625,Moderate,3.906487480035588,36.54,67.03688367632097
300,1.012726027546814,1.016824706524408,91,10,57,NMC,1,overnight,2,0.3719352601041668,80.02256477220448,0.3447166345711085,Moderate,3.946971055429549,29.15,57.563193250281536
300,0.8891351501469387,0.9720825430700853,78,10,29,NMC,1,normal,1,0.3866545293070463,85.60072964628895,0.3634224336780538,Moderate,3.932134908380661,30.48,58.55773846669232
135,1.0695386122509003,0.9621757116506888,74,10,3,NMC,1,normal,1,0.5679110440265956,80.289300151792,0.4383652762313961,Moderate,3.8974436386897673,31.48,70.80480027206727
300,1.3854424137722117,1.4218697543526555,57,11,44,NMC,1,fast,0,1.0,103.86970456385622,0.6931263795840981,Warning,3.742260590872288,33.99,100.0
254,0.9020954612343144,0.8191917153989936,98,11,13,LFP,0,normal,1,0.5581320609462561,91.93092950576208,0.458167680911572,Warning,3.876605125751912,24.92,70.14405817204434
300,1.436223361773701,1.4563934177653557,81,10,45,LFP,0,overnight,2,0.8082067470101798,106.19910720406334,0.6069163299583684,Warning,3.785550098839329,22.19,87.04099641960674
227,1.1141174782868606,1.200137902488909,78,10,10,NMC,1,fast,0,0.945964762440548,101.36156832184928,0.6621925556351438,Warning,3.760785672746165,35.21,96.34897043517216
300,1.3280707712779702,1.1151194638669661,56,10,36,NMC,1,overnight,2,0.3403888504763634,80.59755818254699,0.3309395761596213,Moderate,3.953707671015816,18.76,55.43167908624077
243,1.154189793702975,1.0427422110158404,53,10,9,NMC,1,overnight,2,0.932765675056219,99.7266828296748,0.6524897295940211,Warning,3.767355215576596,21.47,95.4571402065013
300,0.9416986393128766,0.9048006948018843,70,11,54,NMC,1,overnight,2,0.913395662437206,98.19816157547096,0.6400790789661619,Warning,3.775254761239757,23.2,94.14835557008148
300,1.922679960443235,1.9541840093613965,63,9,56,NMC,1,normal,1,0.6604435467349428,90.38996818054872,0.5035296178782501,Warning,3.854109176955167,29.08,77.05699640100966
300,1.6454086912396413,1.628770358303809,74,10,55,LFP,0,normal,1,0.7328220558542264,102.58777684115556,0.5635248078971842,Warning,3.811618932354132,29.51,81.94743620636666
300,0.7101697636496789,0.705581685451587,83,11,27,LFP,0,overnight,2,0.2960097472678899,80.5656179415652,0.3097924276295346,Moderate,3.964866327299897,22.87,52.43309103161418
300,1.802701963846869,2.007000416381995,99,9,34,NMC,1,overnight,2,0.4111494517197446,84.67368565588772,0.3731107294442429,Moderate,3.927865265758289,20.48,60.21280079187464
300,1.2311467973742705,1.1099010694893476,84,10,51,NMC,1,fast,0,0.9002574610883423,111.7242721419183,0.6622432655149911,Warning,3.751487090444078,33.97,93.26063926272585
131,1.841828340341137,1.955376841977414,73,10,1,NMC,1,fast,0,0.9550671469967872,88.38809154573035,0.6392718870695078,Warning,3.784457030159343,32.6,96.96399641870184
300,1.6997828839209728,1.664785071205531,42,11,32,NMC,1,normal,1,0.8339394408353086,96.01630457053872,0.5977554739949029,Warning,3.799482530650096,33.35,88.77969194833166
300,1.1378202567038502,1.1927677359537237,76,11,25,LFP,0,normal,1,0.8040357865021667,91.28338140024968,0.5736120995290535,Warning,3.816424290573959,28.04,86.7591747636599
300,0.533703962480176,0.746598618054736,82,11,29,LFP,0,fast,0,0.9739392511858506,107.70293323485603,0.6887973041064768,Warning,3.7411093207338255,34.55,98.23913859363856
178,0.9030160390774192,0.9718838414459618,79,10,7,NMC,1,overnight,2,0.5535561813558713,82.52295752060064,0.4362373969373001,Moderate,3.8965650396198312,19.21,69.83487711863995
300,1.3124513219913003,1.3497008929703003,65,10,49,NMC,1,normal,1,0.96297783119089,113.0955627413745,0.6949151515725591,Warning,3.733064416719529,36.81,97.49850210749256
160,1.450217329739221,1.6101295632541586,94,10,3,NMC,1,overnight,2,0.6003860420724182,78.7037251882812,0.4504611928797891,Warning,3.892496039105333,18.78,72.99905689678502
300,0.8868315281498034,0.9993113926091226,62,11,20,NMC,1,fast,0,0.4206882875586374,74.27600524641409,0.3558065476078224,Moderate,3.9462759176175126,34.14,60.85731672693496
300,0.7090341111092362,0.6290947034930926,83,11,20,LFP,0,normal,1,0.6218987029942507,83.22487523079253,0.4701741219069333,Warning,3.878075573789853,29.25,74.4526150671791
300,1.7523953551989486,1.7818478294443343,78,10,53,NMC,1,normal,1,0.4634187670367619,89.0426594757621,0.4071134992415623,Moderate,3.9060599892892856,29.8,63.744511286267695
300,1.9766032710553283,1.8048536976412524,54,10,30,NMC,1,fast,0,0.3963528075532936,84.79327094974391,0.3663334525822767,Moderate,3.931325256212189,36.92,59.213027537384704
300,1.2885352734540287,1.2345199346166036,95,10,35,LFP,0,normal,1,0.8517790133277163,92.41684014184186,0.5986703956285332,Warning,3.8022215663843872,33.42,89.98506846808894
300,0.7575189287724553,0.7889242255324412,88,11,35,NMC,1,fast,0,0.462617434978109,79.64160209172496,0.3869906460072241,Moderate,3.925062437072023,36.01,63.69036722825061
300,0.9084609897790534,0.8482504545009275,43,10,49,NMC,1,normal,1,0.7958991199744616,100.0145369718868,0.5880826096288315,Warning,3.8009961460626114,24.83,86.20939999827444
300,0.5275860148212002,0.5549226894183926,68,11,39,LFP,0,fast,0,0.9925856576102572,99.1714450954629,0.6797382220653442,Warning,3.75351069540651,34.49,99.49903091961198
300,1.8714482098407488,1.870109748275445,61,9,27,NMC,1,normal,1,0.561503952814405,92.02790088935534,0.4599729694544886,Warning,3.875568210017688,28.92,70.371888703676
300,0.6766266243352117,0.730268297574716,64,11,26,LFP,0,overnight,2,0.9063604545810762,104.39363340734744,0.6497478460814408,Warning,3.764622619540036,28.2,93.67300368791057
300,1.3647747132713803,1.3223548110685692,52,10,14,LFP,0,overnight,2,0.7091646623307466,86.24023170962849,0.5179577011973245,Warning,3.8502283709980567,17.81,80.3489636709964
300,0.911082831030809,0.8170679395871376,57,10,17,NMC,1,overnight,2,0.3721840743395184,70.77256571127788,0.3254098233049547,Moderate,3.965408849992565,25.61,57.58000502294043
300,1.3312670037736902,1.4790796863910163,72,10,18,LFP,0,normal,1,0.6512390654956849,97.07959367751764,0.5132057028332374,Warning,3.843031046271044,28.54,76.43507199295168
300,1.4771305825277965,1.427560908258802,55,10,45,LFP,0,normal,1,0.5532917581689174,86.35406193634181,0.4441571151965535,Moderate,3.888968936585087,30.51,69.81701068708901
300,1.7446127055608025,1.8106137648725142,84,10,52,LFP,0,overnight,2,0.8406144747792734,99.21963220600335,0.6076531031527619,Warning,3.791407116893175,21.69,89.23070775535632
300,0.8096319076409049,0.9531566102881585,81,11,29,LFP,0,overnight,2,0.8370891971737925,104.91199350886254,0.6179325550261627,Warning,3.780903713688827,19.47,88.99251332255355
300,0.5164937429877208,0.532760742887474,83,11,20,LFP,0,fast,0,0.7078815245153287,96.52872866075788,0.5389540543323726,Warning,3.829972161549653,36.5,80.26226516995465
300,0.7053284451032109,0.619697788158896,41,11,53,LFP,0,fast,0,0.5092159198364393,95.51001595734306,0.4424485954327291,Moderate,3.881675988126205,36.31,66.83891350246212
300,1.8500279627721576,1.8321669653174233,94,11,27,LFP,0,fast,0,0.6592962021365028,95.16067277888412,0.5130031088504955,Warning,3.8448546039081055,36.94,76.97947311733127
300,1.8108351163437728,1.9125892080044482,74,10,18,LFP,0,overnight,2,0.3587554202887449,77.28389378296374,0.3327050015813776,Moderate,3.9557433573618863,21.96,56.6726635330233
185,1.3961196532554625,1.4167444078292488,81,10,4,NMC,1,overnight,2,0.4012215492939101,72.53251075048003,0.3428985084906153,Moderate,3.9546295911755625,20.2,59.54199657391284
103,1.40077529065048,1.2802611114300524,73,10,1,LFP,0,overnight,2,0.4070880343743693,84.29720373891155,0.3703909441795396,Moderate,3.929633583928585,17.32,59.938380700970896
300,1.4975550118193832,1.5572193951727544,69,10,50,LFP,0,fast,0,0.844648956216897,107.15606374603708,0.6262359880697039,Warning,3.7745256334537016,36.64,89.50330785249304
60,0.7630569179351744,0.8400100648402742,98,11,1,NMC,1,normal,1,0.8398580235250991,88.76333013870463,0.5853355544657017,Warning,3.812508833841316,29.27,89.17959618412831
300,1.87161791888744,1.8360867302756467,94,9,58,LFP,0,overnight,2,0.4308530491391352,91.77531577642104,0.3973833614715734,Moderate,3.908736106162374,19.1,61.54412494183346
300,1.1281557873381096,1.189180224898584,52,11,26,LFP,0,normal,1,0.402867800911436,73.24796223459226,0.3451829261255758,Moderate,3.9527871253029567,26.38,59.65322979131325
300,1.0747077923742463,1.099209651920293,52,11,45,LFP,0,normal,1,0.6386490665074847,91.78937656436288,0.4961159973762172,Warning,3.856758980244403,26.6,75.58439638564086
300,1.2783765579242563,1.2586336040600523,57,10,20,LFP,0,normal,1,1.0,94.01030467151128,0.6724216398101737,Warning,3.7619793906569776,23.55,100.0
300,0.5704489501625826,0.5,71,11,52,NMC,1,fast,0,0.9306998442635258,104.16990962991188,0.6608392362479898,Warning,3.758985219674295,33.36,95.31755704483282
300,0.7494250531341191,0.8572204426446949,71,10,23,NMC,1,normal,1,0.6583941891766585,83.18454913522757,0.4874247930428906,Warning,3.869032354435381,24.6,76.91852629572017
300,1.6070504246395556,1.6829715246315389,74,10,10,NMC,1,overnight,2,0.8128521294464186,89.00226874402108,0.573009525849493,Warning,3.818782430150353,20.76,87.3548736112445
300,0.6241980018876897,0.6825866313252209,98,11,59,LFP,0,fast,0,0.9804668952738712,103.20289370165658,0.6824478520285676,Warning,3.748477488778219,33.52,98.68019562661291
286,1.4047281641995824,1.5591807645673916,78,10,11,LFP,0,overnight,2,0.5407923911757032,87.37815453174095,0.440370510325115,Moderate,3.890045593142593,17.12,68.9724588632232
300,0.8680236645219814,0.9625430372233408,85,11,41,LFP,0,overnight,2,0.5726841828508493,91.81067318898134,0.4648274005510142,Warning,3.873207607909325,28.07,71.12730965208442
300,1.0839434210629648,1.1526000216781211,91,10,41,LFP,0,fast,0,0.5537066361546436,89.9105314764574,0.4518227682740162,Warning,3.881752278008424,37.51,69.84504298342186
138,0.9330406051560498,0.7117178703533666,68,11,5,NMC,1,overnight,2,0.385749781698175,80.19258822711814,0.3516355815835811,Moderate,3.94317737812122,19.66,58.49660687149831
300,1.0335090746974238,1.1531985698776654,88,10,58,NMC,1,overnight,2,0.5950215488689758,89.08305869285556,0.4697096589677602,Warning,3.873078495397045,22.82,72.63659113979567
120,1.5785688577763684,1.5868769092045734,68,10,1,NMC,1,fast,0,0.2917581002506911,67.6856812942279,0.2807250283369569,Safe,3.991689112348872,35.83,52.14581758450616
300,0.9456825734347624,0.9769317414604762,92,11,17,LFP,0,overnight,2,0.7874788353321831,98.9689869228419,0.581887319320755,Warning,3.805192317321272,25.57,85.64046184676913
300,1.3496069604453458,1.3815402794146843,83,10,22,NMC,1,normal,1,0.2657609030993546,73.25393757779179,0.2800696978855562,Safe,3.987051899069578,25.54,50.38925020941585
300,1.2140756032986495,1.2914588776628775,96,11,34,NMC,1,overnight,2,0.8065957366825651,104.16833809160916,0.6018864849165977,Warning,3.790014389646141,25.28,86.93214437044358
300,1.4955067480439723,1.6077242509241407,55,10,56,LFP,0,normal,1,0.4519353411113084,82.16231712034724,0.3872101529806007,Moderate,3.922691530481479,26.36,62.968604129142456
300,1.9052446089871369,1.968668723293059,95,9,45,NMC,1,overnight,2,0.4825357634940619,90.5481824006146,0.4193556707009701,Moderate,3.898269694325256,17.99,65.03620023608526
300,1.5988581458153754,1.6463867047473646,83,10,41,NMC,1,fast,0,0.7313456647978251,87.02739867925864,0.5301467280054101,Warning,3.8431087864420266,36.45,81.84768005390711
300,0.8224105678861351,0.8455618418156923,86,11,29,LFP,0,fast,0,0.8039463012991052,101.14714670547106,0.5942835011985642,Warning,3.7967191312642816,37.58,86.75312846615576
117,0.546774702591927,0.5,96,11,4,NMC,1,overnight,2,0.7288980458871019,88.7355166362945,0.5325711567325919,Warning,3.840304455255636,29.76,81.68230039777715
163,0.8933960664497376,0.8646369645047187,49,10,5,NMC,1,fast,0,0.7927543396092273,96.3144719417895,0.578818702392141,Warning,3.809182471214114,32.6,85.9969148384613
300,1.3926168960503822,1.2984579443153177,69,10,11,LFP,0,overnight,2,0.4897437407092618,74.94694847103098,0.3900168686260644,Moderate,3.927670167880623,24.1,65.52322572359877
300,0.5771387202263756,0.6982126741202841,64,11,56,LFP,0,fast,0,0.5703725450191148,95.72781426601982,0.4719553688427212,Warning,3.8659512352131817,34.18,70.97111790669695
300,1.2445493708018545,1.3064530906304839,78,10,51,NMC,1,normal,1,0.8238184200387683,104.41953803428648,0.6105947793904165,Warning,3.7852063189217353,30.35,88.09583919180866
300,1.3952642733753338,1.3494505746539602,59,11,21,LFP,0,overnight,2,0.3323546853433447,76.60646766255223,0.3187420576294484,Moderate,3.96369839333906,17.59,54.88883009076653
300,1.0013658362254412,0.9655941179985168,44,10,35,NMC,1,normal,1,0.6383881134277022,92.10097957202892,0.4966464109794193,Warning,3.856201012499017,24.21,75.56676442079069
300,1.6563683056187328,1.6169701692884908,40,10,12,LFP,0,normal,1,0.6457114647836569,89.03623033476924,0.4936890294752524,Warning,3.860499673134548,25.67,76.0615854583552
300,0.6598973797006578,0.6187147642687658,69,11,26,LFP,0,overnight,2,0.7616549509390313,96.3181159715166,0.5640541452362248,Warning,3.816950030322209,22.24,83.8956047931778
300,0.6127066726037131,0.5,88,11,51,LFP,0,normal,1,0.6526375097668284,99.45337120126096,0.5188548966618916,Warning,3.837933880155771,26.08,76.52956147073165
300,1.5922831343054051,1.4261551849776284,42,10,19,LFP,0,overnight,2,0.5656783977932757,87.80471467884651,0.4530871397773836,Warning,3.882970971193988,23.98,70.65394579684295
300,1.2432369743092977,1.2461416515474721,84,10,45,LFP,0,normal,1,0.83644812110057,108.07737015736484,0.6242753348532369,Warning,3.774733229410128,31.08,88.94919737166013
224,1.532603594641604,1.6401350085775395,53,10,7,LFP,0,overnight,2,0.8947351445579012,88.10169570512186,0.6100127546457589,Warning,3.800112822450281,23.8,92.88750976742575
300,1.1522410079056191,1.0984720381628328,95,11,47,NMC,1,overnight,2,0.638716892188424,90.85444784388343,0.4941848642616566,Warning,3.8586118812651273,26.86,75.58897920192054
300,0.8696030498586602,0.8999475249510648,69,11,55,NMC,1,fast,0,0.7379480562092144,104.57617226114836,0.5701352884477884,Warning,3.8063606414254,35.83,82.29378758170367
261,1.7286534765112995,1.802079568228972,89,9,7,NMC,1,overnight,2,0.4928606582921918,85.89395675836374,0.4144861218813549,Moderate,3.9049969219102247,18.35,65.73382826298592
300,1.699123818453469,1.5997859978950832,43,10,26,LFP,0,overnight,2,0.7392410319192888,92.5348512917857,0.5454626778744122,Warning,3.830120039436607,26.09,82.38115080535735
300,1.54204470628164,1.5400471634096498,57,10,40,LFP,0,normal,1,0.7387126534135483,97.68198896702305,0.5560206872021839,Warning,3.819957858712567,26.18,82.34544955496948
159,0.908217705844944,0.8415656577175925,76,11,5,NMC,1,overnight,2,0.4508180119582113,76.000717744717,0.3737400629440561,Moderate,3.9352940615210135,24.73,62.89310891609536
300,1.3853460003036306,1.54595794948676,64,9,21,LFP,0,fast,0,0.3658283265822148,73.74181739585642,0.3286262716578504,Moderate,3.961059283562734,38.15,57.150562606906405
300,1.0414608454100402,1.1977067960962517,87,11,14,NMC,1,normal,1,0.7941100068823237,94.41547607409974,0.5754747530247133,Warning,3.81264154613122,29.37,86.08851397853539
130,0.6373731099899512,0.5381388260024662,40,11,4,LFP,0,normal,1,0.7070564125013712,84.8202834203908,0.513974391120972,Warning,3.853595330033876,23.51,80.20651435820075
300,1.875970363193364,1.9145588015017965,92,10,23,NMC,1,fast,0,0.7420291696866768,91.41484167776308,0.5444350231244739,Warning,3.831663024222805,33.16,82.56953849234303
300,0.7052279463784421,0.8119878764596912,85,11,42,NMC,1,normal,1,0.6795166413085137,87.10601955447477,0.505693045685941,Warning,3.855908800563922,31.97,78.34571900733201
300,1.925356030731204,2.010188980768837,54,10,20,LFP,0,normal,1,0.8675643776921003,106.3959221149925,0.6355245158452318,Warning,3.77031706134699,27.49,91.05164714135812
300,1.1690086594369336,1.1771649629353702,48,10,15,LFP,0,normal,1,0.546074965975456,93.05316116719403,0.454797247289449,Warning,3.877374936171748,28.24,69.32938959293622
300,0.7776993932579295,0.9083551394343643,54,11,50,NMC,1,normal,1,0.8599364546988726,104.37242571029618,0.6276519099735864,Warning,3.7762710349046897,30.28,90.536246939113
300,1.3128514210675373,1.222399952168594,88,10,52,NMC,1,fast,0,0.42225830392576,88.0414454951618,0.3854597299045758,Moderate,3.9183525330282367,36.39,60.96339891390271
300,1.8094187538146125,1.7791094593751433,96,10,45,LFP,0,fast,0,0.6005003664416829,88.32291424429492,0.4707157939728187,Warning,3.8732290799009896,35.56,73.00678151632992
300,1.5983373296143415,1.510573087638384,63,9,29,LFP,0,normal,1,0.9789636959879604,112.00692529560423,0.70022229871505,Critical,3.7312452254118016,27.37,98.57862810729462
244,1.7098417217921746,1.7880910712622369,43,10,8,NMC,1,normal,1,0.3737559780902905,75.7709675883082,0.3366531215283351,Moderate,3.955019070300811,27.06,57.68621473583044
300,1.488175050066076,1.4299113626361308,51,10,41,NMC,1,fast,0,0.7187518609934371,92.19925409017335,0.5350255675612468,Warning,3.8359135265712943,36.72,80.99674736442142
300,1.5384148467767786,1.5212899292330702,98,11,48,NMC,1,fast,0,0.9359791873960432,114.44390776740764,0.6849223203246765,Warning,3.7371173876161743,36.11,95.67426941865156
300,1.7737934773479789,1.8355605141745537,97,9,19,LFP,0,fast,0,0.5661368445564146,89.33805864384753,0.4565249243163767,Warning,3.879789671573201,34.49,70.68492192948747
300,0.8745020132887789,0.9443270046665605,76,11,48,LFP,0,normal,1,0.8557292926051508,110.32699869937886,0.6381581112561423,Warning,3.765413679449954,31.25,90.25197923007777
300,1.2341374454647107,1.1434248108391856,100,11,39,LFP,0,normal,1,0.6270056954938708,93.5657926258254,0.4943158698738219,Warning,3.856116990874882,27.61,74.79768212796424
300,0.8318141627294033,0.9374796911066826,76,11,46,NMC,1,overnight,2,0.9391890880146626,105.16122793903683,0.6669533954789422,Warning,3.754880272118261,19.45,95.8911545955853
300,1.9815020119949704,2.0270709788616954,82,9,28,NMC,1,fast,0,0.8810122562764283,98.49364554435928,0.6253174773744579,Warning,3.782759644842175,33.48,91.96028758624516
300,1.91608900952992,1.8079187255718798,99,10,46,LFP,0,normal,1,0.9460149962675528,110.4709272503102,0.681346070452739,Warning,3.742554396432491,25.06,96.35236461267247
300,0.5591402170527588,0.5,45,11,57,LFP,0,fast,0,0.6196396296894076,102.13095834250612,0.5088038366217315,Warning,3.840828175892636,34.46,74.29997497901402
300,1.5583627587735327,1.5567807877473259,78,11,27,NMC,1,normal,1,0.6170936545820174,80.89828005159283,0.4630058740348032,Warning,3.8839300262513103,31.7,74.1279496339201
182,1.8878724761234984,1.9728818750551793,95,10,4,NMC,1,fast,0,0.4918876482080566,71.21550461745879,0.3831991925954903,Moderate,3.934597078713068,33.39,65.6680843383822
300,0.7708630176910003,0.8584346039310984,85,11,58,NMC,1,normal,1,0.9127874661007076,101.78695050317074,0.6473266424544946,Warning,3.7682292324684816,28.57,94.1072612230208
300,1.3519178458289445,1.3875345335514286,63,10,15,NMC,1,overnight,2,0.6144866676549818,88.0582999617275,0.4768035970557441,Warning,3.8702617331628,20.03,73.95180186857985
300,1.8732324463820629,1.8780999302147454,50,10,35,LFP,0,overnight,2,0.7112458717420391,101.70914193972418,0.5514309871508893,Warning,3.818770248185042,21.22,80.48958592851616
300,0.5509189678786983,0.6020927347865989,52,11,37,NMC,1,fast,0,0.8766031748940472,92.87625336655292,0.6114266401444336,Warning,3.7950966995433824,31.98,91.6623766820302
105,1.54613040087026,1.4605973494313342,73,10,1,LFP,0,normal,1,0.962571554737084,96.97196073028202,0.6608626060337072,Warning,3.765413189855165,27.34,97.47105099574893
106,0.9460235110588262,1.1147222973613653,64,11,3,NMC,1,normal,1,0.9178134546769474,96.19336284946532,0.6379674529554273,Warning,3.7781599106318327,27.42,94.44685504573968
300,1.886594293064796,2.053988134877048,46,10,47,LFP,0,fast,0,1.0,118.56871596721903,0.72399430353116,Critical,3.712862568065562,36.08,100.0
300,1.956587367748052,1.9994685992101218,91,9,24,NMC,1,normal,1,0.8661806303428818,103.41178384703564,0.6286005454916438,Warning,3.776631274720208,28.67,90.95815069884335
300,1.9163997336701508,1.936129775669436,43,9,27,LFP,0,fast,0,0.3940034655259329,86.95493057066706,0.3697570003232189,Moderate,3.927589272477183,32.6,59.05428821121168
300,1.2113213249861956,1.1701792277202585,98,11,40,LFP,0,normal,1,0.939812623276964,106.49039739692456,0.6700408305900996,Warning,3.75206604938691,31.25,95.93328535655162
300,1.7930639764839702,1.8459388610639362,47,10,36,LFP,0,fast,0,1.0,107.68229253506496,0.7011328143236364,Critical,3.7346354149298704,35.42,100.0
300,1.7668240978026055,1.6976923607009278,59,10,34,NMC,1,normal,1,1.0,100.8011060789606,0.6866823227658172,Warning,3.748397787842079,28.6,100.0
300,0.9786507098648836,0.7562895067653305,68,10,29,NMC,1,fast,0,0.95152240499554,94.16563244976392,0.6497209705173856,Warning,3.7737881338515873,34.98,96.72448682402296
300,1.743373211226016,1.4719624811769074,93,10,24,NMC,1,normal,1,0.653333968117926,95.3108356438258,0.510486389708049,Warning,3.846044836682867,26.45,76.57661946742743
300,0.5555114520732389,0.5,92,11,24,LFP,0,overnight,2,0.6043478106207791,92.43351513695116,0.4811755918324675,Warning,3.864046017070903,22.65,73.26674396086345
300,1.3944048177230797,1.4100426300149074,90,11,42,LFP,0,normal,1,0.8602264203657288,109.53576509929196,0.6386326563822343,Warning,3.765871864709984,29.43,90.5558392139006
124,0.8450132559315546,0.8782104293269029,84,10,4,NMC,1,fast,0,0.903114598935067,100.28955255610856,0.6395874948619849,Warning,3.773642245154016,31.51,93.45368911723426
120,0.6808503286659182,0.6321746278149897,85,11,3,NMC,1,overnight,2,0.958760426370523,95.37147558403942,0.6556913012524812,Warning,3.769566942239291,20.38,97.21354232233264
300,0.6154298024438137,0.629613319158104,49,11,34,NMC,1,normal,1,0.6641821818157173,94.41481122770766,0.5137576399406518,Warning,3.845124832090656,27.24,77.30960687944035
300,1.5444331638172095,1.5170103281117564,82,10,57,LFP,0,overnight,2,1.0,122.45148594823642,0.7321481204912965,Critical,3.705097028103528,22.77,100.0
300,1.0098124456520992,0.9098811698870855,73,10,49,LFP,0,normal,1,0.6371276627910347,100.90471086016116,0.51453553263208,Warning,3.838908662581919,31.58,75.48159883723207
300,1.587150157293142,1.5817757063962294,96,10,23,NMC,1,overnight,2,0.4425997462987947,75.45022152614797,0.3686803446968382,Moderate,3.9384496203730057,19.68,62.33782069586451
300,0.5980345111984136,0.6793302224349785,65,11,53,NMC,1,fast,0,0.9580253543960988,106.11816202965142,0.6779101836004149,Warning,3.748257337341673,34.0,97.16387529703373
300,0.9729355067459156,0.8775293319712834,80,10,56,NMC,1,normal,1,0.9655773329072238,106.37739122727244,0.6820417547082034,Warning,3.745850884318649,26.46,97.67414411535296
300,1.3092369385630058,1.213876477261036,88,11,52,LFP,0,normal,1,0.7105492846272911,104.07076540888082,0.556059517556613,Warning,3.814221148025416,25.6,80.44251923157371
300,1.6860847472584453,1.5791596878632295,97,10,23,NMC,1,fast,0,0.660397823062602,91.75261951676322,0.5063694669399387,Warning,3.851395305200823,34.31,77.05390696368931
300,0.9781287543981048,0.7844768809472932,42,10,45,NMC,1,overnight,2,1.0,103.36964208255192,0.692076248373359,Warning,3.743260715834897,24.31,100.0
195,1.4388370646555138,1.390816827240812,95,10,5,LFP,0,fast,0,0.7971815097495374,97.19551026608788,0.5827717886898147,Warning,3.80631360203044,32.89,86.29604795604982
300,1.8289666223542809,1.9003752336495339,45,11,31,LFP,0,fast,0,0.9028111754679548,101.79192360686844,0.6425983479217021,Warning,3.7707133589192745,35.86,93.43318753161856
300,1.423794782273457,1.4411863906568332,44,10,53,NMC,1,overnight,2,0.6063251442566787,88.5924407704926,0.4740485691399568,Warning,3.871233832394845,16.89,73.40034758491072
300,0.8494392121304506,0.8325141237248199,44,10,41,LFP,0,fast,0,0.5689134689520001,85.76336388299443,0.4503369619064883,Warning,3.886244904996011,33.88,70.87253168594594
300,0.536601172334807,0.5495076521588239,93,11,57,LFP,0,normal,1,1.0,113.49359793389198,0.7133365556611732,Critical,3.723012804132216,27.01,100.0
300,1.8051483108513948,1.756250162108479,86,9,57,LFP,0,normal,1,1.0,115.5846155135569,0.7177276925784696,Critical,3.7188307689728863,33.02,100.0
300,0.5319041162755807,0.5,62,11,54,NMC,1,normal,1,1.0,114.4847758760346,0.7154180293396726,Critical,3.721030448247931,27.18,100.0
223,1.812052509026299,1.8904243872077557,88,9,6,NMC,1,fast,0,0.8376640513222924,90.8224525166799,0.5886175746631167,Warning,3.8089390821360674,30.6,89.03135481907381
300,1.293405701040818,1.4005181584192832,48,10,37,NMC,1,normal,1,0.8382757029704039,101.4027225047781,0.6111266761709759,Warning,3.787625629247843,22.0,89.0726826331354
300,1.9086015477693443,1.8357858701625656,74,9,57,NMC,1,normal,1,0.883261963213062,105.95860258161728,0.6420624979476008,Warning,3.7672673040335,28.1,92.11229481169336
300,1.698174853660498,1.6830912915998424,59,9,10,NMC,1,normal,1,0.6436558517600226,83.8740695730308,0.4818720756893754,Warning,3.871337897913933,29.84,75.922692686488
300,1.9969011658000064,1.9732012486939905,97,9,40,LFP,0,normal,1,0.4049980297184529,87.88980403987517,0.376942652600003,Moderate,3.9229708844906366,29.13,59.797164170165736
212,1.0260677231775652,1.0611966041200194,88,10,7,NMC,1,normal,1,0.2860217869863287,70.67224299318596,0.2842720591041967,Safe,3.987150067267046,28.5,51.758228850427614
300,1.6507824333966905,1.8197717790593195,100,10,39,NMC,1,normal,1,0.6454836448800486,85.03022842675962,0.4851682110142183,Warning,3.8685686319264687,31.49,76.0461922216249
300,1.1028963704138632,1.2188754949427938,98,11,38,LFP,0,fast,0,0.4074412433267607,78.71174014470009,0.3588292448840816,Moderate,3.94071620887891,33.92,59.96224617072707
300,1.2198134304558632,1.1821220079144736,81,11,21,NMC,1,normal,1,0.7450778773720763,97.20705883510428,0.5580468153054552,Warning,3.819316412986773,30.68,82.77553225487003
300,1.4412581948275551,1.4955045809775789,74,10,20,LFP,0,normal,1,0.9326345495525524,100.76464327030196,0.6546071619050965,Warning,3.7653120760712575,23.1,95.44828037517246
171,1.810515671279508,1.9359513581367793,89,10,3,NMC,1,overnight,2,0.3709818484705509,77.64119652148835,0.3392628907186372,Moderate,3.951972144839386,19.29,57.49877354530749
300,1.9761252037989427,2.0169597202384204,57,9,51,LFP,0,fast,0,1.0,107.51446242263366,0.7007803710875307,Critical,3.734971075154733,31.39,100.0
300,1.6524101207967772,1.65194018035276,56,9,22,NMC,1,fast,0,0.8660122893786273,90.20557213380154,0.6007875389358313,Warning,3.80308578338774,34.45,90.9467763093667
300,1.1266501732510006,1.171250182717719,63,10,47,LFP,0,fast,0,0.8647391902077567,96.33816998501824,0.6130612723172227,Warning,3.7911388624780247,34.91,90.86075609511867
138,1.132035503415605,1.0617083511592578,42,11,4,LFP,0,fast,0,0.5516565262043416,83.53881338209895,0.4374683580494701,Moderate,3.895008241684717,35.23,69.70652204083389
300,1.6063734523833373,1.5506453399729292,71,10,28,NMC,1,normal,1,1.0,104.5287653028195,0.6945104071359209,Warning,3.740942469394361,28.19,100.0
300,0.8581657186524535,0.7517622951323437,74,11,12,LFP,0,normal,1,0.3821091025708779,76.90366067649597,0.3429995111418086,Moderate,3.950665403004289,25.22,58.25061503857283
300,0.665711169697092,0.6964176213541163,77,11,38,LFP,0,overnight,2,0.7631896667910432,97.16212383035594,0.5665555517694929,Warning,3.814878335641528,21.43,83.99930181020562
300,1.0319332364611649,1.018792945858941,52,10,51,LFP,0,overnight,2,0.4481765082745836,93.40238041740622,0.4090288403069803,Moderate,3.901151112096542,17.51,62.714628937471865
300,0.9308584874811224,0.8485466813463145,95,10,36,NMC,1,fast,0,0.91291720518972,98.6638320053495,0.6408297196763509,Warning,3.774443034691872,37.73,94.11602737768378
300,0.9444621806839852,0.9280442395219347,100,11,47,LFP,0,overnight,2,0.4095401204550908,86.74984233739715,0.3767062261247021,Moderate,3.924115285211433,21.09,60.10406219291154
300,0.8504116265748649,0.8974114526511819,86,10,41,LFP,0,overnight,2,0.541550868760315,92.55479519111717,0.4516017325624957,Warning,3.879502692427687,20.53,69.02370734866993
151,0.5631397844545428,0.754611015054342,64,11,5,NMC,1,fast,0,0.625390501932057,81.26814173481904,0.467723586060847,Warning,3.881116091047348,38.18,74.68854742784168
300,0.5268109021001207,0.6280176885705065,48,11,13,NMC,1,fast,0,0.4307264062521632,77.59130050341811,0.3675367740269555,Moderate,3.9371357974301233,32.52,61.53556799001103
300,1.981583584604048,1.753168798855814,43,9,23,LFP,0,overnight,2,0.4258665483961223,87.91545563120118,0.3869090673136806,Moderate,3.9177024516385672,18.62,61.20719921595421
300,1.1416597006037934,1.165590547285828,53,11,58,NMC,1,normal,1,0.8321462740036806,107.80280935486462,0.621655379796964,Warning,3.776357812789351,24.71,88.65853202727573
300,1.0764899707395226,1.219422397010808,76,11,50,NMC,1,overnight,2,0.4626036969105231,83.64610221393556,0.3953935706817632,Moderate,3.9170568713444975,21.8,63.68943898044075
300,1.5194709240396047,1.3856835749185814,73,10,30,NMC,1,overnight,2,0.785599147534479,101.01881437742242,0.5852991052714647,Warning,3.801562584361536,23.29,85.51345591449183
300,0.8273808317975963,0.8825367588188386,50,11,37,LFP,0,normal,1,0.77029917249127,94.00174439619306,0.5632957701653587,Warning,3.8194217180847967,30.22,84.47967381697771
300,1.924941775925338,1.9012775573722334,80,9,25,LFP,0,normal,1,0.4192609981047993,76.73366582448438,0.3602896723311968,Moderate,3.941717418824832,35.72,60.76087825032428
300,1.679517521623328,1.794546574714944,95,10,48,LFP,0,fast,0,0.5991733936980448,95.94703634357391,0.4860961383280766,Warning,3.858312578888341,30.5,72.91712119581383
300,0.6341165034683893,0.6745422229697345,42,11,27,NMC,1,fast,0,0.8572163673008393,105.78048862928216,0.6293168005893912,Warning,3.774134930916226,36.22,90.35245725005672
300,1.1263711636773923,1.0379696182214717,98,11,51,NMC,1,overnight,2,0.9526145101449868,104.12927140989304,0.671163362279644,Warning,3.7535878296439673,20.33,96.7982777124991
300,1.818677461343247,1.798592313514185,67,10,14,LFP,0,normal,1,0.3787376164689248,75.35127415431262,0.3381380435467958,Moderate,3.954613047574144,26.24,58.022811923576
300,1.9170980334371155,1.902928465832353,68,9,57,NMC,1,fast,0,1.0,112.08101281475088,0.7103701269109769,Critical,3.7258379743704975,33.76,100.0
300,1.2011022668748046,1.1887844453937997,48,10,48,LFP,0,overnight,2,0.6163250006427432,87.76218428167289,0.4770549622968161,Warning,3.8703943812759687,19.27,74.07601355694212
300,1.4201170838160615,1.5320433782935878,42,10,59,NMC,1,normal,1,1.0,104.77794992162995,0.6950336948354229,Warning,3.74044410015674,33.05,100.0
300,0.7505509191381128,0.6662889269990897,64,11,47,LFP,0,overnight,2,0.7000424083779436,89.71319582865974,0.5209178552197086,Warning,3.845563006248195,24.53,79.73259516067186
300,1.9867529392054648,2.087058070171583,73,9,54,LFP,0,fast,0,0.8122682528480182,93.8806875843666,0.5829768640299785,Warning,3.8091715616192623,35.05,87.31542248973096
300,0.8475075520751651,0.8172825844830132,51,11,36,LFP,0,fast,0,0.784433600600605,92.6585404026844,0.5671888951309246,Warning,3.81857451904448,37.7,85.43470274328412
300,1.9140976612026883,1.9364487718356047,81,9,39,LFP,0,normal,1,0.5650489480740262,82.32240758974116,0.4412753062736188,Moderate,3.894092947802012,23.46,70.61141541040718
300,1.474469973488553,1.4817077321166563,48,10,16,LFP,0,overnight,2,0.990658132312065,102.2931211720482,0.6853781673095322,Warning,3.747749224577888,18.01,99.36879272378818
300,1.4116051923182886,1.4094246585101051,54,10,56,NMC,1,normal,1,0.4383013167302151,80.94820126598717,0.3781843481054252,Moderate,3.928528268285472,21.47,62.04738626555508
300,1.269032766524763,1.2676724830802306,79,10,22,LFP,0,fast,0,0.8863663704955793,95.70500924985794,0.6220045454101018,Warning,3.786998388876389,33.6,92.3220520605121
300,0.8460047175766381,0.9917405734037402,64,10,21,NMC,1,fast,0,0.7044710366467661,95.51182614859016,0.5351985773192532,Warning,3.832858588541128,35.32,80.03182680045717
300,0.7647920480082624,0.8490370404988768,44,10,54,LFP,0,overnight,2,0.6744283535227071,93.56942460394308,0.5168492595915664,Warning,3.844254062411437,22.31,78.0019157785613
300,0.830729313605263,0.79445774464727,50,10,21,LFP,0,overnight,2,0.7502074692704925,97.3733660778154,0.5608326166668963,Warning,3.8177014005267456,22.45,83.12212630206031
243,0.7796573932163817,0.9379361186285908,98,10,8,LFP,0,overnight,2,0.5387665934040243,76.48479806802445,0.4165322078097629,Moderate,3.912338755512945,17.77,68.83558063540704
300,1.66937671035013,1.6968448177494153,73,10,49,LFP,0,normal,1,0.5863331327692715,86.82433528213006,0.460839342157877,Warning,3.8797680462434223,30.41,72.04953599792375
298,1.0251878887500951,1.0609503146824846,63,11,16,LFP,0,overnight,2,0.6781776378129964,83.33302924399719,0.4971337393735674,Warning,3.8637895320587567,22.72,78.25524579817544
300,0.5867640148450946,0.5030321069119554,99,11,59,LFP,0,overnight,2,0.7332072054725636,93.53402594608248,0.5446948770862409,Warning,3.829630146739696,24.2,81.97345982922727
300,1.953653945211217,1.903904079370703,54,10,55,LFP,0,fast,0,0.6586423093796913,90.61885508547938,0.50315469263486,Warning,3.854101712484119,31.21,76.93529117430346
300,1.8256788274451383,1.7568284766524207,77,10,31,NMC,1,fast,0,0.3396363858268278,77.4551572641512,0.3239831135224608,Moderate,3.960180589014991,35.62,55.38083688019107
300,1.89162842479282,1.9002357112921875,47,10,42,NMC,1,overnight,2,1.0,105.19053800635584,0.6959001298133471,Warning,3.739618923987289,18.44,100.0
300,1.9923617339696529,2.056240041914474,98,9,10,LFP,0,overnight,2,0.9609609080350604,91.729538066509,0.6490884612563226,Warning,3.776300696858217,20.81,97.36222351588246
300,0.760842873829231,0.7975661037714523,44,11,32,NMC,1,fast,0,0.4233409341654022,80.25168152049088,0.3696154749215969,Moderate,3.933661403417668,36.07,61.03654960577042
300,1.094363028353988,1.2531674439609461,87,10,59,LFP,0,overnight,2,0.5160743405599002,84.1550057760869,0.4218608238957351,Moderate,3.9026714033078513,22.27,67.30232030810137
300,1.637357713556137,1.5485819130350136,65,10,34,LFP,0,normal,1,0.5379914603812613,85.06404791572113,0.4341804443041135,Moderate,3.8953740390732414,25.45,68.78320678251765
251,1.5440309270806885,1.5555178314345766,57,9,9,LFP,0,normal,1,0.5336523589902248,83.21125906282286,0.4282285145522847,Moderate,3.9001643921267983,28.02,68.49002425609626
300,0.7308438595097826,0.6025499265799531,45,11,17,NMC,1,normal,1,0.8246817178172179,98.27592242944048,0.5981032530650034,Warning,3.797277725686815,23.41,88.15417012278499
300,1.7237496874859266,1.6315625903256004,76,9,11,LFP,0,overnight,2,0.6872569222439008,83.98968209761648,0.5028253704708474,Warning,3.860206405243792,25.45,78.86871096242572
300,0.836660857754991,0.9631186954888373,99,11,32,NMC,1,fast,0,0.2636612534721992,84.11115598363564,0.3018725229649295,Moderate,3.9658623746646793,34.59,50.24738199136481
270,0.8357264222339347,0.7894099355867881,87,10,10,LFP,0,overnight,2,0.6617379871390422,90.83850584236362,0.5050864061600087,Warning,3.852888491530512,25.36,77.14445859047582
300,1.3054616343401204,1.2251252547340934,52,10,22,NMC,1,overnight,2,0.9900191768006296,96.86638547923306,0.6736785184866886,Warning,3.7587624348413766,20.42,99.3256200540966
300,1.3894099022625548,1.1764122147042602,67,10,57,LFP,0,fast,0,0.5088434041859969,97.76367936160165,0.447004343647712,Moderate,3.8772617902302975,33.95,66.81374352608087
300,1.3701293117567168,1.288793846977825,44,11,17,LFP,0,fast,0,0.4681683426577818,88.45308600797719,0.4081314433791985,Moderate,3.9060517423196,33.47,64.06542855795823
135,0.6372302560966323,0.6167022286771344,52,11,4,NMC,1,fast,0,0.744225873469468,85.81616939782296,0.5337212456334255,Warning,3.8423111928369873,36.75,82.7179644236127
300,1.8161912939455704,1.6804509979669493,56,10,48,LFP,0,normal,1,0.9897238420055842,102.71316472220806,0.6858164708692895,Warning,3.747142710054188,25.87,99.3056650003773
300,0.8984000638830592,0.8721217249848123,89,11,52,NMC,1,overnight,2,0.8406771267991507,110.47301919689592,0.631314975543078,Warning,3.768884679906421,23.93,89.23494099994261
300,0.6942723819242063,0.8213354879900286,79,11,47,NMC,1,fast,0,0.4265933094725871,83.98389535575487,0.3789980022465641,Moderate,3.925383881920344,34.24,61.25630469409372
300,1.8331221198034653,1.762391585770632,84,10,25,NMC,1,overnight,2,0.9462882828353228,93.88781529034566,0.6466513464565044,Warning,3.775652298710478,16.07,96.3708299213056
300,1.93347724734463,1.8391389424076365,71,9,59,LFP,0,normal,1,0.9894165418861312,105.78023985005063,0.6921113610810186,Warning,3.741085384828366,26.29,99.28490147879263
300,1.793191425898176,1.6808012792116667,68,9,21,NMC,1,normal,1,0.7128701292207336,86.65708154187072,0.520593182617777,Warning,3.848468304611076,24.46,80.59933305545496
300,1.714274112087317,1.600097702835737,90,10,37,LFP,0,fast,0,0.4149208783420079,83.00784477786532,0.3714038912459709,Moderate,3.9302540908587673,35.07,60.46762691500054
300,1.4828629709585326,1.5364207156473755,97,10,38,NMC,1,fast,0,0.9427288255229198,102.25382157295444,0.6625292174265912,Warning,3.7598101504733616,32.62,96.13032604884592
300,1.3262860559137089,1.331152929602014,42,11,49,LFP,0,overnight,2,0.6069335999042902,90.7937045935466,0.4789602396009856,Warning,3.8666791908368334,24.78,73.44145945299258
65,0.6304801398671152,0.7261658277946725,95,11,1,NMC,1,fast,0,0.3302737018603153,72.75802074199721,0.309671851941844,Moderate,3.971915533050927,34.82,54.74822309866995
300,1.112679819606048,1.3146636087714734,79,10,25,LFP,0,overnight,2,0.3097763916236628,80.27206407200634,0.3157151205724531,Moderate,3.962011773950072,21.47,53.36326970430154
300,1.059032775518471,0.8759936623275562,73,10,51,NMC,1,fast,0,0.9740542206643716,101.21024804335896,0.6752172757066304,Warning,3.7540659487471895,36.31,98.24690680164672
300,0.8896306756404893,0.9276385464846666,79,10,36,LFP,0,overnight,2,0.6626991750336492,87.6265541651603,0.4987978718878199,Warning,3.8590720979112674,24.89,77.20940371848981
300,1.5851301705328775,1.4732682370895216,66,10,17,NMC,1,overnight,2,0.5439786724625983,86.02024378826829,0.4390323813750976,Moderate,3.891964844307814,21.94,69.18774813936476
300,1.243813602618156,1.3227035324215013,52,11,41,NMC,1,overnight,2,1.0,113.08810256530798,0.7124850153871467,Critical,3.723823794869384,19.69,100.0
300,0.6215693238614719,0.5943781237541282,84,11,24,LFP,0,overnight,2,1.0,104.275161631735,0.6939778394266435,Warning,3.74144967673653,16.68,100.0
97,0.830274802924717,0.8330070790111344,72,10,2,LFP,0,normal,1,0.2906919697698141,71.14170227897974,0.2874762604265191,Safe,3.9850436029995873,25.94,52.07378174120365
300,1.524888145489394,1.3965704026964132,45,10,40,NMC,1,overnight,2,0.4630482897895327,81.16758017009664,0.3903998560072309,Moderate,3.921902767212424,20.15,63.71947903983329
300,0.6141962892354502,0.5715535867241335,63,11,15,NMC,1,fast,0,0.8962206442414242,94.71118550235182,0.6245982955696153,Warning,3.78652246793494,35.21,92.9878813676638
300,1.776810371073153,1.785776596183979,58,9,32,LFP,0,normal,1,0.8228525267714424,100.78925899682534,0.6025123941097684,Warning,3.7927083503134886,26.96,88.03057613320557
300,1.2427197905209617,1.3783276052016324,55,11,39,NMC,1,normal,1,0.631019719227229,84.01705755452095,0.4761701874974278,Warning,3.874210955084151,30.06,75.06889994778575
300,1.220879865989972,1.1414238132491166,79,10,59,LFP,0,overnight,2,0.4399929555278065,84.19864846424072,0.3858138156506136,Moderate,3.921604464189567,20.16,62.16168618431125
199,1.3886116769892765,1.3335425198362452,67,10,6,NMC,1,normal,1,0.3276541642525731,68.99926244656933,0.3005341791577678,Moderate,3.980087934043718,27.83,54.57122731436304
133,1.7370214488877238,1.831450413105952,72,10,1,LFP,0,overnight,2,0.6700250811089326,81.3610679666659,0.4891201562567414,Warning,3.869771593789435,25.55,77.70439737222517
300,1.0217138118532896,0.9357797834833586,98,10,47,NMC,1,fast,0,0.8037635003988436,94.97118748374766,0.5812271564053207,Warning,3.809116749932794,35.68,86.74077705397592
300,1.5170242288385951,1.6312627432360076,98,10,23,NMC,1,overnight,2,0.4553194238898649,75.31172010494818,0.374431338568077,Moderate,3.9355467038176375,21.82,63.19725837093682
300,1.3485979459936863,1.3476892885210607,87,10,58,NMC,1,normal,1,0.8066480090546999,97.23246028266873,0.5873459708945867,Warning,3.803873077170988,26.19,86.93567628747972
300,0.900542405254132,0.9308547014133163,80,11,39,NMC,1,fast,0,0.9586934319146252,95.71643197728876,0.6563838873117533,Warning,3.7688937780667664,33.73,97.2090156699071
300,1.817944979532737,1.854697209783674,52,11,57,NMC,1,overnight,2,0.8657309518168378,108.07790921109842,0.6381858114563046,Warning,3.767411443623594,19.45,90.9277670146512
300,1.6961390324103922,1.6345169770697314,82,10,17,NMC,1,fast,0,0.3827412157738571,79.70388680331072,0.3491802397795346,Moderate,3.944906922449914,33.92,58.29332539012548
300,1.4876777519876383,1.5266664339348779,84,10,34,LFP,0,fast,0,0.7096238612260354,96.88653478716736,0.5405330571354182,Warning,3.828820965119157,36.51,80.37999062338076
300,1.7758725936413629,1.698635615209933,64,10,59,NMC,1,normal,1,0.588036995780024,95.97756857911008,0.4808704670116426,Warning,3.861035613896774,27.33,72.16466187702865
300,1.8009413014397035,1.7507310010298156,92,9,41,NMC,1,fast,0,1.0,108.27663298393584,0.7023809292662654,Critical,3.733446734032128,32.3,100.0
300,1.5625444650725522,1.6184135616758797,81,10,29,NMC,1,normal,1,0.7023166437896697,84.80380432131136,0.511688394874847,Warning,3.85481323040996,33.3,79.88625971551822
300,1.755519992545508,1.7848593881096984,75,10,9,NMC,1,fast,0,0.9034009274508596,97.55659812727822,0.6339842966064426,Warning,3.779036571882729,35.64,93.4730356385716
300,1.5462071925039256,1.5387106974200209,66,10,13,LFP,0,overnight,2,0.8419611216264625,96.3626167703132,0.6022930279902274,Warning,3.796784486052758,17.78,89.32169740719341
224,1.520211157640451,1.3943379927141497,77,9,6,NMC,1,fast,0,0.8700782570166465,95.84159211276494,0.6145545155197135,Warning,3.790797251520309,34.12,91.22150385247612
192,1.4279170673227766,1.3270012383878136,99,10,6,NMC,1,overnight,2,0.4150509982818827,78.77489319344518,0.3625764998901291,Moderate,3.9386874640426393,22.33,60.47641880282991
300,1.629074959336462,1.6567458637269603,46,10,20,LFP,0,overnight,2,0.5936899290204756,83.19370454193346,0.4567094958227862,Warning,3.885190108661014,27.11,72.54661682570782
300,0.7379076579396106,0.8111217142881222,44,11,52,LFP,0,fast,0,0.8963577591808796,101.47663858698088,0.6388708766435776,Warning,3.772957283030818,32.78,92.99714589059997
300,1.8213061387983929,1.710341588346317,82,10,53,NMC,1,overnight,2,0.7393353129265733,93.58623444597951,0.5477153659766792,Warning,3.8279937028763977,24.93,82.3875211436874
176,1.807765291617848,1.723782766872631,84,9,3,LFP,0,fast,0,0.471528078312433,82.26875861997402,0.3967402303003511,Moderate,3.917580463181944,37.8,64.29243772381304
300,0.5438709245518387,0.5572894419696106,97,11,17,NMC,1,fast,0,0.7809061069570645,91.24167457003368,0.5625379174016764,Warning,3.822290124120667,33.74,85.19635857818004
300,1.738725125847144,1.7500039121100532,96,9,49,NMC,1,overnight,2,0.596591806790534,87.9214508884677,0.4680161550912858,Warning,3.8750091465254313,21.17,72.74268964800906
289,0.6933048012101678,0.5309090803340637,90,11,12,NMC,1,overnight,2,0.9736742853982744,104.8577287318947,0.6826965159011593,Warning,3.7468659711866414,18.89,98.2212354998834
300,1.0026782813887127,1.0188345827327117,70,10,48,LFP,0,normal,1,0.8796899957287724,104.8866222903533,0.6381146547809088,Warning,3.7703042564871,27.39,91.8709456573495
300,1.6152623844374117,1.5554256034143898,62,10,47,NMC,1,overnight,2,0.7678158042467809,91.13840187603992,0.5561031509569048,Warning,3.825769245186225,21.89,84.31187866532304
300,0.7411398440724624,0.9052445070453582,81,11,45,LFP,0,normal,1,0.3602029733918532,78.26673708930606,0.335456560248673,Moderate,3.953415782473425,29.98,56.770471175125216
300,1.7269505361785933,1.7518703904521589,49,10,55,NMC,1,overnight,2,0.5668283950412124,81.87288708776498,0.4411765505288823,Moderate,3.894547127064168,25.27,70.73164831359543
132,1.748201266936613,1.7903486119242031,71,10,1,LFP,0,fast,0,0.9387313710636588,94.24936592576762,0.64382106969935,Warning,3.77681842538255,33.5,95.86022777457154
300,1.2612016006412543,1.3059375308603154,82,10,17,NMC,1,overnight,2,0.5071011793251603,77.25022059889334,0.4030985234371271,Moderate,3.918724263970923,16.1,66.6960256300784
108,0.5095788075752503,0.5,92,11,3,NMC,1,fast,0,0.4585942049660347,74.9385053607696,0.3752031086164826,Moderate,3.935474438036952,34.96,63.41852736256991
300,0.9305571997623692,1.1249448890732294,69,11,26,LFP,0,fast,0,0.908008321234536,100.6964275304077,0.6427664504002607,Warning,3.771605064630551,35.59,93.78434602936052
300,1.4253903775636134,1.263099252818496,78,11,15,NMC,1,fast,0,0.3059061757348877,66.12060392942132,0.2841587017258564,Safe,3.991282248207436,35.5,53.101768630735656
300,1.9717792670411352,2.0513495812111096,70,10,36,NMC,1,normal,1,0.4290712918529925,87.25148136939637,0.3870369745059038,Moderate,3.918229214297959,27.02,61.423735936013
300,1.4477202905250026,1.5095866842730676,57,10,32,NMC,1,overnight,2,0.9209905149740768,99.30350618492464,0.6460078576010282,Warning,3.771145358886632,22.37,94.66152128203224
300,0.8897053715962397,0.8420051336049438,75,11,32,LFP,0,fast,0,0.7479589807124629,93.90767084355382,0.552486624609883,Warning,3.825194913134777,38.03,82.97020139949075
152,1.451008554649417,1.5176535863207559,41,10,4,NMC,1,fast,0,0.3546743645618812,71.51595240484492,0.318653823217068,Moderate,3.96829950404984,35.76,56.39691652445143
300,1.3099780695737833,1.2782207496914095,53,11,18,LFP,0,normal,1,0.7409632900194354,98.1956792536291,0.5581684891918529,Warning,3.818367818987883,26.88,82.49751959590779
300,1.6697680927267151,1.6022219482411373,52,10,49,NMC,1,overnight,2,0.8298420870763529,94.0605835325208,0.5917022167795613,Warning,3.804418311165872,20.5,88.5028437213752
300,0.6604709582404376,0.7074268751757303,68,11,19,NMC,1,overnight,2,0.5014305528046966,79.20783398568612,0.4045159639521718,Moderate,3.9162266938274537,21.49,66.31287518950653
300,1.641541853753042,1.5408857546442518,51,10,43,NMC,1,normal,1,0.8710320458807865,106.32205649913053,0.6370165404415478,Warning,3.769597875531544,32.91,91.28594904599908
300,1.3118998680141654,1.2894743521384084,78,10,52,NMC,1,normal,1,0.8035123802516043,103.3826068884097,0.5987718550851725,Warning,3.79235669116028,27.45,86.72380947645975
300,1.944488005788492,1.8850703309154961,41,9,35,LFP,0,overnight,2,0.6714248541357385,96.4160810642392,0.521400575949378,Warning,3.8393116243375873,21.94,77.79897663079313
300,1.012808249058029,0.9792102981007346,71,10,40,NMC,1,normal,1,0.5890115501096878,85.2885424056741,0.4588864253540172,Warning,3.88217002766123,26.55,72.23051014254648
300,1.4489328397009222,1.4922056996139408,52,10,14,NMC,1,overnight,2,0.8231551483649941,93.563313810851,0.5874816544761592,Warning,3.8070845852870496,25.3,88.05102353817529
300,1.8980421582650264,1.8386055210304058,85,10,58,NMC,1,overnight,2,0.947315712099258,111.36964829886644,0.6838512246747671,Warning,3.740431775377453,27.88,96.44025081751744
300,0.6537645919860189,0.6345322006787825,66,11,33,LFP,0,fast,0,0.3162530232425027,84.66063983691379,0.3280075296977077,Moderate,3.951615464515547,35.9,53.80087994881775
300,1.9058427308546768,1.8555282056645186,88,11,14,NMC,1,fast,0,0.8835643854758787,94.95144339520895,0.6190911142309812,Warning,3.789206016840613,35.17,92.13272874837016
300,1.53182858345122,1.6762282500086745,80,10,34,NMC,1,overnight,2,0.972196358581044,106.1341903420485,0.6846750700442978,Warning,3.744682529670642,22.11,98.12137557980029
300,0.6017555886577579,0.636016828479147,56,11,55,LFP,0,overnight,2,0.4737851821228243,84.33968640490426,0.4021613029586404,Moderate,3.9128743316594856,15.0,64.44494473802867
115,0.9514453504202244,0.9734523137168963,79,10,4,NMC,1,overnight,2,0.528075787460264,80.76239399787904,0.4204370264391714,Moderate,3.906456265139176,24.24,68.11322888245027
300,1.5622581329679224,1.6305999834302647,70,10,24,LFP,0,overnight,2,0.8646987922780798,93.88565622836283,0.6078918044116499,Warning,3.7960539894737546,22.4,90.85802650527566
300,0.6010259022031575,0.5416124445256689,73,11,59,LFP,0,overnight,2,1.0,112.97518854606366,0.7122478959467337,Critical,3.724049622907873,23.29,100.0
300,1.37325569026441,1.459181412764394,99,10,29,LFP,0,overnight,2,0.5930756024564664,85.92154657924625,0.4621461589832387,Warning,3.8798880062273913,19.87,72.50510827408557
300,1.018824585429435,1.0534423600127092,63,11,19,NMC,1,normal,1,0.3206585849524667,73.77415568026683,0.307238554780982,Moderate,3.9722870424013497,26.85,54.09855303732883
206,1.4313732766512155,1.2752841863758089,84,10,6,NMC,1,overnight,2,0.7538352504784352,85.1361459862262,0.5368576505483318,Warning,3.8412688954079393,20.77,83.36724665394833
300,0.5686130507187692,0.5,74,11,57,LFP,0,normal,1,0.4843791575370785,86.90255237108805,0.4125754598093972,Moderate,3.9051001058735535,31.06,65.16075388764044
300,1.8073052092285644,1.7500755039501579,87,10,33,LFP,0,normal,1,1.0,108.9993006366245,0.7038985313369115,Critical,3.732001398726751,26.86,100.0
300,1.960233453766096,1.828132804179579,45,10,49,LFP,0,overnight,2,0.640828661696154,91.44945829860384,0.4964374767327413,Warning,3.856893917978754,28.25,75.73166633082121
300,1.9533167829285367,1.9294889368585784,58,10,40,NMC,1,overnight,2,0.5546650887618136,85.23857332133919,0.4424669211366737,Moderate,3.8908565811668687,23.29,69.90980329471714
300,1.624477747614387,1.5231039484728006,69,10,19,LFP,0,normal,1,0.3797318576150231,72.11544072911305,0.3318150578982733,Moderate,3.9608361541380175,24.17,58.089990379393456
300,0.695129360195948,0.6853570548888561,46,11,53,LFP,0,normal,1,0.7034320439176328,95.73710152782226,0.5351781340693023,Warning,3.832667785964948,27.61,79.96162458902924
116,1.6373947938935338,1.7785657314866794,49,9,1,NMC,1,overnight,2,0.8031440262808527,89.22884148827379,0.56887397960878,Warning,3.82075631045324,20.04,86.6989206946522
134,0.5368803746882023,0.5319426843325837,80,11,5,LFP,0,overnight,2,0.5643576474661054,76.75735305233641,0.4292603239563065,Moderate,3.905395882028801,15.42,70.56470590987199
300,0.5331853272934959,0.502888881803303,71,11,27,NMC,1,normal,1,0.7698038742649556,95.4890641729088,0.5661838750389624,Warning,3.816570903087944,32.8,84.4462077206051
300,0.985415328724312,1.0242395935028465,73,10,16,LFP,0,normal,1,0.7778619740137125,90.0962201540846,0.5586864999800911,Warning,3.825342066188403,30.11,84.99067391984545
203,1.2329647856069983,1.163322806314738,67,11,6,LFP,0,normal,1,0.3871923296613545,67.05062455709151,0.3247226681590355,Moderate,3.969100668470479,29.6,58.594076328469896
300,1.6556111267116898,1.7399525576512898,99,10,40,LFP,0,fast,0,0.4984461241759321,92.3894034858492,0.430779656303851,Moderate,3.890609661984319,35.33,66.1112246064819
300,1.5249430649097575,1.5744643602221686,54,10,13,LFP,0,normal,1,0.7004029863640392,90.83530767462084,0.5234455646396224,Warning,3.843228638059749,23.85,79.75695853811075
300,1.1688540595651224,1.172740615769979,69,11,48,NMC,1,fast,0,0.8751673341439298,103.58811668781952,0.6332395287627876,Warning,3.774031933088379,34.03,91.5653604151304
300,0.9104399994224988,0.9258715825858574,76,11,35,LFP,0,overnight,2,0.8753774584369518,100.49960982145646,0.6268534733826107,Warning,3.780156415747849,24.53,91.57955800249674
300,1.9956867502365667,2.199861341292852,68,10,19,NMC,1,overnight,2,0.9543616129315132,100.00254083335894,0.6633271018925225,Warning,3.761404515100404,18.85,96.9163251980752
300,1.1392719533539597,1.2335031743807465,61,11,12,NMC,1,normal,1,0.9683169522877428,100.42341789834528,0.670839729923203,Warning,3.757073926131374,20.4,97.8592535329556
300,1.1770805364945132,1.3970331996106466,43,10,16,NMC,1,overnight,2,0.320892542147315,74.77458110911766,0.3094505778491217,Moderate,3.970227702244936,21.32,54.11436095589966
300,0.7454357317875038,0.798638751116749,59,11,59,LFP,0,overnight,2,0.4019405244480363,85.61364282825238,0.3707103990521473,Moderate,3.9282875832314863,21.57,59.590575976218666
300,1.692214323124894,1.5450451788578252,71,9,43,LFP,0,overnight,2,0.673524828565922,90.87761371220904,0.5107672823644519,Warning,3.849863565434101,22.41,77.94086679499473
286,1.540523338672233,1.5143059683858489,75,10,10,NMC,1,overnight,2,0.5856336793656258,78.11302399814494,0.4422133480947766,Moderate,3.897365532162304,24.19,72.00227563281256
300,0.8311544191831406,0.661133931728334,89,11,25,NMC,1,fast,0,0.9413800876308906,106.8629371637174,0.6715677096684797,Warning,3.750929103764842,36.28,96.03919511019532
300,0.623571568423764,0.6764018718904559,43,11,20,LFP,0,fast,0,0.6318515731887078,92.65929111681594,0.4947140086099496,Warning,3.856718524469192,35.52,75.12510629653431
300,1.5207489531120697,1.5952893728466098,66,11,31,LFP,0,normal,1,0.5910216958731944,98.77540365999768,0.4881636532257625,Warning,3.854693768711706,31.59,72.36633080224286
168,1.4817668214217028,1.393175221825775,56,9,4,NMC,1,normal,1,0.9063203071652902,87.78445835228317,0.6148495084433075,Warning,3.797851006504111,23.44,93.67029102468176
300,0.909889290497314,0.8443256525326287,51,10,44,LFP,0,normal,1,0.758506431232955,103.72301212805466,0.5781088803045684,Warning,3.802927367935652,29.51,83.68286697519966
300,1.926295343375616,1.9411704329991375,61,9,23,LFP,0,overnight,2,0.7527948781968636,100.69510685231558,0.5690372915333729,Warning,3.810411066746153,23.88,83.29695122951782
87,0.7265868376713503,0.6067764313449285,56,11,2,NMC,1,overnight,2,0.3132558781315928,64.8984959924849,0.2850833836967248,Safe,3.991889038482132,18.28,53.59837014402654
300,1.1485022015639028,1.0211862246396495,49,10,56,NMC,1,fast,0,0.5972227576156354,90.07744401050168,0.4728434422894803,Warning,3.870539422575088,31.99,72.7853214605159
300,1.9154238802513983,2.0392870850555105,93,10,22,NMC,1,fast,0,1.0,108.39680973935089,0.7026333004526368,Critical,3.7332063805212985,33.51,100.0
300,1.1295909753891835,1.1410620372055804,40,10,51,NMC,1,normal,1,0.7169923229021853,102.09709669769867,0.5549752564437052,Warning,3.816557725879056,26.02,80.87785965555307
300,1.4577889214961284,1.4019779857255328,61,11,57,LFP,0,fast,0,0.9350014372371606,112.76743165137408,0.6809372891555368,Warning,3.740714777387962,36.51,95.60820521872706
300,1.0963915969441915,0.9271797080884696,65,11,37,LFP,0,fast,0,1.0,102.01658564939432,0.6892348298637281,Warning,3.745966828701212,33.77,100.0
184,0.911322803523005,0.9965579392124522,95,10,8,NMC,1,fast,0,0.3873685987438207,81.72900967789836,0.3556310047269014,Moderate,3.939699830958248,33.29,58.60598640160951
267,1.9759664719397425,1.9075146507180456,98,10,7,NMC,1,fast,0,0.7932790246166894,91.60440980071616,0.5691767972744315,Warning,3.8184714242443953,33.78,86.03236652815468
276,1.1140010094725643,1.3000694540596183,57,11,14,LFP,0,fast,0,0.7739935289205588,88.39483914298557,0.5532760884375352,Warning,3.8297119394838894,37.24,84.72929249463235
300,1.8411488055187013,1.9270798152880457,89,10,56,LFP,0,normal,1,0.7734554558985284,96.92398696896488,0.5709317141866272,Warning,3.8127881620874384,28.04,84.69293620936003
300,0.8449319088366293,0.7641177233959023,53,10,55,NMC,1,normal,1,0.6283514268782683,101.95862080347074,0.5125800314544661,Warning,3.838994901673491,27.46,74.88860992420732
97,0.819657056037625,0.7481098863244777,86,11,3,LFP,0,fast,0,0.742231599615359,89.77795831044301,0.5410937222692258,Warning,3.8348861834752745,34.78,82.58321619022696
300,0.546701124326767,0.7188862406212002,68,11,50,NMC,1,normal,1,0.6146811099512945,93.4859813715368,0.4882940881070921,Warning,3.859357759769103,31.88,73.96493986157395
300,1.4775002380638276,1.469074293380377,51,10,16,NMC,1,overnight,2,0.5784243746581126,83.16245726185254,0.4493927382124938,Moderate,3.889068991811767,19.75,71.51516044987247
300,1.0527895155856417,1.0014583927533047,75,11,55,LFP,0,fast,0,0.8209577256085908,108.69800811219662,0.6182207366996935,Warning,3.7773645523734594,37.63,87.90254902760748
300,1.7965373747594555,1.7993095436071125,98,9,19,LFP,0,overnight,2,0.7243841998511723,90.12667661133952,0.5333485158131198,Warning,3.838650596814528,22.63,81.37731080075488
300,1.2098148600373355,1.1580235950319564,74,11,51,LFP,0,normal,1,0.3683264143622972,90.74899159207366,0.3655279291654459,Moderate,3.9264204132252782,27.52,57.31935232177683
300,1.9522901418720824,1.976394989582899,91,10,18,LFP,0,normal,1,0.6013175329752664,86.1670236285533,0.4665765777832134,Warning,3.877336569499077,35.5,73.06199547130178
300,0.7782882735546817,0.7707059114028554,100,10,52,LFP,0,overnight,2,0.359660813592763,82.13416644137361,0.343320635983447,Moderate,3.945816463719062,18.83,56.733838756267765
300,1.802934751933416,1.890485549984567,51,9,16,NMC,1,normal,1,0.4485662622960152,76.6401967850441,0.3740133878391999,Moderate,3.934578040855908,26.94,62.74096366864968
247,1.6648952791876126,1.6260378688636998,46,10,8,NMC,1,fast,0,0.4812736213381187,75.64066811246214,0.3874503731717768,Moderate,3.928400258440546,32.54,64.9509203606837
300,1.656382766966078,1.5679011302971133,68,10,33,NMC,1,overnight,2,0.5121245468066792,91.59414070264378,0.4356068552087246,Moderate,3.8887805818930414,24.86,67.03544235180264
300,1.7671748421753315,1.7322763725129728,50,10,49,LFP,0,fast,0,0.7501350012953049,95.8008058513872,0.5574958179031829,Warning,3.8208646379734,38.38,83.11722981725032
300,1.6415359864144985,1.6060275965920938,72,11,12,NMC,1,overnight,2,0.7929556875070033,85.00319042720226,0.5551606514629513,Warning,3.831754697268845,27.01,86.01051942614887
300,1.4393304824471231,1.4315771009277238,45,11,53,LFP,0,normal,1,0.6467156551234872,101.29361859911852,0.5199065352418054,Warning,3.835733849020891,31.67,76.12943615699237
257,0.6968673165235814,0.7603213453293038,86,11,11,NMC,1,overnight,2,0.7760912727429314,90.87836832059816,0.5594879280261486,Warning,3.8242204451730712,21.41,84.87103194208996
130,0.5487892692368779,0.6067801659840699,54,11,5,NMC,1,overnight,2,0.7960098811508568,90.45329291670984,0.5680566086717477,Warning,3.820090943878866,20.9,86.21688386154437
300,1.8812717717235303,2.0012376393093874,71,10,27,LFP,0,fast,0,1.0,109.7370816644682,0.7054478714953832,Critical,3.730525836671064,31.66,100.0
300,1.424975471781107,1.3438265040077546,90,10,12,LFP,0,normal,1,0.6686946397647653,90.12356993870986,0.5068894507595543,Warning,3.852579200181389,34.11,77.61450268680846
300,1.6948059364642645,1.7336779487693754,50,10,17,NMC,1,fast,0,0.6145085827858686,79.87347061062545,0.459625865105601,Warning,3.886625913082282,35.94,73.9532826206668
209,1.222283527268825,1.2950155119708966,97,10,6,NMC,1,normal,1,0.7262701455549273,91.45748185420211,0.5370390310324149,Warning,3.835517499902864,26.52,81.50473956452211
300,0.6759622834435917,0.6085402428124053,62,11,33,LFP,0,fast,0,0.3345360210350463,80.81562079607127,0.3286174136633966,Moderate,3.954734753149096,37.66,55.03621763750313
147,0.6877786883038257,0.6670155830055878,65,11,5,LFP,0,overnight,2,0.5353429439453405,80.5035842198563,0.423345425235735,Moderate,3.905157095573952,19.08,68.60425296927977
300,1.528347930843457,1.3533501434215773,73,9,57,LFP,0,fast,0,1.0,103.9490810899508,0.6932930702888968,Warning,3.7421018378200985,35.81,100.0
300,1.145458842349194,1.2361446118617676,85,10,28,NMC,1,normal,1,0.8787417881638657,101.77037783905443,0.6311201428398505,Warning,3.7767737972809248,27.48,91.80687757863956
300,0.8007870900505051,0.7792372698185182,73,11,14,NMC,1,normal,1,0.3728957081404033,78.9810913389277,0.3429857531784397,Moderate,3.948813890287044,29.92,57.62808838786509
166,1.2373918201121552,1.3180482377802551,68,10,5,NMC,1,overnight,2,0.3749341928256792,74.26191637964482,0.3340437659894518,Moderate,3.9577426190342906,21.81,57.76582383957292
300,0.5963134056127011,0.6169183574006524,43,11,54,LFP,0,normal,1,0.6288557270232895,103.48838874576435,0.5160320867021677,Warning,3.835809290752649,23.65,74.92268425833038
300,1.372957102871598,1.3544405799741106,56,10,56,NMC,1,fast,0,1.0,114.42895816836796,0.7153008121535727,Critical,3.721142083663264,35.15,100.0
300,0.9034901066526464,0.7442098267173978,74,11,59,LFP,0,overnight,2,0.5519103724584125,88.55512319599127,0.4481231856293276,Moderate,3.884912160493416,25.15,69.7236738147576
300,1.6963386509557823,1.5548433898841383,52,10,33,LFP,0,normal,1,0.6946538744812105,90.69583101693324,0.5204218355141348,Warning,3.8449448693458312,27.91,79.36850503251422
300,0.9655429383853606,0.7062283199511864,80,11,50,NMC,1,normal,1,0.8049018631963877,93.967337097217,0.5796597929224399,Warning,3.810839860006469,30.33,86.81769345921538
300,1.1828302236227015,1.126568875339836,78,10,48,NMC,1,fast,0,0.8769704011503351,109.59919438859016,0.6467192487624485,Warning,3.761559010935237,32.91,91.68718926691452
300,0.517430809862151,0.7452556801802758,54,11,41,LFP,0,fast,0,0.8815671662975003,93.34298652103668,0.6147646756854896,Warning,3.792922235383552,34.95,91.99778150658788
300,0.6086703316918383,0.5,94,11,19,NMC,1,overnight,2,0.5180046042473592,81.60834527306976,0.4174297120909421,Moderate,3.9072821583920208,20.13,67.43274353022697
300,1.0887403346100273,0.8255971462680367,68,10,22,LFP,0,normal,1,0.612335772984506,90.77688028611036,0.4814909407684721,Warning,3.8653622961816527,30.24,73.80647114760175
198,1.2199082520756852,1.3161751440342384,68,10,5,NMC,1,fast,0,0.7262107018468413,92.99148455142624,0.5402322009352447,Warning,3.832464355435437,35.06,81.50072309775955
300,1.4000308221789557,1.636402609108626,50,11,59,NMC,1,overnight,2,0.5144946774699846,90.5912262307386,0.4346265468827938,Moderate,3.8901938781710266,24.07,67.1955863155395
99,0.9374938680639548,0.9672859745899351,91,11,2,NMC,1,normal,1,0.7359891022036633,96.93885957008018,0.5531664286439084,Warning,3.822125005308924,31.26,82.16142582457184
300,1.5424728291898138,1.5713460686618097,71,9,30,LFP,0,normal,1,0.7488379842246677,93.21947605432813,0.5514589422208062,Warning,3.826351551835177,30.07,83.02959352869377
300,1.7901835957838068,1.7591953884194318,41,10,47,NMC,1,overnight,2,0.374760906211585,85.37678437601777,0.3573026776401401,Moderate,3.935556204695069,22.82,57.75411528456655
300,1.6697764833400246,1.4903507602890187,86,11,39,LFP,0,overnight,2,0.9200133654897013,96.63232993497974,0.6399342414710655,Warning,3.776731998757616,19.01,94.59549766822306
123,0.5594282380225357,0.5,53,11,4,LFP,0,fast,0,0.8846779407636378,92.0393093584055,0.6135045715153795,Warning,3.79475189609228,34.99,92.20796897051608
300,1.2207604208867435,1.1890850879468917,59,11,33,NMC,1,normal,1,0.7725424842068964,95.81943048669332,0.5681784840203318,Warning,3.8152255179748895,26.4,84.63124893289842
300,0.6573952676272623,0.606549733624288,61,11,13,NMC,1,normal,1,0.7240520853238687,82.16876141023161,0.516479139490324,Warning,3.8546494558485698,26.97,81.35487062999113
300,0.8630675237937913,0.851550231016797,50,11,20,LFP,0,normal,1,0.7839875132941247,89.75877092848961,0.5608874877645375,Warning,3.82448557981949,26.88,85.40456170906248
300,1.97999388990072,2.0629263722935356,66,9,54,LFP,0,overnight,2,0.8170012847596163,105.193788525896,0.6089825661651994,Warning,3.785362101758304,19.06,87.63522194321732
186,0.7137433143522698,0.6555595311605678,42,11,7,LFP,0,fast,0,0.9472283225101066,100.86054804819112,0.661740604093502,Warning,3.761471823276092,31.09,96.43434611554774
300,1.248332230177034,1.3333039058174951,56,10,15,LFP,0,normal,1,0.2686745772907019,75.53721449327946,0.2862485746489702,Safe,3.9817569266907658,26.0,50.58612008720959
300,1.4272336014771787,1.3697046304869016,83,10,23,NMC,1,overnight,2,0.6733513264673479,93.12922666700648,0.5154132560727038,Warning,3.8454037150491502,22.58,77.9291436802262
300,1.553697455816156,1.6575214151027318,95,10,14,NMC,1,normal,1,0.6769482474564112,87.28086665021394,0.5048402375072447,Warning,3.8562012048354695,23.96,78.17217888218994
300,1.339473025230371,1.3481097819377135,67,11,23,NMC,1,fast,0,0.7352994684005212,91.8769858836043,0.5422089178458166,Warning,3.832421161132661,35.03,82.11482894598116
300,0.5146562711287754,0.5,68,11,19,LFP,0,normal,1,0.5411518996401907,84.48543990255878,0.434466576124464,Moderate,3.895741145284835,33.7,68.99674997568856
300,0.989691962365988,0.996621368420877,60,10,54,LFP,0,fast,0,0.5142019278042654,86.78396575202139,0.426492243786271,Moderate,3.897881586544891,37.05,67.17580593272064
300,1.276567465077067,1.2472135808613105,86,10,29,NMC,1,fast,0,0.4766451446233045,88.20675842000443,0.4116406363780789,Moderate,3.904425197004165,38.29,64.63818544752057
300,0.63179974871725,0.6431131724852471,55,11,56,NMC,1,normal,1,0.7282226152720841,96.7508769214918,0.5490825837893728,Warning,3.824442592338996,29.17,81.63666319405974
300,1.025940396813771,1.1017510166655182,76,10,20,LFP,0,normal,1,0.8240077605682441,97.0927712514546,0.5952985058979706,Warning,3.79981251735503,31.5,88.1086324708273
300,0.5498046631870499,0.5410831033454849,98,11,29,LFP,0,fast,0,0.6605632846489665,89.25008705466199,0.5011927430230493,Warning,3.856359004728435,33.55,77.06508680060585
300,0.6178677457325311,0.580910860447153,59,11,24,LFP,0,overnight,2,0.3461878170190714,84.28925009417723,0.3414466382818311,Moderate,3.944874545556878,20.07,55.82350114993726
300,1.0953849143023942,0.9830332938113112,45,10,18,LFP,0,fast,0,0.7048624056860616,84.8002710467412,0.5128902118990358,Warning,3.8541838564850015,29.52,80.05827065446363
192,0.6990736310645905,0.7569914329937619,58,11,10,LFP,0,normal,1,0.769954657241278,93.91344748025196,0.5629467018981361,Warning,3.819684440729177,31.56,84.45639575954581
300,1.3513112723923373,1.3861384950326099,96,11,41,LFP,0,normal,1,1.0,109.76833018326698,0.7055134933848607,Critical,3.730463339633466,32.62,100.0
300,1.5341974537058989,1.416003168613147,44,11,57,NMC,1,overnight,2,0.7393258102756783,103.57181353151972,0.5686805682971385,Warning,3.808024920368041,20.34,82.38687907268097
231,1.7008800486636244,1.7844294764557005,42,9,8,NMC,1,fast,0,0.2774404639328336,63.49165275731261,0.2651166911584525,Safe,4.003656578502167,34.49,51.17840972519146
300,0.8002253663672152,0.6804069631069816,98,11,26,LFP,0,fast,0,0.6666131226119381,97.18185863416228,0.5207231363724114,Warning,3.8389830020786913,33.49,77.47385963594176
300,0.7512238733886046,0.8541460525119939,40,11,29,LFP,0,fast,0,0.8425255047281486,106.1817742372542,0.6231813406441045,Warning,3.777005075343456,35.77,89.35983140055058
228,0.6568517605016004,0.7256380932203023,97,11,10,LFP,0,normal,1,0.9219377090000656,100.29699775383811,0.6485441070580913,Warning,3.768921577242308,31.37,94.7255208783828
300,1.454645374315455,1.496611926575262,99,9,17,NMC,1,fast,0,0.7306420603304554,98.28976235815338,0.5534634796090885,Warning,3.8207599602010793,31.51,81.80013921151726
130,1.5597135897303518,1.522014073813648,77,10,2,LFP,0,overnight,2,0.7426088519471001,96.55749071765943,0.5555099351819573,Warning,3.8212328055779055,23.23,82.6087062126419
174,0.5473792172384631,0.6049571955051083,54,11,6,NMC,1,normal,1,0.557706854366385,87.56857951470097,0.4488047728049049,Moderate,3.885436127379002,27.17,70.11532799772871
300,1.9043183693655348,2.0119555688896527,73,11,58,LFP,0,normal,1,0.6267638914695441,90.42808564371391,0.4876118282998327,Warning,3.862452855845186,28.34,74.78134401821245
151,0.5779569254772086,0.6371921175880259,100,11,5,LFP,0,fast,0,0.6615134180765132,86.66432540250219,0.4962139569315983,Warning,3.861292994675868,35.92,77.1292850051698
300,1.3119445029516057,1.244919500778982,74,10,28,NMC,1,overnight,2,0.8659791058566497,98.38072569574284,0.6179395992429686,Warning,3.786743772144352,21.44,90.94453417950336
300,1.5635907791763746,1.590331477411921,88,10,41,LFP,0,normal,1,0.9330402975546254,101.9819600695358,0.6573562574844721,Warning,3.762776005472272,27.69,95.47569578071791
225,1.8064536856191284,1.919657184248632,64,10,5,LFP,0,normal,1,0.4712612032989753,84.22666353437084,0.400725064989192,Moderate,3.913731372106515,27.36,64.27440562830914
300,1.5711303981986418,1.791040216254312,63,10,18,NMC,1,fast,0,0.4954674213436617,87.65550522153524,0.4194235861034633,Moderate,3.900822134221014,36.94,65.90996090159877
300,1.7025921246046878,1.6820708271547682,51,10,26,NMC,1,fast,0,0.962365321289424,109.38352769360164,0.6868289357690398,Warning,3.740641614290441,35.84,97.45711630333946
300,1.0091752888142091,1.094963599427352,57,11,20,LFP,0,overnight,2,0.7121070714781281,93.18259057106198,0.5339342991513409,Warning,3.835608050988344,22.66,80.54777509987352
300,1.7222376706197684,1.8356857226282002,54,10,41,LFP,0,fast,0,0.9511178514241352,100.39857068761133,0.6626179778704481,Warning,3.761423395768744,32.46,96.69715212325238
300,0.6201722695770127,0.5389317696780362,83,11,49,NMC,1,overnight,2,0.9765929550974248,116.21261798443504,0.7079281514385902,Critical,3.723426525256774,20.86,98.41844291198817
300,1.842224984090792,2.0204328158969402,55,9,27,LFP,0,normal,1,0.6674378019748141,95.243471296689,0.5170442456610836,Warning,3.84265360691292,30.7,77.52958121451447
300,1.3213885642306042,1.2148700958222596,66,10,49,NMC,1,overnight,2,0.6854837264272096,86.669940218049,0.5076116445108274,Warning,3.8552891879571,22.11,78.74890043427092
278,1.7259466549437406,1.8068452064470382,47,10,12,NMC,1,overnight,2,0.6836807012825332,91.6926282392606,0.5173028524116505,Warning,3.845694568200846,23.98,78.62707441098198
189,1.1784774267774505,1.2090094047321571,99,11,7,LFP,0,overnight,2,0.7414253471199257,92.84844543093192,0.5471587752869217,Warning,3.828946772358155,27.3,82.52873967026525
300,1.4653665427947875,1.4709240987946035,85,11,59,NMC,1,normal,1,0.4835191295918385,88.90257085689109,0.4163669853555946,Moderate,3.901315075888258,31.12,65.10264389134043
144,1.28960399140417,1.5442873195490343,64,10,3,NMC,1,fast,0,0.7874785220415615,90.24913153617396,0.563575474195707,Warning,3.822632106417262,35.19,85.64044067848388
300,1.5973842826329978,1.5672587591003178,56,10,10,LFP,0,normal,1,0.3230660860478117,72.54504055805195,0.3058009760446196,Moderate,3.974143397371943,26.47,54.26122203025754
300,0.6224449730458843,0.5907104137730235,68,11,34,LFP,0,fast,0,0.7867462542831065,91.44142458233048,0.5657314624073696,Warning,3.8204305872645614,29.89,85.59096312723693
300,0.5905281259858457,0.7236760067256253,92,11,25,NMC,1,overnight,2,0.8173816860212436,93.20795862468852,0.5839930139719366,Warning,3.809238661245312,21.49,87.66092473116511
300,0.8706548510152197,0.946835228823898,47,11,35,LFP,0,overnight,2,0.7126088802045244,98.96280172897018,0.5463111017279865,Warning,3.8239221764909286,21.02,80.58168109490029
300,0.7393170201697825,0.8675269122656379,54,11,16,NMC,1,overnight,2,0.9381226115573488,93.52948034506905,0.6420201492143855,Warning,3.778410386420525,23.17,95.81909537549654
148,1.8076753498883025,1.8193622881224139,66,10,2,LFP,0,overnight,2,0.8471324171272563,90.96248757536716,0.5934091220437178,Warning,3.806291920567452,21.54,89.67110926535516
300,0.8288209810370665,0.8605152427382827,85,11,24,LFP,0,overnight,2,0.8057498174290227,95.51253040386416,0.5833074771269006,Warning,3.807537484835016,21.04,86.87498766412315
300,1.963797883728697,2.1538914450281545,89,10,10,NMC,1,fast,0,0.7999032307377036,94.96093404406884,0.5793719960929538,Warning,3.810102324227437,31.44,86.47994802281781
300,1.0053436876566604,0.9217482796985907,91,11,38,NMC,1,fast,0,0.8994048409187991,103.8578342461914,0.6453187513534315,Warning,3.7674331212779175,33.12,93.20302979181076
300,0.7731768735330489,0.7628891691238828,46,11,22,NMC,1,overnight,2,0.3811958626040181,76.15518991548942,0.3409939335594363,Moderate,3.952390654518017,23.43,58.18890963540663
300,1.6845477607137187,1.764373167856263,42,9,26,LFP,0,normal,1,0.7056252084153178,94.64429802844342,0.5339249998570071,Warning,3.834305101839284,33.15,80.10981137941337
300,1.4880616632513142,1.4684755812425303,68,10,43,LFP,0,normal,1,0.8884121096146725,106.68251872164625,0.6460290413824266,Warning,3.7645319351530393,27.71,92.46027767666706
300,1.2472935746797085,1.190278986751405,83,10,55,LFP,0,overnight,2,0.550090830515368,94.82326911334712,0.4604220096328286,Warning,3.872830754144464,22.98,69.60073179157892
300,1.3330453264064468,1.394893777685099,92,10,39,LFP,0,fast,0,0.952108577626698,100.10907234409972,0.662480626295291,Warning,3.761754710905126,36.9,96.764093082885
300,1.5788026674083957,1.7123832340575451,63,10,27,LFP,0,normal,1,0.7002619760278217,93.6065927419904,0.5291982833713951,Warning,3.837721320509064,25.57,79.74743081269065
300,0.8426821119969481,0.8285986757163624,99,11,29,NMC,1,normal,1,0.452803636235951,73.652855305697,0.3697527233540404,Moderate,3.939493380329618,29.1,63.027272718645335
300,1.994500874085113,1.977641912004038,97,9,47,NMC,1,normal,1,0.6094271930794086,84.70580479759334,0.4673601067876651,Warning,3.878231592134961,25.78,73.60994547833842
300,1.9621897432201747,1.8974209406518316,42,10,38,NMC,1,overnight,2,0.5036590110452724,85.99551659109221,0.419828615087798,Moderate,3.902094214056498,24.59,66.46344669224814
300,1.4754885295204052,1.4458908451798318,59,11,20,NMC,1,normal,1,0.4297071106435984,77.58388174256822,0.3670370292151025,Moderate,3.937405458853964,28.45,61.466696665108
300,0.7993136763937176,0.9076742843767363,85,11,27,LFP,0,normal,1,0.5574989207164434,95.32268851602149,0.4649896332239557,Warning,3.8699798927888462,28.9,70.1012784267867
300,1.5203423636469369,1.5284486507163026,54,9,41,LFP,0,normal,1,1.0,104.4759084867495,0.6943994078221739,Warning,3.741048183026501,25.65,100.0
300,0.6082976134687638,0.527798547375735,64,11,54,LFP,0,normal,1,1.0,110.94882525417064,0.7079925330337583,Critical,3.728102349491659,30.12,100.0
300,0.545978753308709,0.5722149913410753,69,11,20,NMC,1,fast,0,0.4265158232149981,81.10396431879296,0.3729133410965894,Moderate,3.9311631155586646,39.17,61.25106913614852
300,0.8865243327668205,0.9916437338654246,53,11,44,NMC,1,overnight,2,0.3780942438246734,72.336416848825,0.3315012411992523,Moderate,3.960803605346182,18.98,57.979340798964415
300,1.1939344351089745,1.1377458687542317,46,10,19,LFP,0,overnight,2,0.4741806131626605,88.57306058025067,0.4112392184707901,Moderate,3.904308725548834,20.98,64.47166305153112
300,1.8024087581125707,1.6695482361530143,56,10,20,NMC,1,fast,0,0.8409144011265521,93.63053950304628,0.5960584734915095,Warning,3.8025103207122695,35.46,89.25097304909136
300,1.590753604649462,1.809836120636737,83,10,35,NMC,1,fast,0,0.7288817033468787,99.43605476204182,0.5550345240900553,Warning,3.8189074646391967,36.57,81.6811961720864
300,1.6140597817999716,1.4762068467956468,59,10,47,LFP,0,overnight,2,0.984838056929514,100.8899409162967,0.6796669529657422,Warning,3.752010603935029,20.32,98.97554438712932
114,1.138240001672113,1.1023377452865344,75,10,2,LFP,0,normal,1,0.8474858117378332,92.23936185590534,0.596258420472872,Warning,3.803649823353731,19.5,89.69498727958333
300,1.0189024888204443,1.0421153400063112,48,11,30,LFP,0,normal,1,0.7177935965338053,86.00024502117965,0.5215524728980347,Warning,3.848551110824189,32.08,80.93199976579766
300,1.056558144476904,1.029315374352475,77,10,53,NMC,1,overnight,2,0.5874535992670292,98.17311377768922,0.4852039985849862,Warning,3.856790372627864,24.28,72.12524319371819
300,1.9814743456040864,1.9739832611385846,87,9,34,LFP,0,normal,1,0.714492863296683,93.59292515496864,0.5359292528913586,Warning,3.834190933865892,22.77,80.70897724977588
300,0.5601637871187237,0.6178476039061831,96,11,22,LFP,0,fast,0,0.7633104947222196,98.33077525980065,0.5690671130386358,Warning,3.812510825799844,33.78,84.00746585960943
148,1.8005472441836727,1.5613750784123934,99,10,3,LFP,0,normal,1,0.9128876837127634,91.36614716082644,0.6254905588012982,Warning,3.789045784750156,32.7,94.11403268329482
218,1.3680131128585902,1.241323665706205,61,11,6,NMC,1,normal,1,0.543562955806099,81.84940705598767,0.4300761588254712,Moderate,3.9004104469365,32.34,69.15965917608777
297,1.1579231287843856,1.1623490673914185,93,10,15,LFP,0,normal,1,0.7685058774675856,90.9285838964338,0.5559903179796142,Warning,3.826016362840236,30.82,84.35850523429633
300,1.5878864906227048,1.5474647894253437,92,10,27,NMC,1,overnight,2,0.6973958874773075,95.89081434161068,0.5326337566691035,Warning,3.833869399447452,21.47,79.55377618089915
300,1.2300034121370542,1.242944537964614,92,10,10,LFP,0,fast,0,0.4564178444372875,73.27709460723011,0.3706803747828948,Moderate,3.939341349676218,35.17,63.27147597549239
