charge_rate,discharge_rate,battery_age_months,chemistry_type,chemistry_type_encoded,charging_behavior,charging_behavior_encoded,SEI,IR,CSI,category,current_voltage,ambient_temperature,SOH,cycle_count,depth_of_discharge,storage_time_months
0.7860315809954999,2.246846476163321,59,NMC,1,overnight,2,0.9571792816138688,108.35628917309474,0.6822083660300867,Warning,3.7439926012503433,23.55,97.1067082171533,300,93.76803525642887,36
0.5548245017721423,2.301403728022517,34,NMC,1,normal,1,0.7394033542997023,86.29766965812433,0.5324416995744197,Warning,3.842553822108826,26.41,82.39211853376366,300,93.50735898923398,16
1.208100417664999,1.3434418537469108,17,LFP,0,overnight,2,0.9358431597819312,100.26663371910196,0.6550854317065316,Warning,3.7655059426163136,19.39,95.665078363644,249,81.19489922657031,11
1.3472616998939246,1.0536555944701032,43,NMC,1,fast,0,0.9103598842312048,108.10345362137436,0.6594381976147086,Warning,3.75620312169945,34.98,93.94323542102735,300,80.82992225537133,12
0.5985629591425286,1.6847006571867245,43,LFP,0,normal,1,0.909779254172929,105.9321126681382,0.6546025823352315,Warning,3.760690961120492,28.41,93.90400366033305,300,88.77138139067081,25
1.663291425042516,2.3247266912333817,53,LFP,0,overnight,2,0.946115795719978,105.10254889309785,0.6701203556424951,Warning,3.75326595328381,30.75,96.359175386485,300,98.01559808359087,19
1.1799332521220414,0.9213243780113332,16,LFP,0,fast,0,0.3079929470144857,77.3693232766353,0.3087722287128148,Moderate,3.968263116693108,34.63,53.242766690167954,220,85.73388034731187,11
1.28658540399137,1.7459331671269656,2,NMC,1,overnight,2,0.4301943015575765,75.29379335737275,0.3624592592903316,Moderate,3.941863837895861,18.61,61.49961497010652,102,77.82673654097316,2
1.1611441204073425,1.763120440185041,34,NMC,1,fast,0,0.931602153511755,101.64425183973904,0.6559639517815357,Warning,3.763810957942584,35.55,95.3785238859294,300,93.38750828386732,27
1.101144591312989,1.966226044830562,55,NMC,1,fast,0,0.6217735791619607,99.72197213164787,0.5047585915783919,Warning,3.845112660946214,30.85,74.44416075418654,300,85.36781256098605,37
1.3394604969623267,0.7631353702545196,8,LFP,0,fast,0,0.2874910453197695,70.43153956701163,0.2844644796176149,Safe,3.9872641595360334,34.82,51.85750306214658,132,83.40973693323782,5
0.7328603688960688,1.931649929364177,13,NMC,1,fast,0,0.9134538988637608,104.73785845735873,0.6538401047207397,Warning,3.762160808369343,35.03,94.15229046376764,168,90.82481333562819,4
0.7728921957429067,2.318065041331282,42,LFP,0,normal,1,0.895685185258355,109.14025962934096,0.6546450082193347,Warning,3.7577981844267296,30.38,92.95170170664562,300,100.0,17
1.792678431520276,0.8593662177404839,8,NMC,1,normal,1,0.655038301876365,81.25686702183945,0.4817826141371362,Warning,3.87372669048723,30.92,76.69177715380845,171,82.1498788238843,4
1.9191731932004488,0.9750866498477552,30,NMC,1,fast,0,0.4180783927988236,75.14041951312748,0.3563821175570089,Moderate,3.94519956277404,33.99,60.680972486407,300,88.25168659759717,20
1.0599639744196294,2.442790188083279,32,NMC,1,overnight,2,1.0,100.2516700206614,0.685528507043389,Warning,3.749496659958677,21.55,100.0,300,100.0,24
0.9061170097153306,0.8619539054189795,36,LFP,0,fast,0,0.6985809093048538,86.95332738477323,0.5144279194278294,Warning,3.85144811790424,33.47,79.63384522330094,300,78.7675299987462,11
1.4659993148585235,2.2087701867391583,47,NMC,1,normal,1,0.5439682154361463,84.87664441133892,0.4366258555959812,Moderate,3.8942546573182857,24.62,69.1870415835234,300,94.07607642192114,35
1.1131012566471443,1.4845557128960696,30,NMC,1,overnight,2,1.0,106.48510160124536,0.6986187133626153,Warning,3.7370297967975095,22.93,100.0,300,77.88100208279647,19
0.5380795334905173,0.994462148806354,1,LFP,0,normal,1,0.6491241235813,79.96782972690343,0.4762664011276147,Warning,3.877783309650869,24.18,76.29217051225001,23,81.25910652931314,1
0.7342288960492855,2.2414998025450226,43,LFP,0,normal,1,0.5438789764393479,85.88463445440642,0.4387002461629437,Moderate,3.8922609869813503,26.76,69.18101192157756,300,100.0,14
1.5739583432710962,1.390610510005331,39,LFP,0,overnight,2,0.9867278152367018,109.17312966454182,0.6979592845329713,Warning,3.734971786861741,19.01,99.1032307592366,300,77.77168902784436,9
1.488385912865227,1.5296347078593804,17,LFP,0,fast,0,0.7821688437533025,85.04907903603737,0.5501332667584972,Warning,3.8343596309896,36.1,85.2816786319799,245,86.41657551212083,9
0.5406439887552252,1.2184667387995314,59,NMC,1,fast,0,0.4998038761055056,93.93702723883403,0.4346745983516666,Moderate,3.887174976495956,38.6,66.20296460172335,300,88.5287962204025,35
0.8329582428994242,1.6859017028698549,20,NMC,1,fast,0,0.9002017594287213,92.407821621601,0.6216522611340047,Warning,3.790133916899618,32.4,93.25687563707577,220,100.0,7
0.846612194882107,0.8270477451700455,24,NMC,1,fast,0,0.5676108241640073,76.65247241432485,0.4305853335479856,Moderate,3.9047923491303487,31.29,70.7845151462167,260,85.27067205146673,13
1.5078391153980926,1.2821630733035214,50,NMC,1,overnight,2,1.0,110.69105748046226,0.7074512207089707,Critical,3.728617885039076,21.63,100.0,300,76.61205747275517,36
0.5295658066315463,2.438824644670575,22,NMC,1,overnight,2,0.2764033083183398,74.95414270169826,0.2886952711247778,Safe,3.980990887517019,22.05,51.108331643131066,228,100.0,15
0.6561628729768607,1.016266865402255,29,NMC,1,overnight,2,0.4228897229634527,89.4020802029058,0.3886169868337422,Moderate,3.915473408853325,22.66,61.006062362395454,300,70.71735369235662,22
1.699874128059784,1.8134733290825844,22,NMC,1,normal,1,0.6513057307963659,91.06606565705827,0.5006089600080962,Warning,3.855041435986792,26.66,76.43957640515985,300,99.64752893483946,9
0.7678169930815004,1.1503801284493895,44,NMC,1,overnight,2,0.7699245979535833,100.87221395577274,0.5775458333350748,Warning,3.805774422600059,21.4,84.45436472659347,300,83.9860546845697,17
1.479119161777812,2.046946251373201,9,NMC,1,fast,0,0.4537465295861674,78.9105185885696,0.3812416905894257,Moderate,3.928742330426319,35.74,63.09098172879509,152,100.0,6
0.8572741715700898,0.7617473214366997,37,NMC,1,normal,1,0.8367343091617299,93.90159315669584,0.594642142480883,Warning,3.803013236396176,31.12,88.96853440281959,300,72.43848267244682,17
0.6491620891390177,2.439642090157089,10,LFP,0,fast,0,0.5501169372090404,84.95922127461287,0.4397199098509812,Moderate,3.8925523231485135,31.09,69.60249575736759,138,98.28863005586932,3
0.8647582864991812,1.4075790827672785,36,NMC,1,fast,0,0.7518447961079491,95.38252108900896,0.5574295724381947,Warning,3.821273758794995,34.26,83.23275649378034,300,88.03634619484421,13
1.5834003977834887,0.972100926692928,37,NMC,1,overnight,2,0.8154342479669772,103.9575771300101,0.6056421797573355,Warning,3.788226283748235,22.64,87.52934107884981,300,73.50611189969608,17
1.7835447021594286,0.6469934946600253,28,LFP,0,overnight,2,0.4016195452689031,78.8692651536714,0.3563947408254388,Moderate,3.941856583375432,19.25,59.5688881938448,300,67.11481684534328,11
1.7453297968504873,0.8395158101750815,28,LFP,0,fast,0,0.8375056774959327,93.62027128689176,0.5944177665130407,Warning,3.8033830380522335,38.46,89.02065388486031,300,87.66056439554856,11
1.0957752944276822,1.539547897112035,42,LFP,0,fast,0,0.684322850770312,98.46619441112996,0.5318323623792711,Warning,3.8319868984851615,33.73,78.67046288988594,300,92.74913751168847,16
1.5021277048559694,1.1740063528625726,43,LFP,0,normal,1,0.8089067959441829,97.65205310379528,0.5893000395914569,Warning,3.802469194806364,27.88,87.08829702325559,300,89.67993376225449,10
0.8074764431237315,2.1577667317652187,21,NMC,1,overnight,2,0.5536457036823741,90.00135988405347,0.45198456500564,Warning,3.8815858543113,23.67,69.84092592448474,237,88.39556205101803,12
0.93972159539152,1.361775047323612,24,LFP,0,normal,1,0.8997788360208143,105.91619127764518,0.6498189487929418,Warning,3.763222908439506,26.23,93.2282997311361,295,83.52470142245707,13
1.84450372778168,0.9974285451752598,42,LFP,0,normal,1,0.7015419787692333,96.15491041062528,0.5351577517776989,Warning,3.8323046844864415,22.46,79.83391748440766,300,71.79198582702213,25
0.5195028852661041,1.73428997320806,40,NMC,1,normal,1,0.9084307654948592,108.84306601687246,0.6600750522454902,Warning,3.755206176592541,26.71,93.81288956046346,300,95.90182879205435,13
0.6282627962817021,1.913554433770892,2,LFP,0,fast,0,0.572703342758832,85.33814311127023,0.4512441883441127,Warning,3.886147878087752,37.06,71.12860424046161,60,95.51328477649514,1
0.811829382719041,0.8340838158018997,55,LFP,0,normal,1,0.4203381211305613,78.94685803253898,0.3654490094053485,Moderate,3.937021753652282,26.99,60.83365683314604,300,82.94878066611953,31
0.5397983058107296,0.8352384325766353,8,LFP,0,normal,1,0.607418369083433,95.2382936001935,0.488524141875037,Warning,3.857668820528755,25.46,73.47421412725899,88,82.37191130632141,4
0.772153152634696,0.5733428538670859,48,LFP,0,fast,0,0.4668792608022475,87.79878558671786,0.406145098613175,Moderate,3.9076826136260014,36.85,63.97832843258429,300,88.95396432518075,24
1.3745623414545385,1.972804030131281,27,NMC,1,overnight,2,0.9313249083952192,104.93686199161613,0.6627467416701228,Warning,3.757295048917963,21.01,95.35979110778509,300,83.57604296497553,11
1.132136825888747,1.8276090552436104,22,NMC,1,overnight,2,0.5321587026184986,81.64074401545918,0.4242209461762511,Moderate,3.903678836314457,20.47,68.38910152827694,271,89.499023554172,16
1.8390075666154624,1.4492617514996278,37,NMC,1,normal,1,0.632198444813219,95.032848427443,0.4998632429839093,Warning,3.851884691941809,28.45,75.14854356846074,300,86.09257398345108,15
1.7261653426076613,2.188340897938394,27,NMC,1,fast,0,0.5121458784095504,82.73802518101243,0.4170191451246625,Moderate,3.906487480035588,36.54,67.03688367632097,300,100.0,13
1.012726027546814,2.1113403059001064,57,NMC,1,overnight,2,0.3719352601041668,80.02256477220448,0.3447166345711085,Moderate,3.946971055429549,29.15,57.563193250281536,300,89.01658216402097,35
0.8891351501469387,1.6707087287935043,29,NMC,1,normal,1,0.3866545293070463,85.60072964628895,0.3634224336780538,Moderate,3.932134908380661,30.48,58.55773846669232,300,95.3042190267544,15
1.0695386122509003,2.2365425610265173,3,NMC,1,normal,1,0.5679110440265956,80.289300151792,0.4383652762313961,Moderate,3.8974436386897673,31.48,70.80480027206727,99,97.35713450640716,1
1.3854424137722117,0.9116824200735364,44,NMC,1,fast,0,1.0,103.86970456385622,0.6931263795840981,Warning,3.742260590872288,33.99,100.0,300,85.10110467176548,20
0.9020954612343144,0.7238392387954558,13,LFP,0,normal,1,0.5581320609462561,91.93092950576208,0.458167680911572,Warning,3.876605125751912,24.92,70.14405817204434,200,77.468496018192,9
1.436223361773701,1.0394992230339792,45,LFP,0,overnight,2,0.8082067470101798,106.19910720406334,0.6069163299583684,Warning,3.785550098839329,22.19,87.04099641960674,300,85.72332134452373,17
1.1141174782868606,0.6141737121786297,10,NMC,1,fast,0,0.945964762440548,101.36156832184928,0.6621925556351438,Warning,3.760785672746165,35.21,96.34897043517216,156,82.56599562715597,3
1.3280707712779702,1.562339056002064,36,NMC,1,overnight,2,0.3403888504763634,80.59755818254699,0.3309395761596213,Moderate,3.953707671015816,18.76,55.43167908624077,300,74.88131386941575,14
1.154189793702975,2.373211384589923,9,NMC,1,overnight,2,0.932765675056219,99.7266828296748,0.6524897295940211,Warning,3.767355215576596,21.47,95.4571402065013,155,98.06463168946044,6
0.9416986393128766,0.5786870813370193,54,NMC,1,overnight,2,0.913395662437206,98.19816157547096,0.6400790789661619,Warning,3.775254761239757,23.2,94.14835557008148,300,80.0678799740288,14
1.922679960443235,0.7442198280200536,56,NMC,1,normal,1,0.6604435467349428,90.38996818054872,0.5035296178782501,Warning,3.854109176955167,29.08,77.05699640100966,300,82.41788670126476,45
1.6454086912396413,1.4043980565668706,55,LFP,0,normal,1,0.7328220558542264,102.58777684115556,0.5635248078971842,Warning,3.811618932354132,29.51,81.94743620636666,300,80.65661241693097,29
0.7101697636496789,2.36775003505581,27,LFP,0,overnight,2,0.2960097472678899,80.5656179415652,0.3097924276295346,Moderate,3.964866327299897,22.87,52.43309103161418,280,87.7469235494515,21
1.802701963846869,1.132312209953501,34,NMC,1,overnight,2,0.4111494517197446,84.67368565588772,0.3731107294442429,Moderate,3.927865265758289,20.48,60.21280079187464,300,69.67590767335446,26
1.2311467973742705,1.5144696173767849,51,NMC,1,fast,0,0.9002574610883423,111.7242721419183,0.6622432655149911,Warning,3.751487090444078,33.97,93.26063926272585,300,91.9313455396669,24
1.841828340341137,0.5831457181007842,1,NMC,1,fast,0,0.9550671469967872,88.38809154573035,0.6392718870695078,Warning,3.784457030159343,32.6,96.96399641870184,101,72.88371294013598,1
1.6997828839209728,0.7966864019241777,32,NMC,1,normal,1,0.8339394408353086,96.01630457053872,0.5977554739949029,Warning,3.799482530650096,33.35,88.77969194833166,300,73.54810955493096,10
1.1378202567038502,2.473260245917694,25,LFP,0,normal,1,0.8040357865021667,91.28338140024968,0.5736120995290535,Warning,3.816424290573959,28.04,86.7591747636599,300,100.0,9
0.533703962480176,2.430237392872092,29,LFP,0,fast,0,0.9739392511858506,107.70293323485603,0.6887973041064768,Warning,3.7411093207338255,34.55,98.23913859363856,300,100.0,18
0.9030160390774192,0.5098799618688192,7,NMC,1,overnight,2,0.5535561813558713,82.52295752060064,0.4362373969373001,Moderate,3.8965650396198312,19.21,69.83487711863995,109,70.53794129453355,3
1.3124513219913003,2.403623570846478,49,NMC,1,normal,1,0.96297783119089,113.0955627413745,0.6949151515725591,Warning,3.733064416719529,36.81,97.49850210749256,300,99.27100279217879,20
1.450217329739221,1.7782398756310007,3,NMC,1,overnight,2,0.6003860420724182,78.7037251882812,0.4504611928797891,Warning,3.892496039105333,18.78,72.99905689678502,101,72.63567772139031,1
0.8868315281498034,2.235836589040044,20,NMC,1,fast,0,0.4206882875586374,74.27600524641409,0.3558065476078224,Moderate,3.9462759176175126,34.14,60.85731672693496,230,100.0,15
0.7090341111092362,1.4094797112677182,20,LFP,0,normal,1,0.6218987029942507,83.22487523079253,0.4701741219069333,Warning,3.878075573789853,29.25,74.4526150671791,235,82.75613979023376,6
1.7523953551989486,1.5311920571585005,53,NMC,1,normal,1,0.4634187670367619,89.0426594757621,0.4071134992415623,Moderate,3.9060599892892856,29.8,63.744511286267695,300,89.36337488725071,11
1.9766032710553283,1.4776931605138404,30,NMC,1,fast,0,0.3963528075532936,84.79327094974391,0.3663334525822767,Moderate,3.931325256212189,36.92,59.213027537384704,300,78.29412029618099,7
1.2885352734540287,1.833728515092209,35,LFP,0,normal,1,0.8517790133277163,92.41684014184186,0.5986703956285332,Warning,3.8022215663843872,33.42,89.98506846808894,300,97.4351253117298,26
0.7575189287724553,0.7793025095126258,35,NMC,1,fast,0,0.462617434978109,79.64160209172496,0.3869906460072241,Moderate,3.925062437072023,36.01,63.69036722825061,300,79.53380124819763,21
0.9084609897790534,0.5599471797453559,49,NMC,1,normal,1,0.7958991199744616,100.0145369718868,0.5880826096288315,Warning,3.8009961460626114,24.83,86.20939999827444,300,68.63426047850677,18
0.5275860148212002,1.1158598831823818,39,LFP,0,fast,0,0.9925856576102572,99.1714450954629,0.6797382220653442,Warning,3.75351069540651,34.49,99.49903091961198,300,84.205590659382,12
1.8714482098407488,1.9093615254732927,27,NMC,1,normal,1,0.561503952814405,92.02790088935534,0.4599729694544886,Warning,3.875568210017688,28.92,70.371888703676,300,88.0716391650555,10
0.6766266243352117,0.9037069042458968,26,LFP,0,overnight,2,0.9063604545810762,104.39363340734744,0.6497478460814408,Warning,3.764622619540036,28.2,93.67300368791057,276,86.0084071070083,7
1.3647747132713803,1.8468648666498344,14,LFP,0,overnight,2,0.7091646623307466,86.24023170962849,0.5179577011973245,Warning,3.8502283709980567,17.81,80.3489636709964,204,82.77167305469021,11
0.911082831030809,2.4398240922145407,17,NMC,1,overnight,2,0.3721840743395184,70.77256571127788,0.3254098233049547,Moderate,3.965408849992565,25.61,57.58000502294043,225,100.0,11
1.3312670037736902,0.6878014315788368,18,LFP,0,normal,1,0.6512390654956849,97.07959367751764,0.5132057028332374,Warning,3.843031046271044,28.54,76.43507199295168,254,80.29872739473372,9
1.4771305825277965,1.8452042364502528,45,LFP,0,normal,1,0.5532917581689174,86.35406193634181,0.4441571151965535,Moderate,3.888968936585087,30.51,69.81701068708901,300,95.6788818005644,32
1.7446127055608025,1.3875004386091423,52,LFP,0,overnight,2,0.8406144747792734,99.21963220600335,0.6076531031527619,Warning,3.791407116893175,21.69,89.23070775535632,300,82.20917211995199,18
0.8096319076409049,2.236284508755011,29,LFP,0,overnight,2,0.8370891971737925,104.91199350886254,0.6179325550261627,Warning,3.780903713688827,19.47,88.99251332255355,300,95.95813999924952,18
0.5164937429877208,0.8542995788947718,20,LFP,0,fast,0,0.7078815245153287,96.52872866075788,0.5389540543323726,Warning,3.829972161549653,36.5,80.26226516995465,248,78.52487583753434,14
0.7053284451032109,1.885251904452329,53,LFP,0,fast,0,0.5092159198364393,95.51001595734306,0.4424485954327291,Moderate,3.881675988126205,36.31,66.83891350246212,300,95.07564133199493,22
1.8500279627721576,2.17623057929622,27,LFP,0,fast,0,0.6592962021365028,95.16067277888412,0.5130031088504955,Warning,3.8448546039081055,36.94,76.97947311733127,300,95.75012664580512,18
1.8108351163437728,2.3892284389480465,18,LFP,0,overnight,2,0.3587554202887449,77.28389378296374,0.3327050015813776,Moderate,3.9557433573618863,21.96,56.6726635330233,291,99.35542678701702,7
1.3961196532554625,1.866496056579292,4,NMC,1,overnight,2,0.4012215492939101,72.53251075048003,0.3428985084906153,Moderate,3.9546295911755625,20.2,59.54199657391284,94,93.76013258909005,2
1.40077529065048,1.4943495280168546,1,LFP,0,overnight,2,0.4070880343743693,84.29720373891155,0.3703909441795396,Moderate,3.929633583928585,17.32,59.938380700970896,68,81.10560157635413,1
1.4975550118193832,1.7356944804024277,50,LFP,0,fast,0,0.844648956216897,107.15606374603708,0.6262359880697039,Warning,3.7745256334537016,36.64,89.50330785249304,300,86.71938929854527,23
0.7630569179351744,2.2378099689574364,1,NMC,1,normal,1,0.8398580235250991,88.76333013870463,0.5853355544657017,Warning,3.812508833841316,29.27,89.17959618412831,35,96.6485862735327,1
1.87161791888744,1.6412194932776594,58,LFP,0,overnight,2,0.4308530491391352,91.77531577642104,0.3973833614715734,Moderate,3.908736106162374,19.1,61.54412494183346,300,75.13914625760776,44
1.1281557873381096,0.5607741193936737,26,LFP,0,normal,1,0.402867800911436,73.24796223459226,0.3451829261255758,Moderate,3.9527871253029567,26.38,59.65322979131325,300,84.42845518785228,15
1.0747077923742463,2.361897391013956,45,LFP,0,normal,1,0.6386490665074847,91.78937656436288,0.4961159973762172,Warning,3.856758980244403,26.6,75.58439638564086,300,92.05312355695936,32
1.2783765579242563,1.8790535020631225,20,LFP,0,normal,1,1.0,94.01030467151128,0.6724216398101737,Warning,3.7619793906569776,23.55,100.0,270,87.91268420354375,14
0.5704489501625826,1.853026771554493,52,NMC,1,fast,0,0.9306998442635258,104.16990962991188,0.6608392362479898,Warning,3.758985219674295,33.36,95.31755704483282,300,89.30551233651117,16
0.7494250531341191,0.9313503047954343,23,NMC,1,normal,1,0.6583941891766585,83.18454913522757,0.4874247930428906,Warning,3.869032354435381,24.6,76.91852629572017,274,74.60459511445023,11
1.6070504246395556,1.8177709404653144,10,NMC,1,overnight,2,0.8128521294464186,89.00226874402108,0.573009525849493,Warning,3.818782430150353,20.76,87.3548736112445,198,89.7441659873884,3
0.6241980018876897,1.287728811308317,59,LFP,0,fast,0,0.9804668952738712,103.20289370165658,0.6824478520285676,Warning,3.748477488778219,33.52,98.68019562661291,300,86.34420472782656,36
1.4047281641995824,1.802465954082984,11,LFP,0,overnight,2,0.5407923911757032,87.37815453174095,0.440370510325115,Moderate,3.890045593142593,17.12,68.9724588632232,201,84.29707223544573,8
0.8680236645219814,0.7131860606159814,41,LFP,0,overnight,2,0.5726841828508493,91.81067318898134,0.4648274005510142,Warning,3.873207607909325,28.07,71.12730965208442,300,73.64740521006561,12
1.0839434210629648,1.815690609206072,41,LFP,0,fast,0,0.5537066361546436,89.9105314764574,0.4518227682740162,Warning,3.881752278008424,37.51,69.84504298342186,300,98.69220220954591,26
0.9330406051560498,2.498827451541333,5,NMC,1,overnight,2,0.385749781698175,80.19258822711814,0.3516355815835811,Moderate,3.94317737812122,19.66,58.49660687149831,75,97.10722319109767,3
1.0335090746974238,0.5964240777211121,58,NMC,1,overnight,2,0.5950215488689758,89.08305869285556,0.4697096589677602,Warning,3.873078495397045,22.82,72.63659113979567,300,73.82959834281323,32
1.5785688577763684,2.4543483684426346,1,NMC,1,fast,0,0.2917581002506911,67.6856812942279,0.2807250283369569,Safe,3.991689112348872,35.83,52.14581758450616,91,100.0,1
0.9456825734347624,1.3138159214457412,17,LFP,0,overnight,2,0.7874788353321831,98.9689869228419,0.581887319320755,Warning,3.805192317321272,25.57,85.64046184676913,207,82.9025384433348,7
1.3496069604453458,2.2415069006745183,22,NMC,1,normal,1,0.2657609030993546,73.25393757779179,0.2800696978855562,Safe,3.987051899069578,25.54,50.38925020941585,292,96.58384648818928,5
1.2140756032986495,2.064770968116547,34,NMC,1,overnight,2,0.8065957366825651,104.16833809160916,0.6018864849165977,Warning,3.790014389646141,25.28,86.93214437044358,300,82.673071777015,11
1.4955067480439723,1.6340325219733356,56,LFP,0,normal,1,0.4519353411113084,82.16231712034724,0.3872101529806007,Moderate,3.922691530481479,26.36,62.968604129142456,300,88.78747955216542,12
1.9052446089871369,1.976898418502653,45,NMC,1,overnight,2,0.4825357634940619,90.5481824006146,0.4193556707009701,Moderate,3.898269694325256,17.99,65.03620023608526,300,84.90657684699185,25
1.5988581458153754,2.257031122602696,41,NMC,1,fast,0,0.7313456647978251,87.02739867925864,0.5301467280054101,Warning,3.8431087864420266,36.45,81.84768005390711,300,99.07292335580195,11
0.8224105678861351,1.308280643302066,29,LFP,0,fast,0,0.8039463012991052,101.14714670547106,0.5942835011985642,Warning,3.7967191312642816,37.58,86.75312846615576,300,89.92621846129978,21
0.546774702591927,1.1540663231264774,4,NMC,1,overnight,2,0.7288980458871019,88.7355166362945,0.5325711567325919,Warning,3.840304455255636,29.76,81.68230039777715,79,84.54916234214969,2
0.8933960664497376,1.8351867711271688,5,NMC,1,fast,0,0.7927543396092273,96.3144719417895,0.578818702392141,Warning,3.809182471214114,32.6,85.9969148384613,120,95.23037135808445,3
1.3926168960503822,2.1156918838825174,11,LFP,0,overnight,2,0.4897437407092618,74.94694847103098,0.3900168686260644,Moderate,3.927670167880623,24.1,65.52322572359877,189,87.88105068079528,5
0.5771387202263756,2.0245702695532315,56,LFP,0,fast,0,0.5703725450191148,95.72781426601982,0.4719553688427212,Warning,3.8659512352131817,34.18,70.97111790669695,300,97.68109899321054,30
1.2445493708018545,2.095627297717269,51,NMC,1,normal,1,0.8238184200387683,104.41953803428648,0.6105947793904165,Warning,3.7852063189217353,30.35,88.09583919180866,300,99.79389739276222,39
1.3952642733753338,1.371166629625866,21,LFP,0,overnight,2,0.3323546853433447,76.60646766255223,0.3187420576294484,Moderate,3.96369839333906,17.59,54.88883009076653,277,72.95596127135704,5
1.0013658362254412,2.1356684323500432,35,NMC,1,normal,1,0.6383881134277022,92.10097957202892,0.4966464109794193,Warning,3.856201012499017,24.21,75.56676442079069,300,87.0589838323538,12
1.6563683056187328,0.7404181107412169,12,LFP,0,normal,1,0.6457114647836569,89.03623033476924,0.4936890294752524,Warning,3.860499673134548,25.67,76.0615854583552,209,74.04650397990625,8
0.6598973797006578,1.588978195921699,26,LFP,0,overnight,2,0.7616549509390313,96.3181159715166,0.5640541452362248,Warning,3.816950030322209,22.24,83.8956047931778,281,79.04955296196219,7
0.6127066726037131,0.5115173209962431,51,LFP,0,normal,1,0.6526375097668284,99.45337120126096,0.5188548966618916,Warning,3.837933880155771,26.08,76.52956147073165,300,73.28168436177715,13
1.5922831343054051,1.1491716598005406,19,LFP,0,overnight,2,0.5656783977932757,87.80471467884651,0.4530871397773836,Warning,3.882970971193988,23.98,70.65394579684295,279,86.14730917500461,8
1.2432369743092977,1.2329230697427958,45,LFP,0,normal,1,0.83644812110057,108.07737015736484,0.6242753348532369,Warning,3.774733229410128,31.08,88.94919737166013,300,92.60716531999009,11
1.532603594641604,1.2923453832185108,7,LFP,0,overnight,2,0.8947351445579012,88.10169570512186,0.6100127546457589,Warning,3.800112822450281,23.8,92.88750976742575,162,82.85432868091762,4
1.1522410079056191,1.8909344133797243,47,NMC,1,overnight,2,0.638716892188424,90.85444784388343,0.4941848642616566,Warning,3.8586118812651273,26.86,75.58897920192054,300,88.21816407955625,16
0.8696030498586602,1.2771162025406917,55,NMC,1,fast,0,0.7379480562092144,104.57617226114836,0.5701352884477884,Warning,3.8063606414254,35.83,82.29378758170367,300,92.2007818708102,41
1.7286534765112995,1.3973872452450613,7,NMC,1,overnight,2,0.4928606582921918,85.89395675836374,0.4144861218813549,Moderate,3.9049969219102247,18.35,65.73382826298592,173,68.82902998118972,5
1.699123818453469,0.9750882617486548,26,LFP,0,overnight,2,0.7392410319192888,92.5348512917857,0.5454626778744122,Warning,3.830120039436607,26.09,82.38115080535735,300,75.01999025697076,16
1.54204470628164,1.2465035832586802,40,LFP,0,normal,1,0.7387126534135483,97.68198896702305,0.5560206872021839,Warning,3.819957858712567,26.18,82.34544955496948,300,71.44688379908723,23
0.908217705844944,0.954539254526303,5,NMC,1,overnight,2,0.4508180119582113,76.000717744717,0.3737400629440561,Moderate,3.9352940615210135,24.73,62.89310891609536,99,74.08189395848581,4
1.3853460003036306,0.6463918475368873,21,LFP,0,fast,0,0.3658283265822148,73.74181739585642,0.3286262716578504,Moderate,3.961059283562734,38.15,57.150562606906405,300,79.20383084085887,7
1.0414608454100402,1.7068971867627558,14,NMC,1,normal,1,0.7941100068823237,94.41547607409974,0.5754747530247133,Warning,3.81264154613122,29.37,86.08851397853539,184,96.64238125731595,10
0.6373731099899512,1.8364255971100325,4,LFP,0,normal,1,0.7070564125013712,84.8202834203908,0.513974391120972,Warning,3.853595330033876,23.51,80.20651435820075,80,73.81394614032037,3
1.875970363193364,1.738980692019229,23,NMC,1,fast,0,0.7420291696866768,91.41484167776308,0.5444350231244739,Warning,3.831663024222805,33.16,82.56953849234303,300,89.38629391902062,15
0.7052279463784421,1.4269880876011447,42,NMC,1,normal,1,0.6795166413085137,87.10601955447477,0.505693045685941,Warning,3.855908800563922,31.97,78.34571900733201,300,90.85271323690198,23
1.925356030731204,1.2595715603584596,20,LFP,0,normal,1,0.8675643776921003,106.3959221149925,0.6355245158452318,Warning,3.77031706134699,27.49,91.05164714135812,300,85.89436891993006,7
1.1690086594369336,2.2266672991436502,15,LFP,0,normal,1,0.546074965975456,93.05316116719403,0.454797247289449,Warning,3.877374936171748,28.24,69.32938959293622,211,100.0,7
0.7776993932579295,1.538163570272436,50,NMC,1,normal,1,0.8599364546988726,104.37242571029618,0.6276519099735864,Warning,3.7762710349046897,30.28,90.536246939113,300,88.8268930957073,34
1.3128514210675373,1.458363755259462,52,NMC,1,fast,0,0.42225830392576,88.0414454951618,0.3854597299045758,Moderate,3.9183525330282367,36.39,60.96339891390271,300,92.15002845500035,11
1.8094187538146125,0.5512841316128714,45,LFP,0,fast,0,0.6005003664416829,88.32291424429492,0.4707157939728187,Warning,3.8732290799009896,35.56,73.00678151632992,300,71.60030715711596,30
1.5983373296143415,1.1824956552523127,29,LFP,0,normal,1,0.9789636959879604,112.00692529560423,0.70022229871505,Critical,3.7312452254118016,27.37,98.57862810729462,300,78.06861226163909,10
1.7098417217921746,1.260391237571714,8,NMC,1,normal,1,0.3737559780902905,75.7709675883082,0.3366531215283351,Moderate,3.955019070300811,27.06,57.68621473583044,162,74.72038865847702,2
1.488175050066076,1.297645561793801,41,NMC,1,fast,0,0.7187518609934371,92.19925409017335,0.5350255675612468,Warning,3.8359135265712943,36.72,80.99674736442142,300,91.6994961575085,11
1.5384148467767786,1.6603447384546646,48,NMC,1,fast,0,0.9359791873960432,114.44390776740764,0.6849223203246765,Warning,3.7371173876161743,36.11,95.67426941865156,300,93.90189964333287,10
1.7737934773479789,1.567205093453757,19,LFP,0,fast,0,0.5661368445564146,89.33805864384753,0.4565249243163767,Warning,3.879789671573201,34.49,70.68492192948747,263,91.98474077095514,10
0.8745020132887789,1.7158101855868892,48,LFP,0,normal,1,0.8557292926051508,110.32699869937886,0.6381581112561423,Warning,3.765413679449954,31.25,90.25197923007777,300,85.87593381357853,16
1.2341374454647107,2.0297665230842563,39,LFP,0,normal,1,0.6270056954938708,93.5657926258254,0.4943158698738219,Warning,3.856116990874882,27.61,74.79768212796424,300,86.73791633425925,31
0.8318141627294033,2.125971477432187,46,NMC,1,overnight,2,0.9391890880146626,105.16122793903683,0.6669533954789422,Warning,3.754880272118261,19.45,95.8911545955853,300,89.53194943580397,25
1.9815020119949704,1.9362461524529888,28,NMC,1,fast,0,0.8810122562764283,98.49364554435928,0.6253174773744579,Warning,3.782759644842175,33.48,91.96028758624516,300,90.25553126067422,8
1.91608900952992,2.4110473919098694,46,LFP,0,normal,1,0.9460149962675528,110.4709272503102,0.681346070452739,Warning,3.742554396432491,25.06,96.35236461267247,300,89.03845109993752,28
0.5591402170527588,0.5364651653527233,57,LFP,0,fast,0,0.6196396296894076,102.13095834250612,0.5088038366217315,Warning,3.840828175892636,34.46,74.29997497901402,300,77.5527047972369,42
1.5583627587735327,0.8915559713670922,27,NMC,1,normal,1,0.6170936545820174,80.89828005159283,0.4630058740348032,Warning,3.8839300262513103,31.7,74.1279496339201,300,78.96184953349437,17
1.8878724761234984,0.5151257499562842,4,NMC,1,fast,0,0.4918876482080566,71.21550461745879,0.3831991925954903,Moderate,3.934597078713068,33.39,65.6680843383822,121,75.01264262642059,1
0.7708630176910003,1.794949428309206,58,NMC,1,normal,1,0.9127874661007076,101.78695050317074,0.6473266424544946,Warning,3.7682292324684816,28.57,94.1072612230208,300,83.60565519930405,43
1.3519178458289445,2.296061097899974,15,NMC,1,overnight,2,0.6144866676549818,88.0582999617275,0.4768035970557441,Warning,3.8702617331628,20.03,73.95180186857985,226,92.71905982069427,10
1.8732324463820629,0.9869645931525984,35,LFP,0,overnight,2,0.7112458717420391,101.70914193972418,0.5514309871508893,Warning,3.818770248185042,21.22,80.48958592851616,300,85.75989312891126,10
0.5509189678786983,2.3540690895926133,37,NMC,1,fast,0,0.8766031748940472,92.87625336655292,0.6114266401444336,Warning,3.7950966995433824,31.98,91.6623766820302,300,96.83566989283285,9
1.54613040087026,0.6205347805791217,1,LFP,0,normal,1,0.962571554737084,96.97196073028202,0.6608626060337072,Warning,3.765413189855165,27.34,97.47105099574893,111,78.48751849064087,1
0.9460235110588262,2.3688720536110286,3,NMC,1,normal,1,0.9178134546769474,96.19336284946532,0.6379674529554273,Warning,3.7781599106318327,27.42,94.44685504573968,80,97.5806097991188,1
1.886594293064796,1.2032453744792688,47,LFP,0,fast,0,1.0,118.56871596721903,0.72399430353116,Critical,3.712862568065562,36.08,100.0,300,89.40528253075829,33
1.956587367748052,0.702841656898433,24,NMC,1,normal,1,0.8661806303428818,103.41178384703564,0.6286005454916438,Warning,3.776631274720208,28.67,90.95815069884335,300,74.62885492739943,10
1.9163997336701508,1.4717435183726513,27,LFP,0,fast,0,0.3940034655259329,86.95493057066706,0.3697570003232189,Moderate,3.927589272477183,32.6,59.05428821121168,300,97.11666623923944,20
1.2113213249861956,1.013553135441016,40,LFP,0,normal,1,0.939812623276964,106.49039739692456,0.6700408305900996,Warning,3.75206604938691,31.25,95.93328535655162,300,79.47397878602035,22
1.7930639764839702,1.0697458039238457,36,LFP,0,fast,0,1.0,107.68229253506496,0.7011328143236364,Critical,3.7346354149298704,35.42,100.0,300,89.14789986254051,11
1.7668240978026055,1.1145799298525731,34,NMC,1,normal,1,1.0,100.8011060789606,0.6866823227658172,Warning,3.748397787842079,28.6,100.0,300,85.59675583524029,10
0.9786507098648836,2.106051795665327,29,NMC,1,fast,0,0.95152240499554,94.16563244976392,0.6497209705173856,Warning,3.7737881338515873,34.98,96.72448682402296,300,86.25831024598008,16
1.743373211226016,1.578322553350509,24,NMC,1,normal,1,0.653333968117926,95.3108356438258,0.510486389708049,Warning,3.846044836682867,26.45,76.57661946742743,298,84.71399344894049,16
0.5555114520732389,1.1226153983120073,24,LFP,0,overnight,2,0.6043478106207791,92.43351513695116,0.4811755918324675,Warning,3.864046017070903,22.65,73.26674396086345,249,80.33429624218093,16
1.3944048177230797,1.7206675666218367,42,LFP,0,normal,1,0.8602264203657288,109.53576509929196,0.6386326563822343,Warning,3.765871864709984,29.43,90.5558392139006,300,90.08743172333979,15
0.8450132559315546,1.9323013484463871,4,NMC,1,fast,0,0.903114598935067,100.28955255610856,0.6395874948619849,Warning,3.773642245154016,31.51,93.45368911723426,89,94.0851160620477,1
0.6808503286659182,1.0452480014670675,3,NMC,1,overnight,2,0.958760426370523,95.37147558403942,0.6556913012524812,Warning,3.769566942239291,20.38,97.21354232233264,75,81.93079437937055,1
0.6154298024438137,1.327098203050703,34,NMC,1,normal,1,0.6641821818157173,94.41481122770766,0.5137576399406518,Warning,3.845124832090656,27.24,77.30960687944035,300,84.35340520915314,21
1.5444331638172095,0.7437721866738951,57,LFP,0,overnight,2,1.0,122.45148594823642,0.7321481204912965,Critical,3.705097028103528,22.77,100.0,300,78.09580970682867,14
1.0098124456520992,0.8622986990693606,49,LFP,0,normal,1,0.6371276627910347,100.90471086016116,0.51453553263208,Warning,3.838908662581919,31.58,75.48159883723207,300,81.6882140568317,22
1.587150157293142,1.8622357079299656,23,NMC,1,overnight,2,0.4425997462987947,75.45022152614797,0.3686803446968382,Moderate,3.9384496203730057,19.68,62.33782069586451,300,80.8756887955258,13
0.5980345111984136,0.8628766953912539,53,NMC,1,fast,0,0.9580253543960988,106.11816202965142,0.6779101836004149,Warning,3.748257337341673,34.0,97.16387529703373,300,83.2907741607609,40
0.9729355067459156,1.5503267673341203,56,NMC,1,normal,1,0.9655773329072238,106.37739122727244,0.6820417547082034,Warning,3.745850884318649,26.46,97.67414411535296,300,89.97871689460655,22
1.3092369385630058,1.9180925234448647,52,LFP,0,normal,1,0.7105492846272911,104.07076540888082,0.556059517556613,Warning,3.814221148025416,25.6,80.44251923157371,300,95.02486714682547,18
1.6860847472584453,0.7137538461894877,23,NMC,1,fast,0,0.660397823062602,91.75261951676322,0.5063694669399387,Warning,3.851395305200823,34.31,77.05390696368931,300,84.4791167496159,14
0.9781287543981048,1.634624439257807,45,NMC,1,overnight,2,1.0,103.36964208255192,0.692076248373359,Warning,3.743260715834897,24.31,100.0,300,92.67299602232457,26
1.4388370646555138,1.0131255674027275,5,LFP,0,fast,0,0.7971815097495374,97.19551026608788,0.5827717886898147,Warning,3.80631360203044,32.89,86.29604795604982,127,86.17057941107217,2
1.8289666223542809,2.4258537504751594,31,LFP,0,fast,0,0.9028111754679548,101.79192360686844,0.6425983479217021,Warning,3.7707133589192745,35.86,93.43318753161856,300,100.0,23
1.423794782273457,1.4670912934398497,53,NMC,1,overnight,2,0.6063251442566787,88.5924407704926,0.4740485691399568,Warning,3.871233832394845,16.89,73.40034758491072,300,85.30286868079742,37
0.8494392121304506,2.111985099550316,41,LFP,0,fast,0,0.5689134689520001,85.76336388299443,0.4503369619064883,Warning,3.886244904996011,33.88,70.87253168594594,300,94.44309829108448,14
0.536601172334807,1.6004530843125235,57,LFP,0,normal,1,1.0,113.49359793389198,0.7133365556611732,Critical,3.723012804132216,27.01,100.0,300,90.63954800596358,20
1.8051483108513948,0.5868250657096383,57,LFP,0,normal,1,1.0,115.5846155135569,0.7177276925784696,Critical,3.7188307689728863,33.02,100.0,300,75.17502616889182,29
0.5319041162755807,1.7663027511880447,54,NMC,1,normal,1,1.0,114.4847758760346,0.7154180293396726,Critical,3.721030448247931,27.18,100.0,300,90.50208922462477,36
1.812052509026299,2.402806684413314,6,NMC,1,fast,0,0.8376640513222924,90.8224525166799,0.5886175746631167,Warning,3.8089390821360674,30.6,89.03135481907381,145,99.7131959774754,1
1.293405701040818,1.7032236402926624,37,NMC,1,normal,1,0.8382757029704039,101.4027225047781,0.6111266761709759,Warning,3.787625629247843,22.0,89.0726826331354,300,90.78771200642328,23
1.9086015477693443,2.1383777188535804,57,NMC,1,normal,1,0.883261963213062,105.95860258161728,0.6420624979476008,Warning,3.7672673040335,28.1,92.11229481169336,300,97.03757370844232,34
1.698174853660498,2.268412926696816,10,NMC,1,normal,1,0.6436558517600226,83.8740695730308,0.4818720756893754,Warning,3.871337897913933,29.84,75.922692686488,203,100.0,3
1.9969011658000064,0.956159543897865,40,LFP,0,normal,1,0.4049980297184529,87.88980403987517,0.376942652600003,Moderate,3.9229708844906366,29.13,59.797164170165736,300,81.12969378834654,24
1.0260677231775652,0.9240896798164532,7,NMC,1,normal,1,0.2860217869863287,70.67224299318596,0.2842720591041967,Safe,3.987150067267046,28.5,51.758228850427614,124,79.2639310248143,5
1.6507824333966905,1.7219619777019834,39,NMC,1,normal,1,0.6454836448800486,85.03022842675962,0.4851682110142183,Warning,3.8685686319264687,31.49,76.0461922216249,300,89.09012598759175,9
1.1028963704138632,1.3220569396134094,38,LFP,0,fast,0,0.4074412433267607,78.71174014470009,0.3588292448840816,Moderate,3.94071620887891,33.92,59.96224617072707,300,89.01198804837726,15
1.2198134304558632,2.1797226057334407,21,NMC,1,normal,1,0.7450778773720763,97.20705883510428,0.5580468153054552,Warning,3.819316412986773,30.68,82.77553225487003,261,85.59349097912315,10
1.4412581948275551,2.3000462467960223,20,LFP,0,normal,1,0.9326345495525524,100.76464327030196,0.6546071619050965,Warning,3.7653120760712575,23.1,95.44828037517246,286,98.70924731993298,15
1.810515671279508,1.2068427586054362,3,NMC,1,overnight,2,0.3709818484705509,77.64119652148835,0.3392628907186372,Moderate,3.951972144839386,19.29,57.49877354530749,115,79.43279438519923,2
1.9761252037989427,0.973741117948964,51,LFP,0,fast,0,1.0,107.51446242263366,0.7007803710875307,Critical,3.734971075154733,31.39,100.0,300,80.85740326781404,24
1.6524101207967772,2.0610510304877234,22,NMC,1,fast,0,0.8660122893786273,90.20557213380154,0.6007875389358313,Warning,3.80308578338774,34.45,90.9467763093667,300,82.68692925184993,14
1.1266501732510006,1.0496120710962722,47,LFP,0,fast,0,0.8647391902077567,96.33816998501824,0.6130612723172227,Warning,3.7911388624780247,34.91,90.86075609511867,300,85.2670531800713,24
1.132035503415605,2.145228637027357,4,LFP,0,fast,0,0.5516565262043416,83.53881338209895,0.4374683580494701,Moderate,3.895008241684717,35.23,69.70652204083389,107,95.57490379489478,2
1.6063734523833373,1.3474765072975257,28,NMC,1,normal,1,1.0,104.5287653028195,0.6945104071359209,Warning,3.740942469394361,28.19,100.0,300,80.58453291974898,10
0.8581657186524535,1.835099798582941,12,LFP,0,normal,1,0.3821091025708779,76.90366067649597,0.3429995111418086,Moderate,3.950665403004289,25.22,58.25061503857283,156,85.09576376019434,4
0.665711169697092,0.6910706276693364,38,LFP,0,overnight,2,0.7631896667910432,97.16212383035594,0.5665555517694929,Warning,3.814878335641528,21.43,83.99930181020562,300,74.99252305446754,14
1.0319332364611649,1.747718649353146,51,LFP,0,overnight,2,0.4481765082745836,93.40238041740622,0.4090288403069803,Moderate,3.901151112096542,17.51,62.714628937471865,300,80.79100419559305,27
0.9308584874811224,1.4035353574744582,36,NMC,1,fast,0,0.91291720518972,98.6638320053495,0.6408297196763509,Warning,3.774443034691872,37.73,94.11602737768378,300,93.25974390563637,8
0.9444621806839852,1.6732169263509482,47,LFP,0,overnight,2,0.4095401204550908,86.74984233739715,0.3767062261247021,Moderate,3.924115285211433,21.09,60.10406219291154,300,81.03325132028941,35
0.8504116265748649,0.8360284154897268,41,LFP,0,overnight,2,0.541550868760315,92.55479519111717,0.4516017325624957,Warning,3.879502692427687,20.53,69.02370734866993,300,76.89832630250116,12
0.5631397844545428,1.973747489888364,5,NMC,1,fast,0,0.625390501932057,81.26814173481904,0.467723586060847,Warning,3.881116091047348,38.18,74.68854742784168,85,100.0,2
0.5268109021001207,2.225594155086457,13,NMC,1,fast,0,0.4307264062521632,77.59130050341811,0.3675367740269555,Moderate,3.9371357974301233,32.52,61.53556799001103,159,95.83296223805182,7
1.981583584604048,0.9334796001815512,23,LFP,0,overnight,2,0.4258665483961223,87.91545563120118,0.3869090673136806,Moderate,3.9177024516385672,18.62,61.20719921595421,300,77.92468162161424,14
1.1416597006037934,0.6914291110403235,58,NMC,1,normal,1,0.8321462740036806,107.80280935486462,0.621655379796964,Warning,3.776357812789351,24.71,88.65853202727573,300,78.23254804740624,15
1.0764899707395226,0.5472771720926728,50,NMC,1,overnight,2,0.4626036969105231,83.64610221393556,0.3953935706817632,Moderate,3.9170568713444975,21.8,63.68943898044075,300,73.91275621901306,20
1.5194709240396047,1.783943000886532,30,NMC,1,overnight,2,0.785599147534479,101.01881437742242,0.5852991052714647,Warning,3.801562584361536,23.29,85.51345591449183,300,86.64939429914777,23
0.8273808317975963,1.7141880721775615,37,LFP,0,normal,1,0.77029917249127,94.00174439619306,0.5632957701653587,Warning,3.8194217180847967,30.22,84.47967381697771,300,86.89500961452605,13
1.924941775925338,1.59339482542814,25,LFP,0,normal,1,0.4192609981047993,76.73366582448438,0.3602896723311968,Moderate,3.941717418824832,35.72,60.76087825032428,300,92.0490097070705,10
1.679517521623328,0.9638941922319508,48,LFP,0,fast,0,0.5991733936980448,95.94703634357391,0.4860961383280766,Warning,3.858312578888341,30.5,72.91712119581383,300,80.97260437812217,34
0.6341165034683893,1.2818119918110291,27,NMC,1,fast,0,0.8572163673008393,105.78048862928216,0.6293168005893912,Warning,3.774134930916226,36.22,90.35245725005672,288,96.15857075928382,6
1.1263711636773923,1.688952670372346,51,NMC,1,overnight,2,0.9526145101449868,104.12927140989304,0.671163362279644,Warning,3.7535878296439673,20.33,96.7982777124991,300,88.61024299927303,24
1.818677461343247,1.4935337177183388,14,LFP,0,normal,1,0.3787376164689248,75.35127415431262,0.3381380435467958,Moderate,3.954613047574144,26.24,58.022811923576,227,78.29135769774166,6
1.9170980334371155,2.4755710404297746,57,NMC,1,fast,0,1.0,112.08101281475088,0.7103701269109769,Critical,3.7258379743704975,33.76,100.0,300,92.14992041320735,22
1.2011022668748046,0.7728795051134663,48,LFP,0,overnight,2,0.6163250006427432,87.76218428167289,0.4770549622968161,Warning,3.8703943812759687,19.27,74.07601355694212,300,74.21149570593785,18
1.4201170838160615,1.890289108095188,59,NMC,1,normal,1,1.0,104.77794992162995,0.6950336948354229,Warning,3.74044410015674,33.05,100.0,300,90.95136369375317,15
0.7505509191381128,1.3086375362085845,47,LFP,0,overnight,2,0.7000424083779436,89.71319582865974,0.5209178552197086,Warning,3.845563006248195,24.53,79.73259516067186,300,81.93540577097622,18
1.9867529392054648,1.3563992298512295,54,LFP,0,fast,0,0.8122682528480182,93.8806875843666,0.5829768640299785,Warning,3.8091715616192623,35.05,87.31542248973096,300,91.84479960177386,12
0.8475075520751651,1.9351955313163525,36,LFP,0,fast,0,0.784433600600605,92.6585404026844,0.5671888951309246,Warning,3.81857451904448,37.7,85.43470274328412,300,97.28063480755031,24
1.9140976612026883,1.8848723026487395,39,LFP,0,normal,1,0.5650489480740262,82.32240758974116,0.4412753062736188,Moderate,3.894092947802012,23.46,70.61141541040718,300,89.60686917877817,17
1.474469973488553,2.4825119874043766,16,LFP,0,overnight,2,0.990658132312065,102.2931211720482,0.6853781673095322,Warning,3.747749224577888,18.01,99.36879272378818,220,98.56109320152073,7
1.4116051923182886,0.7567885789082505,56,NMC,1,normal,1,0.4383013167302151,80.94820126598717,0.3781843481054252,Moderate,3.928528268285472,21.47,62.04738626555508,300,68.85842801821711,41
1.269032766524763,0.7082192987683327,22,LFP,0,fast,0,0.8863663704955793,95.70500924985794,0.6220045454101018,Warning,3.786998388876389,33.6,92.3220520605121,272,81.90188715842783,13
0.8460047175766381,1.9486776342574823,21,NMC,1,fast,0,0.7044710366467661,95.51182614859016,0.5351985773192532,Warning,3.832858588541128,35.32,80.03182680045717,254,91.75151360283856,4
0.7647920480082624,1.6567738340128182,54,LFP,0,overnight,2,0.6744283535227071,93.56942460394308,0.5168492595915664,Warning,3.844254062411437,22.31,78.0019157785613,300,92.39991726932494,41
0.830729313605263,1.0483213331196115,21,LFP,0,overnight,2,0.7502074692704925,97.3733660778154,0.5608326166668963,Warning,3.8177014005267456,22.45,83.12212630206031,231,68.16145530207939,7
0.7796573932163817,0.6588387379779732,8,LFP,0,overnight,2,0.5387665934040243,76.48479806802445,0.4165322078097629,Moderate,3.912338755512945,17.77,68.83558063540704,115,62.14597945121473,2
1.66937671035013,0.6713164991928611,49,LFP,0,normal,1,0.5863331327692715,86.82433528213006,0.460839342157877,Warning,3.8797680462434223,30.41,72.04953599792375,300,80.94134647366886,32
1.0251878887500951,2.288381749328237,16,LFP,0,overnight,2,0.6781776378129964,83.33302924399719,0.4971337393735674,Warning,3.8637895320587567,22.72,78.25524579817544,193,97.37530028990311,8
0.5867640148450946,0.8837346494374858,59,LFP,0,overnight,2,0.7332072054725636,93.53402594608248,0.5446948770862409,Warning,3.829630146739696,24.2,81.97345982922727,300,82.3036181009601,27
1.953653945211217,1.1467431242310415,55,LFP,0,fast,0,0.6586423093796913,90.61885508547938,0.50315469263486,Warning,3.854101712484119,31.21,76.93529117430346,300,80.56752727572187,19
1.8256788274451383,0.953312804453976,31,NMC,1,fast,0,0.3396363858268278,77.4551572641512,0.3239831135224608,Moderate,3.960180589014991,35.62,55.38083688019107,300,92.37523665454766,16
1.89162842479282,1.2099926116638746,42,NMC,1,overnight,2,1.0,105.19053800635584,0.6959001298133471,Warning,3.739618923987289,18.44,100.0,300,72.6625823736677,15
1.9923617339696529,0.6388476854921867,10,LFP,0,overnight,2,0.9609609080350604,91.729538066509,0.6490884612563226,Warning,3.776300696858217,20.81,97.36222351588246,228,80.83089780263859,7
0.760842873829231,1.5381195818165407,32,NMC,1,fast,0,0.4233409341654022,80.25168152049088,0.3696154749215969,Moderate,3.933661403417668,36.07,61.03654960577042,300,85.42005456637469,11
1.094363028353988,0.6352251271844298,59,LFP,0,overnight,2,0.5160743405599002,84.1550057760869,0.4218608238957351,Moderate,3.9026714033078513,22.27,67.30232030810137,300,73.22813041015819,43
1.637357713556137,2.100713015644723,34,LFP,0,normal,1,0.5379914603812613,85.06404791572113,0.4341804443041135,Moderate,3.8953740390732414,25.45,68.78320678251765,300,94.42847784573182,18
1.5440309270806885,0.967424163820866,9,LFP,0,normal,1,0.5336523589902248,83.21125906282286,0.4282285145522847,Moderate,3.9001643921267983,28.02,68.49002425609626,169,73.85320248372784,6
0.7308438595097826,1.5800238292090212,17,NMC,1,normal,1,0.8246817178172179,98.27592242944048,0.5981032530650034,Warning,3.797277725686815,23.41,88.15417012278499,214,92.35035527979404,11
1.7237496874859266,2.2601581751229167,11,LFP,0,overnight,2,0.6872569222439008,83.98968209761648,0.5028253704708474,Warning,3.860206405243792,25.45,78.86871096242572,225,91.03686259422258,7
0.836660857754991,1.8017547380943884,32,NMC,1,fast,0,0.2636612534721992,84.11115598363564,0.3018725229649295,Moderate,3.9658623746646793,34.59,50.24738199136481,300,93.49892805933533,13
0.8357264222339347,1.5659155731026706,10,LFP,0,overnight,2,0.6617379871390422,90.83850584236362,0.5050864061600087,Warning,3.852888491530512,25.36,77.14445859047582,159,91.65015967623046,3
1.3054616343401204,1.1486675062307512,22,NMC,1,overnight,2,0.9900191768006296,96.86638547923306,0.6736785184866886,Warning,3.7587624348413766,20.42,99.3256200540966,271,75.23104833647177,7
1.3894099022625548,1.166003826116396,57,LFP,0,fast,0,0.5088434041859969,97.76367936160165,0.447004343647712,Moderate,3.8772617902302975,33.95,66.81374352608087,300,91.43910669244092,41
1.3701293117567168,1.8389739103963805,17,LFP,0,fast,0,0.4681683426577818,88.45308600797719,0.4081314433791985,Moderate,3.9060517423196,33.47,64.06542855795823,243,100.0,12
0.6372302560966323,2.488278722442335,4,NMC,1,fast,0,0.744225873469468,85.81616939782296,0.5337212456334255,Warning,3.8423111928369873,36.75,82.7179644236127,74,97.47989223777546,2
1.8161912939455704,1.8236783796987568,48,LFP,0,normal,1,0.9897238420055842,102.71316472220806,0.6858164708692895,Warning,3.747142710054188,25.87,99.3056650003773,300,95.51872215996904,13
0.8984000638830592,1.6155668347400498,52,NMC,1,overnight,2,0.8406771267991507,110.47301919689592,0.631314975543078,Warning,3.768884679906421,23.93,89.23494099994261,300,76.8177753761925,22
0.6942723819242063,1.961301020478492,47,NMC,1,fast,0,0.4265933094725871,83.98389535575487,0.3789980022465641,Moderate,3.925383881920344,34.24,61.25630469409372,300,96.18101217875777,27
1.8331221198034653,1.4304112245674363,25,NMC,1,overnight,2,0.9462882828353228,93.88781529034566,0.6466513464565044,Warning,3.775652298710478,16.07,96.3708299213056,300,73.69611966715532,12
1.93347724734463,0.6202846852015704,59,LFP,0,normal,1,0.9894165418861312,105.78023985005063,0.6921113610810186,Warning,3.741085384828366,26.29,99.28490147879263,300,81.56068959469665,39
1.793191425898176,1.6245936317558196,21,NMC,1,normal,1,0.7128701292207336,86.65708154187072,0.520593182617777,Warning,3.848468304611076,24.46,80.59933305545496,300,90.27821655966923,17
1.714274112087317,2.4152505690107606,37,LFP,0,fast,0,0.4149208783420079,83.00784477786532,0.3714038912459709,Moderate,3.9302540908587673,35.07,60.46762691500054,300,100.0,12
1.4828629709585326,0.8506058847153193,38,NMC,1,fast,0,0.9427288255229198,102.25382157295444,0.6625292174265912,Warning,3.7598101504733616,32.62,96.13032604884592,300,89.4224737619157,18
1.3262860559137089,1.880009781641332,49,LFP,0,overnight,2,0.6069335999042902,90.7937045935466,0.4789602396009856,Warning,3.8666791908368334,24.78,73.44145945299258,300,87.86124182840604,22
0.6304801398671152,0.901867377318113,1,NMC,1,fast,0,0.3302737018603153,72.75802074199721,0.309671851941844,Moderate,3.971915533050927,34.82,54.74822309866995,61,78.51993633668692,1
1.112679819606048,1.5716553689461623,25,LFP,0,overnight,2,0.3097763916236628,80.27206407200634,0.3157151205724531,Moderate,3.962011773950072,21.47,53.36326970430154,300,86.77998908780857,8
1.059032775518471,0.6933528992934392,51,NMC,1,fast,0,0.9740542206643716,101.21024804335896,0.6752172757066304,Warning,3.7540659487471895,36.31,98.24690680164672,300,82.28487194100694,12
0.8896306756404893,1.4007418725163705,36,LFP,0,overnight,2,0.6626991750336492,87.6265541651603,0.4987978718878199,Warning,3.8590720979112674,24.89,77.20940371848981,300,91.70819394814222,26
1.5851301705328775,2.012326657790492,17,NMC,1,overnight,2,0.5439786724625983,86.02024378826829,0.4390323813750976,Moderate,3.891964844307814,21.94,69.18774813936476,236,77.76136236082604,8
1.243813602618156,1.1951430484779642,41,NMC,1,overnight,2,1.0,113.08810256530798,0.7124850153871467,Critical,3.723823794869384,19.69,100.0,300,90.23671428122279,20
0.6215693238614719,1.829823448974436,24,LFP,0,overnight,2,1.0,104.275161631735,0.6939778394266435,Warning,3.74144967673653,16.68,100.0,274,86.79818752780338,18
0.830274802924717,2.0908999215794584,2,LFP,0,normal,1,0.2906919697698141,71.14170227897974,0.2874762604265191,Safe,3.9850436029995873,25.94,52.07378174120365,54,87.31393860719271,1
1.524888145489394,2.3543556389589053,40,NMC,1,overnight,2,0.4630482897895327,81.16758017009664,0.3903998560072309,Moderate,3.921902767212424,20.15,63.71947903983329,300,94.7885025266819,11
0.6141962892354502,0.9692841637109072,15,NMC,1,fast,0,0.8962206442414242,94.71118550235182,0.6245982955696153,Warning,3.78652246793494,35.21,92.9878813676638,194,91.28494874355759,8
1.776810371073153,1.2986318316186165,32,LFP,0,normal,1,0.8228525267714424,100.78925899682534,0.6025123941097684,Warning,3.7927083503134886,26.96,88.03057613320557,300,84.5380527727046,15
1.2427197905209617,0.8048320266608349,39,NMC,1,normal,1,0.631019719227229,84.01705755452095,0.4761701874974278,Warning,3.874210955084151,30.06,75.06889994778575,300,71.75371834588412,26
1.220879865989972,2.4849670043167507,59,LFP,0,overnight,2,0.4399929555278065,84.19864846424072,0.3858138156506136,Moderate,3.921604464189567,20.16,62.16168618431125,300,90.96043486143198,37
1.3886116769892765,2.354001935848591,6,NMC,1,normal,1,0.3276541642525731,68.99926244656933,0.3005341791577678,Moderate,3.980087934043718,27.83,54.57122731436304,148,100.0,4
1.7370214488877238,1.5799142605611192,1,LFP,0,overnight,2,0.6700250811089326,81.3610679666659,0.4891201562567414,Warning,3.869771593789435,25.55,77.70439737222517,83,88.55746627674807,1
1.0217138118532896,2.1840665887528425,47,NMC,1,fast,0,0.8037635003988436,94.97118748374766,0.5812271564053207,Warning,3.809116749932794,35.68,86.74077705397592,300,96.39813073335155,32
1.5170242288385951,1.5419159545440844,23,NMC,1,overnight,2,0.4553194238898649,75.31172010494818,0.374431338568077,Moderate,3.9355467038176375,21.82,63.19725837093682,300,90.37073869989803,5
1.3485979459936863,1.7471713760055194,58,NMC,1,normal,1,0.8066480090546999,97.23246028266873,0.5873459708945867,Warning,3.803873077170988,26.19,86.93567628747972,300,91.76324296421667,17
0.900542405254132,0.6782488642320332,39,NMC,1,fast,0,0.9586934319146252,95.71643197728876,0.6563838873117533,Warning,3.7688937780667664,33.73,97.2090156699071,300,85.22918442201204,16
1.817944979532737,2.010540840993616,57,NMC,1,overnight,2,0.8657309518168378,108.07790921109842,0.6381858114563046,Warning,3.767411443623594,19.45,90.9277670146512,300,85.27723495003215,14
1.6961390324103922,0.7554269672704697,17,NMC,1,fast,0,0.3827412157738571,79.70388680331072,0.3491802397795346,Moderate,3.944906922449914,33.92,58.29332539012548,266,79.47735126397421,6
1.4876777519876383,2.152135260505057,34,LFP,0,fast,0,0.7096238612260354,96.88653478716736,0.5405330571354182,Warning,3.828820965119157,36.51,80.37999062338076,300,88.77655400163546,24
1.7758725936413629,2.064056175340772,59,NMC,1,normal,1,0.588036995780024,95.97756857911008,0.4808704670116426,Warning,3.861035613896774,27.33,72.16466187702865,300,90.50860297372144,45
1.8009413014397035,1.9174893954859529,41,NMC,1,fast,0,1.0,108.27663298393584,0.7023809292662654,Critical,3.733446734032128,32.3,100.0,300,97.50185422385017,16
1.5625444650725522,0.5723207610495242,29,NMC,1,normal,1,0.7023166437896697,84.80380432131136,0.511688394874847,Warning,3.85481323040996,33.3,79.88625971551822,300,78.8527411254173,10
1.755519992545508,1.1062567118906572,9,NMC,1,fast,0,0.9034009274508596,97.55659812727822,0.6339842966064426,Warning,3.779036571882729,35.64,93.4730356385716,187,88.61026135155159,3
1.5462071925039256,1.0262251398216855,13,LFP,0,overnight,2,0.8419611216264625,96.3626167703132,0.6022930279902274,Warning,3.796784486052758,17.78,89.32169740719341,210,82.20824818148324,5
1.520211157640451,1.2202728149430382,6,NMC,1,fast,0,0.8700782570166465,95.84159211276494,0.6145545155197135,Warning,3.790797251520309,34.12,91.22150385247612,140,88.62689310842354,1
1.4279170673227766,0.6752854935276771,6,NMC,1,overnight,2,0.4150509982818827,78.77489319344518,0.3625764998901291,Moderate,3.9386874640426393,22.33,60.47641880282991,154,77.77042874408079,5
1.629074959336462,2.373915646062126,20,LFP,0,overnight,2,0.5936899290204756,83.19370454193346,0.4567094958227862,Warning,3.885190108661014,27.11,72.54661682570782,278,88.00504415043348,7
0.7379076579396106,1.6076044814247523,52,LFP,0,fast,0,0.8963577591808796,101.47663858698088,0.6388708766435776,Warning,3.772957283030818,32.78,92.99714589059997,300,88.35322089373764,24
1.8213061387983929,1.111048621316047,53,NMC,1,overnight,2,0.7393353129265733,93.58623444597951,0.5477153659766792,Warning,3.8279937028763977,24.93,82.3875211436874,300,89.70861874564345,11
1.807765291617848,1.2939630341485668,3,LFP,0,fast,0,0.471528078312433,82.26875861997402,0.3967402303003511,Moderate,3.917580463181944,37.8,64.29243772381304,123,89.85861624696614,2
0.5438709245518387,1.3944050810096713,17,NMC,1,fast,0,0.7809061069570645,91.24167457003368,0.5625379174016764,Warning,3.822290124120667,33.74,85.19635857818004,211,97.79774172007959,11
1.738725125847144,1.7011886667212346,49,NMC,1,overnight,2,0.596591806790534,87.9214508884677,0.4680161550912858,Warning,3.8750091465254313,21.17,72.74268964800906,300,81.48130851401761,38
0.6933048012101678,1.5313588553929955,12,NMC,1,overnight,2,0.9736742853982744,104.8577287318947,0.6826965159011593,Warning,3.7468659711866414,18.89,98.2212354998834,142,83.42832581460267,8
1.0026782813887127,2.3387839464288347,48,LFP,0,normal,1,0.8796899957287724,104.8866222903533,0.6381146547809088,Warning,3.7703042564871,27.39,91.8709456573495,300,92.66944727652901,19
1.6152623844374117,1.4939269658116603,47,NMC,1,overnight,2,0.7678158042467809,91.13840187603992,0.5561031509569048,Warning,3.825769245186225,21.89,84.31187866532304,300,86.34419308373937,16
0.7411398440724624,2.4843160296466253,45,LFP,0,normal,1,0.3602029733918532,78.26673708930606,0.335456560248673,Moderate,3.953415782473425,29.98,56.770471175125216,300,100.0,28
1.7269505361785933,2.202849915490192,55,NMC,1,overnight,2,0.5668283950412124,81.87288708776498,0.4411765505288823,Moderate,3.894547127064168,25.27,70.73164831359543,300,95.17582963340644,23
1.748201266936613,0.9170210287146716,1,LFP,0,fast,0,0.9387313710636588,94.24936592576762,0.64382106969935,Warning,3.77681842538255,33.5,95.86022777457154,80,88.62947100588686,1
1.2612016006412543,2.3611904292878325,17,NMC,1,overnight,2,0.5071011793251603,77.25022059889334,0.4030985234371271,Moderate,3.918724263970923,16.1,66.6960256300784,237,89.09603935026668,3
0.5095788075752503,0.7327327957709522,3,NMC,1,fast,0,0.4585942049660347,74.9385053607696,0.3752031086164826,Moderate,3.935474438036952,34.96,63.41852736256991,43,81.35468611939115,1
0.9305571997623692,2.134899416982383,26,LFP,0,fast,0,0.908008321234536,100.6964275304077,0.6427664504002607,Warning,3.771605064630551,35.59,93.78434602936052,267,87.85302913344398,14
1.4253903775636134,1.2612465869531602,15,NMC,1,fast,0,0.3059061757348877,66.12060392942132,0.2841587017258564,Safe,3.991282248207436,35.5,53.101768630735656,220,91.05472054535443,8
1.9717792670411352,2.2559486408901392,36,NMC,1,normal,1,0.4290712918529925,87.25148136939637,0.3870369745059038,Moderate,3.918229214297959,27.02,61.423735936013,300,94.43040687010219,23
1.4477202905250026,2.236113380214901,32,NMC,1,overnight,2,0.9209905149740768,99.30350618492464,0.6460078576010282,Warning,3.771145358886632,22.37,94.66152128203224,300,90.70656011433636,9
0.8897053715962397,2.111850800235242,32,LFP,0,fast,0,0.7479589807124629,93.90767084355382,0.552486624609883,Warning,3.825194913134777,38.03,82.97020139949075,300,96.6794209750807,16
1.451008554649417,2.0800608726141228,4,NMC,1,fast,0,0.3546743645618812,71.51595240484492,0.318653823217068,Moderate,3.96829950404984,35.76,56.39691652445143,90,95.99621091942228,1
1.3099780695737833,1.1093582781960816,18,LFP,0,normal,1,0.7409632900194354,98.1956792536291,0.5581684891918529,Warning,3.818367818987883,26.88,82.49751959590779,233,80.85240212447123,5
1.6697680927267151,0.6618385661025044,49,NMC,1,overnight,2,0.8298420870763529,94.0605835325208,0.5917022167795613,Warning,3.804418311165872,20.5,88.5028437213752,300,71.72821646820852,22
0.6604709582404376,1.305960357530323,19,NMC,1,overnight,2,0.5014305528046966,79.20783398568612,0.4045159639521718,Moderate,3.9162266938274537,21.49,66.31287518950653,210,82.50254797892407,6
1.641541853753042,0.8470490299730173,43,NMC,1,normal,1,0.8710320458807865,106.32205649913053,0.6370165404415478,Warning,3.769597875531544,32.91,91.28594904599908,300,84.84628589439494,14
1.3118998680141654,1.889902177804924,52,NMC,1,normal,1,0.8035123802516043,103.3826068884097,0.5987718550851725,Warning,3.79235669116028,27.45,86.72380947645975,300,86.27118220611834,20
1.944488005788492,1.192199453075571,35,LFP,0,overnight,2,0.6714248541357385,96.4160810642392,0.521400575949378,Warning,3.8393116243375873,21.94,77.79897663079313,300,78.38831668481876,12
1.012808249058029,2.45122040171983,40,NMC,1,normal,1,0.5890115501096878,85.2885424056741,0.4588864253540172,Warning,3.88217002766123,26.55,72.23051014254648,300,94.26409526087396,10
1.4489328397009222,1.781944154690664,14,NMC,1,overnight,2,0.8231551483649941,93.563313810851,0.5874816544761592,Warning,3.8070845852870496,25.3,88.05102353817529,228,87.99350808379056,4
1.8980421582650264,2.144961127268722,58,NMC,1,overnight,2,0.947315712099258,111.36964829886644,0.6838512246747671,Warning,3.740431775377453,27.88,96.44025081751744,300,92.24868392475838,18
0.6537645919860189,0.7650493454836969,33,LFP,0,fast,0,0.3162530232425027,84.66063983691379,0.3280075296977077,Moderate,3.951615464515547,35.9,53.80087994881775,300,86.39909945311895,8
1.9058427308546768,2.224028964545245,14,NMC,1,fast,0,0.8835643854758787,94.95144339520895,0.6190911142309812,Warning,3.789206016840613,35.17,92.13272874837016,243,89.0634545669334,8
1.53182858345122,2.3455143810267884,34,NMC,1,overnight,2,0.972196358581044,106.1341903420485,0.6846750700442978,Warning,3.744682529670642,22.11,98.12137557980029,300,84.6349578185673,13
0.6017555886577579,1.4741238376378718,55,LFP,0,overnight,2,0.4737851821228243,84.33968640490426,0.4021613029586404,Moderate,3.9128743316594856,15.0,64.44494473802867,300,80.70908537264661,20
0.9514453504202244,1.7125058755019549,4,NMC,1,overnight,2,0.528075787460264,80.76239399787904,0.4204370264391714,Moderate,3.906456265139176,24.24,68.11322888245027,92,83.73162951588061,2
1.5622581329679224,2.029619601805991,24,LFP,0,overnight,2,0.8646987922780798,93.88565622836283,0.6078918044116499,Warning,3.7960539894737546,22.4,90.85802650527566,300,93.41740754692896,14
0.6010259022031575,0.8496772545208251,59,LFP,0,overnight,2,1.0,112.97518854606366,0.7122478959467337,Critical,3.724049622907873,23.29,100.0,300,83.490777308151,43
1.37325569026441,1.5051321529268848,29,LFP,0,overnight,2,0.5930756024564664,85.92154657924625,0.4621461589832387,Warning,3.8798880062273913,19.87,72.50510827408557,300,83.6550574113834,19
1.018824585429435,1.2973260555446262,19,NMC,1,normal,1,0.3206585849524667,73.77415568026683,0.307238554780982,Moderate,3.9722870424013497,26.85,54.09855303732883,244,78.53838597407537,12
1.4313732766512155,0.7927479843244982,6,NMC,1,overnight,2,0.7538352504784352,85.1361459862262,0.5368576505483318,Warning,3.8412688954079393,20.77,83.36724665394833,132,81.08544742438028,3
0.5686130507187692,1.2350688445830629,57,LFP,0,normal,1,0.4843791575370785,86.90255237108805,0.4125754598093972,Moderate,3.9051001058735535,31.06,65.16075388764044,300,86.37520175658227,35
1.8073052092285644,0.6363446187709871,33,LFP,0,normal,1,1.0,108.9993006366245,0.7038985313369115,Critical,3.732001398726751,26.86,100.0,300,69.85876632507427,18
1.960233453766096,0.551623813898974,49,LFP,0,overnight,2,0.640828661696154,91.44945829860384,0.4964374767327413,Warning,3.856893917978754,28.25,75.73166633082121,300,70.14863989866382,16
1.9533167829285367,0.7703325783096455,40,NMC,1,overnight,2,0.5546650887618136,85.23857332133919,0.4424669211366737,Moderate,3.8908565811668687,23.29,69.90980329471714,300,84.43305973163967,13
1.624477747614387,2.426230223178348,19,LFP,0,normal,1,0.3797318576150231,72.11544072911305,0.3318150578982733,Moderate,3.9608361541380175,24.17,58.089990379393456,249,100.0,7
0.695129360195948,1.599059071790034,53,LFP,0,normal,1,0.7034320439176328,95.73710152782226,0.5351781340693023,Warning,3.832667785964948,27.61,79.96162458902924,300,74.70987500741913,40
1.6373947938935338,2.43164432230644,1,NMC,1,overnight,2,0.8031440262808527,89.22884148827379,0.56887397960878,Warning,3.82075631045324,20.04,86.6989206946522,69,85.047488746775,1
0.5368803746882023,1.364995756660264,5,LFP,0,overnight,2,0.5643576474661054,76.75735305233641,0.4292603239563065,Moderate,3.905395882028801,15.42,70.56470590987199,110,84.56423504471091,3
0.5331853272934959,1.1236322661705191,27,NMC,1,normal,1,0.7698038742649556,95.4890641729088,0.5661838750389624,Warning,3.816570903087944,32.8,84.4462077206051,292,85.04385971973994,11
0.985415328724312,1.5122837256804882,16,LFP,0,normal,1,0.7778619740137125,90.0962201540846,0.5586864999800911,Warning,3.825342066188403,30.11,84.99067391984545,208,91.18708368426535,7
1.2329647856069983,1.3790233772658202,6,LFP,0,normal,1,0.3871923296613545,67.05062455709151,0.3247226681590355,Moderate,3.969100668470479,29.6,58.594076328469896,111,85.7804700421677,2
1.6556111267116898,0.7113293685234878,40,LFP,0,fast,0,0.4984461241759321,92.3894034858492,0.430779656303851,Moderate,3.890609661984319,35.33,66.1112246064819,300,85.55075613559089,12
1.5249430649097575,1.7816526293804125,13,LFP,0,normal,1,0.7004029863640392,90.83530767462084,0.5234455646396224,Warning,3.843228638059749,23.85,79.75695853811075,184,87.27069402713128,9
1.1688540595651224,0.9320763650191992,48,NMC,1,fast,0,0.8751673341439298,103.58811668781952,0.6332395287627876,Warning,3.774031933088379,34.03,91.5653604151304,300,81.64772236640717,26
0.9104399994224988,1.7391759097956592,35,LFP,0,overnight,2,0.8753774584369518,100.49960982145646,0.6268534733826107,Warning,3.780156415747849,24.53,91.57955800249674,300,92.45047824753064,14
1.9956867502365667,1.8004021847963068,19,NMC,1,overnight,2,0.9543616129315132,100.00254083335894,0.6633271018925225,Warning,3.761404515100404,18.85,96.9163251980752,277,85.93929492809129,13
1.1392719533539597,0.8040497062572962,12,NMC,1,normal,1,0.9683169522877428,100.42341789834528,0.670839729923203,Warning,3.757073926131374,20.4,97.8592535329556,188,79.0024406437908,4
1.1770805364945132,0.6226992542213363,16,NMC,1,overnight,2,0.320892542147315,74.77458110911766,0.3094505778491217,Moderate,3.970227702244936,21.32,54.11436095589966,202,75.1742321670172,13
0.7454357317875038,2.06152317213688,59,LFP,0,overnight,2,0.4019405244480363,85.61364282825238,0.3707103990521473,Moderate,3.9282875832314863,21.57,59.590575976218666,300,86.46844725361973,24
1.692214323124894,1.4196008475386404,43,LFP,0,overnight,2,0.673524828565922,90.87761371220904,0.5107672823644519,Warning,3.849863565434101,22.41,77.94086679499473,300,90.94295503217236,17
1.540523338672233,0.6163275910109516,10,NMC,1,overnight,2,0.5856336793656258,78.11302399814494,0.4422133480947766,Moderate,3.897365532162304,24.19,72.00227563281256,169,77.53311718389784,4
0.8311544191831406,2.4897326343395343,25,NMC,1,fast,0,0.9413800876308906,106.8629371637174,0.6715677096684797,Warning,3.750929103764842,36.28,96.03919511019532,262,98.76208312153459,7
0.623571568423764,0.6155611219927333,20,LFP,0,fast,0,0.6318515731887078,92.65929111681594,0.4947140086099496,Warning,3.856718524469192,35.52,75.12510629653431,256,87.80725857152092,5
1.5207489531120697,1.8900704577171064,31,LFP,0,normal,1,0.5910216958731944,98.77540365999768,0.4881636532257625,Warning,3.854693768711706,31.59,72.36633080224286,300,85.59158570777629,18
1.4817668214217028,2.4673578505268274,4,NMC,1,normal,1,0.9063203071652902,87.78445835228317,0.6148495084433075,Warning,3.797851006504111,23.44,93.67029102468176,106,100.0,3
0.909889290497314,0.9783602084318512,44,LFP,0,normal,1,0.758506431232955,103.72301212805466,0.5781088803045684,Warning,3.802927367935652,29.51,83.68286697519966,300,81.14285329600136,30
1.926295343375616,0.7844987373743924,23,LFP,0,overnight,2,0.7527948781968636,100.69510685231558,0.5690372915333729,Warning,3.810411066746153,23.88,83.29695122951782,300,70.94491633682703,7
0.7265868376713503,0.7427698788448578,2,NMC,1,overnight,2,0.3132558781315928,64.8984959924849,0.2850833836967248,Safe,3.991889038482132,18.28,53.59837014402654,77,83.59740553073641,1
1.1485022015639028,1.106550295135191,56,NMC,1,fast,0,0.5972227576156354,90.07744401050168,0.4728434422894803,Warning,3.870539422575088,31.99,72.7853214605159,300,82.24466488598796,15
1.9154238802513983,0.7020916220212934,22,NMC,1,fast,0,1.0,108.39680973935089,0.7026333004526368,Critical,3.7332063805212985,33.51,100.0,294,82.49213906949107,5
1.1295909753891835,1.884322683388264,51,NMC,1,normal,1,0.7169923229021853,102.09709669769867,0.5549752564437052,Warning,3.816557725879056,26.02,80.87785965555307,300,92.94168054107996,30
1.4577889214961284,0.6245835962601254,57,LFP,0,fast,0,0.9350014372371606,112.76743165137408,0.6809372891555368,Warning,3.740714777387962,36.51,95.60820521872706,300,87.92169860090198,30
1.0963915969441915,1.5188442562995794,37,LFP,0,fast,0,1.0,102.01658564939432,0.6892348298637281,Warning,3.745966828701212,33.77,100.0,300,91.07231538160362,9
0.911322803523005,2.4933937077059536,8,NMC,1,fast,0,0.3873685987438207,81.72900967789836,0.3556310047269014,Moderate,3.939699830958248,33.29,58.60598640160951,119,95.84236003540934,2
1.9759664719397425,2.1279405390120374,7,NMC,1,fast,0,0.7932790246166894,91.60440980071616,0.5691767972744315,Warning,3.8184714242443953,33.78,86.03236652815468,170,96.76436800679033,6
1.1140010094725643,1.7304388764620218,14,LFP,0,fast,0,0.7739935289205588,88.39483914298557,0.5532760884375352,Warning,3.8297119394838894,37.24,84.72929249463235,174,91.32781103796161,3
1.8411488055187013,1.1125072415732231,56,LFP,0,normal,1,0.7734554558985284,96.92398696896488,0.5709317141866272,Warning,3.8127881620874384,28.04,84.69293620936003,300,83.89013079755485,26
0.8449319088366293,1.747791672583277,55,NMC,1,normal,1,0.6283514268782683,101.95862080347074,0.5125800314544661,Warning,3.838994901673491,27.46,74.88860992420732,300,96.84866445461707,28
0.819657056037625,1.5540829278233033,3,LFP,0,fast,0,0.742231599615359,89.77795831044301,0.5410937222692258,Warning,3.8348861834752745,34.78,82.58321619022696,65,94.210455236452,1
0.546701124326767,1.352166767780743,50,NMC,1,normal,1,0.6146811099512945,93.4859813715368,0.4882940881070921,Warning,3.859357759769103,31.88,73.96493986157395,300,87.99489986829911,15
1.4775002380638276,0.761420753480399,16,NMC,1,overnight,2,0.5784243746581126,83.16245726185254,0.4493927382124938,Moderate,3.889068991811767,19.75,71.51516044987247,232,78.6816616978357,7
1.0527895155856417,2.273208430480933,55,LFP,0,fast,0,0.8209577256085908,108.69800811219662,0.6182207366996935,Warning,3.7773645523734594,37.63,87.90254902760748,300,100.0,36
1.7965373747594555,1.399569297642645,19,LFP,0,overnight,2,0.7243841998511723,90.12667661133952,0.5333485158131198,Warning,3.838650596814528,22.63,81.37731080075488,290,77.42132246158283,10
1.2098148600373355,0.8892450236415301,51,LFP,0,normal,1,0.3683264143622972,90.74899159207366,0.3655279291654459,Moderate,3.9264204132252782,27.52,57.31935232177683,300,80.3610637924938,30
1.9522901418720824,1.2355187017545792,18,LFP,0,normal,1,0.6013175329752664,86.1670236285533,0.4665765777832134,Warning,3.877336569499077,35.5,73.06199547130178,270,100.0,14
0.7782882735546817,1.328259505057854,52,LFP,0,overnight,2,0.359660813592763,82.13416644137361,0.343320635983447,Moderate,3.945816463719062,18.83,56.733838756267765,300,86.26169997573787,34
1.802934751933416,2.155075791133749,16,NMC,1,normal,1,0.4485662622960152,76.6401967850441,0.3740133878391999,Moderate,3.934578040855908,26.94,62.74096366864968,268,90.00358011553149,7
1.6648952791876126,1.967228761122804,8,NMC,1,fast,0,0.4812736213381187,75.64066811246214,0.3874503731717768,Moderate,3.928400258440546,32.54,64.9509203606837,160,90.42624813063993,4
1.656382766966078,2.03860978728268,33,NMC,1,overnight,2,0.5121245468066792,91.59414070264378,0.4356068552087246,Moderate,3.8887805818930414,24.86,67.03544235180264,300,87.1334692569488,19
1.7671748421753315,0.5220625288572944,49,LFP,0,fast,0,0.7501350012953049,95.8008058513872,0.5574958179031829,Warning,3.8208646379734,38.38,83.11722981725032,300,86.24222503988324,29
1.6415359864144985,1.332307996359523,12,NMC,1,overnight,2,0.7929556875070033,85.00319042720226,0.5551606514629513,Warning,3.831754697268845,27.01,86.01051942614887,238,92.36628456917632,6
1.4393304824471231,1.4626883032706472,53,LFP,0,normal,1,0.6467156551234872,101.29361859911852,0.5199065352418054,Warning,3.835733849020891,31.67,76.12943615699237,300,90.87271825510678,31
0.6968673165235814,0.5383845536461134,11,NMC,1,overnight,2,0.7760912727429314,90.87836832059816,0.5594879280261486,Warning,3.8242204451730712,21.41,84.87103194208996,146,74.37465728580523,2
0.5487892692368779,1.0196264174900684,5,NMC,1,overnight,2,0.7960098811508568,90.45329291670984,0.5680566086717477,Warning,3.820090943878866,20.9,86.21688386154437,97,75.92548738673682,2
1.8812717717235303,2.0205796462442702,27,LFP,0,fast,0,1.0,109.7370816644682,0.7054478714953832,Critical,3.730525836671064,31.66,100.0,300,95.18266219036033,10
1.424975471781107,0.7742194114579981,12,LFP,0,normal,1,0.6686946397647653,90.12356993870986,0.5068894507595543,Warning,3.852579200181389,34.11,77.61450268680846,182,78.19658551409893,3
1.6948059364642645,1.5706202629051833,17,NMC,1,fast,0,0.6145085827858686,79.87347061062545,0.459625865105601,Warning,3.886625913082282,35.94,73.9532826206668,245,81.49737489299564,4
1.222283527268825,0.930403744034475,6,NMC,1,normal,1,0.7262701455549273,91.45748185420211,0.5370390310324149,Warning,3.835517499902864,26.52,81.50473956452211,120,88.248165890907,3
0.6759622834435917,0.5242415492877865,33,LFP,0,fast,0,0.3345360210350463,80.81562079607127,0.3286174136633966,Moderate,3.954734753149096,37.66,55.03621763750313,300,76.54335214106732,17
0.6877786883038257,0.982402915199083,5,LFP,0,overnight,2,0.5353429439453405,80.5035842198563,0.423345425235735,Moderate,3.905157095573952,19.08,68.60425296927977,75,75.23986728364423,2
1.528347930843457,2.451747509820108,57,LFP,0,fast,0,1.0,103.9490810899508,0.6932930702888968,Warning,3.7421018378200985,35.81,100.0,300,100.0,28
1.145458842349194,2.1030742237659794,28,NMC,1,normal,1,0.8787417881638657,101.77037783905443,0.6311201428398505,Warning,3.7767737972809248,27.48,91.80687757863956,300,99.44307658439006,14
0.8007870900505051,2.419153288642067,14,NMC,1,normal,1,0.3728957081404033,78.9810913389277,0.3429857531784397,Moderate,3.948813890287044,29.92,57.62808838786509,200,97.93718614851379,4
1.2373918201121552,1.475708087852725,5,NMC,1,overnight,2,0.3749341928256792,74.26191637964482,0.3340437659894518,Moderate,3.9577426190342906,21.81,57.76582383957292,134,77.19352594022311,3
0.5963134056127011,0.719472397355007,54,LFP,0,normal,1,0.6288557270232895,103.48838874576435,0.5160320867021677,Warning,3.835809290752649,23.65,74.92268425833038,300,75.01299172509232,36
1.372957102871598,1.595918977947386,56,NMC,1,fast,0,1.0,114.42895816836796,0.7153008121535727,Critical,3.721142083663264,35.15,100.0,300,87.64176275434846,38
0.9034901066526464,1.4087546691199218,59,LFP,0,overnight,2,0.5519103724584125,88.55512319599127,0.4481231856293276,Moderate,3.884912160493416,25.15,69.7236738147576,300,83.97149155384263,33
1.6963386509557823,2.188714165479232,33,LFP,0,normal,1,0.6946538744812105,90.69583101693324,0.5204218355141348,Warning,3.8449448693458312,27.91,79.36850503251422,300,99.50206401114049,17
0.9655429383853606,0.6961651615684892,50,NMC,1,normal,1,0.8049018631963877,93.967337097217,0.5796597929224399,Warning,3.810839860006469,30.33,86.81769345921538,300,66.93970863533548,12
1.1828302236227015,1.4764822740435564,48,NMC,1,fast,0,0.8769704011503351,109.59919438859016,0.6467192487624485,Warning,3.761559010935237,32.91,91.68718926691452,300,86.6628735902981,18
0.517430809862151,0.8000973293879685,41,LFP,0,fast,0,0.8815671662975003,93.34298652103668,0.6147646756854896,Warning,3.792922235383552,34.95,91.99778150658788,300,80.5557251119446,10
0.6086703316918383,1.14935185378012,19,NMC,1,overnight,2,0.5180046042473592,81.60834527306976,0.4174297120909421,Moderate,3.9072821583920208,20.13,67.43274353022697,199,72.774711813323,15
1.0887403346100273,1.9747141547755995,22,LFP,0,normal,1,0.612335772984506,90.77688028611036,0.4814909407684721,Warning,3.8653622961816527,30.24,73.80647114760175,267,95.29459526650409,6
1.2199082520756852,1.452036258737533,5,NMC,1,fast,0,0.7262107018468413,92.99148455142624,0.5402322009352447,Warning,3.832464355435437,35.06,81.50072309775955,114,82.47548322799508,1
1.4000308221789557,1.2517765702915389,59,NMC,1,overnight,2,0.5144946774699846,90.5912262307386,0.4346265468827938,Moderate,3.8901938781710266,24.07,67.1955863155395,300,75.55329430643376,43
0.9374938680639548,1.2889525571400706,2,NMC,1,normal,1,0.7359891022036633,96.93885957008018,0.5531664286439084,Warning,3.822125005308924,31.26,82.16142582457184,61,90.27487164150378,2
1.5424728291898138,1.4188935368119733,30,LFP,0,normal,1,0.7488379842246677,93.21947605432813,0.5514589422208062,Warning,3.826351551835177,30.07,83.02959352869377,300,94.22679221293306,20
1.7901835957838068,2.0700330876741138,47,NMC,1,overnight,2,0.374760906211585,85.37678437601777,0.3573026776401401,Moderate,3.935556204695069,22.82,57.75411528456655,300,89.22984703368134,10
1.6697764833400246,2.2841693778804686,39,LFP,0,overnight,2,0.9200133654897013,96.63232993497974,0.6399342414710655,Warning,3.776731998757616,19.01,94.59549766822306,300,83.75971318385835,8
0.5594282380225357,2.410669373007857,4,LFP,0,fast,0,0.8846779407636378,92.0393093584055,0.6135045715153795,Warning,3.79475189609228,34.99,92.20796897051608,41,95.57392327118733,2
1.2207604208867435,2.07380677251059,33,NMC,1,normal,1,0.7725424842068964,95.81943048669332,0.5681784840203318,Warning,3.8152255179748895,26.4,84.63124893289842,300,96.47807746133114,9
0.6573952676272623,1.1308137914960257,13,NMC,1,normal,1,0.7240520853238687,82.16876141023161,0.516479139490324,Warning,3.8546494558485698,26.97,81.35487062999113,157,82.87532911827722,3
0.8630675237937913,1.8762694121730843,20,LFP,0,normal,1,0.7839875132941247,89.75877092848961,0.5608874877645375,Warning,3.82448557981949,26.88,85.40456170906248,277,89.19750023732124,10
1.97999388990072,1.3752062481107838,54,LFP,0,overnight,2,0.8170012847596163,105.193788525896,0.6089825661651994,Warning,3.785362101758304,19.06,87.63522194321732,300,82.34731103067358,41
0.7137433143522698,1.0093412440921024,7,LFP,0,fast,0,0.9472283225101066,100.86054804819112,0.661740604093502,Warning,3.761471823276092,31.09,96.43434611554774,103,82.95011272329383,3
1.248332230177034,2.181743158851845,15,LFP,0,normal,1,0.2686745772907019,75.53721449327946,0.2862485746489702,Safe,3.9817569266907658,26.0,50.58612008720959,198,100.0,9
1.4272336014771787,0.57685269792465,23,NMC,1,overnight,2,0.6733513264673479,93.12922666700648,0.5154132560727038,Warning,3.8454037150491502,22.58,77.9291436802262,300,70.81281065577849,14
1.553697455816156,2.303523984270848,14,NMC,1,normal,1,0.6769482474564112,87.28086665021394,0.5048402375072447,Warning,3.8562012048354695,23.96,78.17217888218994,239,88.19544425853242,5
1.339473025230371,1.4229549292494683,23,NMC,1,fast,0,0.7352994684005212,91.8769858836043,0.5422089178458166,Warning,3.832421161132661,35.03,82.11482894598116,300,82.3272817021514,14
0.5146562711287754,1.7744029536165609,19,LFP,0,normal,1,0.5411518996401907,84.48543990255878,0.434466576124464,Moderate,3.895741145284835,33.7,68.99674997568856,203,89.39409135753715,6
0.989691962365988,1.8187078444115647,54,LFP,0,fast,0,0.5142019278042654,86.78396575202139,0.426492243786271,Moderate,3.897881586544891,37.05,67.17580593272064,300,88.75220107078489,15
1.276567465077067,2.290235481413073,29,NMC,1,fast,0,0.4766451446233045,88.20675842000443,0.4116406363780789,Moderate,3.904425197004165,38.29,64.63818544752057,300,100.0,18
0.63179974871725,1.7733393643344146,56,NMC,1,normal,1,0.7282226152720841,96.7508769214918,0.5490825837893728,Warning,3.824442592338996,29.17,81.63666319405974,300,89.92313047096985,15
1.025940396813771,1.7278671695201235,20,LFP,0,normal,1,0.8240077605682441,97.0927712514546,0.5952985058979706,Warning,3.79981251735503,31.5,88.1086324708273,245,85.13329419486136,16
0.5498046631870499,0.6333040811213799,29,LFP,0,fast,0,0.6605632846489665,89.25008705466199,0.5011927430230493,Warning,3.856359004728435,33.55,77.06508680060585,300,83.55373760635368,9
0.6178677457325311,1.5368160438904082,24,LFP,0,overnight,2,0.3461878170190714,84.28925009417723,0.3414466382818311,Moderate,3.944874545556878,20.07,55.82350114993726,264,90.48722477455345,13
1.0953849143023942,0.8003380016340833,18,LFP,0,fast,0,0.7048624056860616,84.8002710467412,0.5128902118990358,Warning,3.8541838564850015,29.52,80.05827065446363,248,82.05257175969595,8
0.6990736310645905,1.9748675374429712,10,LFP,0,normal,1,0.769954657241278,93.91344748025196,0.5629467018981361,Warning,3.819684440729177,31.56,84.45639575954581,129,80.31118445965234,3
1.3513112723923373,1.524443841625349,41,LFP,0,normal,1,1.0,109.76833018326698,0.7055134933848607,Critical,3.730463339633466,32.62,100.0,300,98.99009326960402,9
1.5341974537058989,1.8604555584167064,57,NMC,1,overnight,2,0.7393258102756783,103.57181353151972,0.5686805682971385,Warning,3.808024920368041,20.34,82.38687907268097,300,90.00917292952236,33
1.7008800486636244,0.5833458012047685,8,NMC,1,fast,0,0.2774404639328336,63.49165275731261,0.2651166911584525,Safe,4.003656578502167,34.49,51.17840972519146,171,90.36054927798995,5
0.8002253663672152,0.6695840320916064,26,LFP,0,fast,0,0.6666131226119381,97.18185863416228,0.5207231363724114,Warning,3.8389830020786913,33.49,77.47385963594176,300,86.39445825166524,18
0.7512238733886046,1.9326467761253645,29,LFP,0,fast,0,0.8425255047281486,106.1817742372542,0.6231813406441045,Warning,3.777005075343456,35.77,89.35983140055058,300,100.0,14
0.6568517605016004,0.6441686719973467,10,LFP,0,normal,1,0.9219377090000656,100.29699775383811,0.6485441070580913,Warning,3.768921577242308,31.37,94.7255208783828,122,80.65302118797888,7
1.454645374315455,0.6425134555305172,17,NMC,1,fast,0,0.7306420603304554,98.28976235815338,0.5534634796090885,Warning,3.8207599602010793,31.51,81.80013921151726,270,78.36865449435601,10
1.5597135897303518,0.5242169504697749,2,LFP,0,overnight,2,0.7426088519471001,96.55749071765943,0.5555099351819573,Warning,3.8212328055779055,23.23,82.6087062126419,69,76.22457544335856,1
0.5473792172384631,2.41300279659896,6,NMC,1,normal,1,0.557706854366385,87.56857951470097,0.4488047728049049,Moderate,3.885436127379002,27.17,70.11532799772871,94,91.67110256475691,3
1.9043183693655348,1.975016718918014,58,LFP,0,normal,1,0.6267638914695441,90.42808564371391,0.4876118282998327,Warning,3.862452855845186,28.34,74.78134401821245,300,93.5895714436813,34
0.5779569254772086,1.2065028170041283,5,LFP,0,fast,0,0.6615134180765132,86.66432540250219,0.4962139569315983,Warning,3.861292994675868,35.92,77.1292850051698,28,74.39109688328773,3
1.3119445029516057,1.0930711625753105,28,NMC,1,overnight,2,0.8659791058566497,98.38072569574284,0.6179395992429686,Warning,3.786743772144352,21.44,90.94453417950336,300,79.36537285182517,12
1.5635907791763746,1.199406459491699,41,LFP,0,normal,1,0.9330402975546254,101.9819600695358,0.6573562574844721,Warning,3.762776005472272,27.69,95.47569578071791,300,90.06244519542766,28
1.8064536856191284,2.049307062362364,5,LFP,0,normal,1,0.4712612032989753,84.22666353437084,0.400725064989192,Moderate,3.913731372106515,27.36,64.27440562830914,144,92.14461351826846,3
1.5711303981986418,1.8227412221408288,18,NMC,1,fast,0,0.4954674213436617,87.65550522153524,0.4194235861034633,Moderate,3.900822134221014,36.94,65.90996090159877,253,100.0,5
1.7025921246046878,0.8703911357349359,26,NMC,1,fast,0,0.962365321289424,109.38352769360164,0.6868289357690398,Warning,3.740641614290441,35.84,97.45711630333946,300,82.80518441810634,6
1.0091752888142091,0.8482186706681687,20,LFP,0,overnight,2,0.7121070714781281,93.18259057106198,0.5339342991513409,Warning,3.835608050988344,22.66,80.54777509987352,255,82.32544127162083,8
1.7222376706197684,0.6967912994267946,41,LFP,0,fast,0,0.9511178514241352,100.39857068761133,0.6626179778704481,Warning,3.761423395768744,32.46,96.69715212325238,300,76.30656262590112,22
0.6201722695770127,1.8206054394026765,49,NMC,1,overnight,2,0.9765929550974248,116.21261798443504,0.7079281514385902,Critical,3.723426525256774,20.86,98.41844291198817,300,90.94583749180364,34
1.842224984090792,2.028745324443472,27,LFP,0,normal,1,0.6674378019748141,95.243471296689,0.5170442456610836,Warning,3.84265360691292,30.7,77.52958121451447,300,94.30042778557379,7
1.3213885642306042,1.030092856650008,49,NMC,1,overnight,2,0.6854837264272096,86.669940218049,0.5076116445108274,Warning,3.8552891879571,22.11,78.74890043427092,300,77.75717608728642,33
1.7259466549437406,0.5418899220618256,12,NMC,1,overnight,2,0.6836807012825332,91.6926282392606,0.5173028524116505,Warning,3.845694568200846,23.98,78.62707441098198,240,62.03948864529615,9
1.1784774267774505,0.6643433349528547,7,LFP,0,overnight,2,0.7414253471199257,92.84844543093192,0.5471587752869217,Warning,3.828946772358155,27.3,82.52873967026525,157,76.5215494705008,2
1.4653665427947875,2.4357200696900607,59,NMC,1,normal,1,0.4835191295918385,88.90257085689109,0.4163669853555946,Moderate,3.901315075888258,31.12,65.10264389134043,300,98.48446579329966,42
1.28960399140417,1.0908895549548403,3,NMC,1,fast,0,0.7874785220415615,90.24913153617396,0.563575474195707,Warning,3.822632106417262,35.19,85.64044067848388,84,90.14744272564799,2
1.5973842826329978,2.038446295676267,10,LFP,0,normal,1,0.3230660860478117,72.54504055805195,0.3058009760446196,Moderate,3.974143397371943,26.47,54.26122203025754,164,98.92421195225799,6
0.6224449730458843,1.7493271377085275,34,LFP,0,fast,0,0.7867462542831065,91.44142458233048,0.5657314624073696,Warning,3.8204305872645614,29.89,85.59096312723693,300,100.0,23
0.5905281259858457,1.2638792793057918,25,NMC,1,overnight,2,0.8173816860212436,93.20795862468852,0.5839930139719366,Warning,3.809238661245312,21.49,87.66092473116511,282,87.11512950867284,20
0.8706548510152197,0.9113745243911102,35,LFP,0,overnight,2,0.7126088802045244,98.96280172897018,0.5463111017279865,Warning,3.8239221764909286,21.02,80.58168109490029,300,74.31329361739013,20
0.7393170201697825,0.7427728363188129,16,NMC,1,overnight,2,0.9381226115573488,93.52948034506905,0.6420201492143855,Warning,3.778410386420525,23.17,95.81909537549654,212,74.98870791559943,6
1.8076753498883025,1.7300259360777333,2,LFP,0,overnight,2,0.8471324171272563,90.96248757536716,0.5934091220437178,Warning,3.806291920567452,21.54,89.67110926535516,132,89.26483671599574,1
0.8288209810370665,2.049267561275576,24,LFP,0,overnight,2,0.8057498174290227,95.51253040386416,0.5833074771269006,Warning,3.807537484835016,21.04,86.87498766412315,295,91.11074791199476,14
1.963797883728697,1.7878085070822614,10,NMC,1,fast,0,0.7999032307377036,94.96093404406884,0.5793719960929538,Warning,3.810102324227437,31.44,86.47994802281781,189,99.23981486777942,5
1.0053436876566604,1.5606042664983166,38,NMC,1,fast,0,0.8994048409187991,103.8578342461914,0.6453187513534315,Warning,3.7674331212779175,33.12,93.20302979181076,300,100.0,13
0.7731768735330489,0.5839024468632725,22,NMC,1,overnight,2,0.3811958626040181,76.15518991548942,0.3409939335594363,Moderate,3.952390654518017,23.43,58.18890963540663,258,86.38992544412385,14
1.6845477607137187,2.436977555188768,26,LFP,0,normal,1,0.7056252084153178,94.64429802844342,0.5339249998570071,Warning,3.834305101839284,33.15,80.10981137941337,300,100.0,6
1.4880616632513142,2.097428383309149,43,LFP,0,normal,1,0.8884121096146725,106.68251872164625,0.6460290413824266,Warning,3.7645319351530393,27.71,92.46027767666706,300,94.96879707780599,32
1.2472935746797085,1.0856440734019297,55,LFP,0,overnight,2,0.550090830515368,94.82326911334712,0.4604220096328286,Warning,3.872830754144464,22.98,69.60073179157892,300,86.59306604874851,22
1.3330453264064468,2.4599406587177013,39,LFP,0,fast,0,0.952108577626698,100.10907234409972,0.662480626295291,Warning,3.761754710905126,36.9,96.764093082885,300,100.0,11
1.5788026674083957,1.7037631792726442,27,LFP,0,normal,1,0.7002619760278217,93.6065927419904,0.5291982833713951,Warning,3.837721320509064,25.57,79.74743081269065,300,86.58612980645135,13
0.8426821119969481,1.664845316414493,29,NMC,1,normal,1,0.452803636235951,73.652855305697,0.3697527233540404,Moderate,3.939493380329618,29.1,63.027272718645335,300,86.03514830160113,7
1.994500874085113,1.996146358859064,47,NMC,1,normal,1,0.6094271930794086,84.70580479759334,0.4673601067876651,Warning,3.878231592134961,25.78,73.60994547833842,300,86.51435858823227,29
1.9621897432201747,2.123539576180275,38,NMC,1,overnight,2,0.5036590110452724,85.99551659109221,0.419828615087798,Moderate,3.902094214056498,24.59,66.46344669224814,300,86.64847209457623,28
1.4754885295204052,1.8129572146630053,20,NMC,1,normal,1,0.4297071106435984,77.58388174256822,0.3670370292151025,Moderate,3.937405458853964,28.45,61.466696665108,268,82.9445955336641,14
0.7993136763937176,0.7561914927324,27,LFP,0,normal,1,0.5574989207164434,95.32268851602149,0.4649896332239557,Warning,3.8699798927888462,28.9,70.1012784267867,290,80.76142347291264,7
1.5203423636469369,1.1765350119889968,41,LFP,0,normal,1,1.0,104.4759084867495,0.6943994078221739,Warning,3.741048183026501,25.65,100.0,300,77.09158611444931,11
0.6082976134687638,2.3561672806520995,54,LFP,0,normal,1,1.0,110.94882525417064,0.7079925330337583,Critical,3.728102349491659,30.12,100.0,300,92.20406188584408,37
0.545978753308709,0.949231223687704,20,NMC,1,fast,0,0.4265158232149981,81.10396431879296,0.3729133410965894,Moderate,3.9311631155586646,39.17,61.25106913614852,231,90.08359003276068,15
0.8865243327668205,1.2443340476750266,44,NMC,1,overnight,2,0.3780942438246734,72.336416848825,0.3315012411992523,Moderate,3.960803605346182,18.98,57.979340798964415,300,80.3413858080178,21
1.1939344351089745,1.364153765888392,19,LFP,0,overnight,2,0.4741806131626605,88.57306058025067,0.4112392184707901,Moderate,3.904308725548834,20.98,64.47166305153112,238,83.77966236205229,9
1.8024087581125707,1.3788099793889044,20,NMC,1,fast,0,0.8409144011265521,93.63053950304628,0.5960584734915095,Warning,3.8025103207122695,35.46,89.25097304909136,270,95.84384360334946,8
1.590753604649462,1.725879164989051,35,NMC,1,fast,0,0.7288817033468787,99.43605476204182,0.5550345240900553,Warning,3.8189074646391967,36.57,81.6811961720864,300,97.36644119259448,26
1.6140597817999716,2.3861516754894154,47,LFP,0,overnight,2,0.984838056929514,100.8899409162967,0.6796669529657422,Warning,3.752010603935029,20.32,98.97554438712932,300,99.11594966215746,28
1.138240001672113,0.98138542366501,2,LFP,0,normal,1,0.8474858117378332,92.23936185590534,0.596258420472872,Warning,3.803649823353731,19.5,89.69498727958333,69,77.46373671054046,1
1.0189024888204443,0.7430027526018361,30,LFP,0,normal,1,0.7177935965338053,86.00024502117965,0.5215524728980347,Warning,3.848551110824189,32.08,80.93199976579766,300,89.02898048258034,11
1.056558144476904,0.8949409797198746,53,NMC,1,overnight,2,0.5874535992670292,98.17311377768922,0.4852039985849862,Warning,3.856790372627864,24.28,72.12524319371819,300,80.38809361898603,39
1.9814743456040864,2.273849800418539,34,LFP,0,normal,1,0.714492863296683,93.59292515496864,0.5359292528913586,Warning,3.834190933865892,22.77,80.70897724977588,300,92.46702930966141,7
0.5601637871187237,1.791621625310412,22,LFP,0,fast,0,0.7633104947222196,98.33077525980065,0.5690671130386358,Warning,3.812510825799844,33.78,84.00746585960943,239,99.61384728448664,9
1.8005472441836727,1.0718135784783205,3,LFP,0,normal,1,0.9128876837127634,91.36614716082644,0.6254905588012982,Warning,3.789045784750156,32.7,94.11403268329482,125,80.20736738881673,2
1.3680131128585902,2.1318938779372347,6,NMC,1,normal,1,0.543562955806099,81.84940705598767,0.4300761588254712,Moderate,3.9004104469365,32.34,69.15965917608777,138,100.0,2
1.1579231287843856,2.222739992726872,15,LFP,0,normal,1,0.7685058774675856,90.9285838964338,0.5559903179796142,Warning,3.826016362840236,30.82,84.35850523429633,217,93.72689982708229,4
1.5878864906227048,2.193028677380556,27,NMC,1,overnight,2,0.6973958874773075,95.89081434161068,0.5326337566691035,Warning,3.833869399447452,21.47,79.55377618089915,300,84.07474691605896,19
1.2300034121370542,2.337853067279109,10,LFP,0,fast,0,0.4564178444372875,73.27709460723011,0.3706803747828948,Moderate,3.939341349676218,35.17,63.27147597549239,158,100.0,7
